day,symbol,side,family,score,signal_ms,fill_ms,exit_ms,latency_ms,duration_s,entry,initial_stop,final_stop,exit_price,stop_pips,volume,gbp_per_pip,gross_pips,commission_gbp,net_money,net_pips,r_multiple,mfe_pips,mae_pips,capture,exit_reason,exit_state,stop_moves,entry_slip_pips,spread_pips_at_fill,cost_ratio,entry_reason
2026-09-25,USDJPY,SHORT,breakout,62.1,1790295677000,1790295677657,1790295704987,657,27.3,158.724,158.741,158.741,158.743,1.7,0.21,1.0046,-1.9,1.1129,-3.0216,-3.008,-1.118,0.0,1.7,,STOP,INITIAL,0,0.1,0.2,0.2459,Fast clean downward momentum - breaking below its 20-minute range
2026-09-25,USDJPY,SHORT,breakout,64.8,1790301577000,1790301578051,1790301582259,1051,4.2,158.591,158.606,158.606,158.597,1.5,0.21,1.0046,-0.6,1.1129,-1.7156,-1.708,-0.4,0.0,0.8,,THESIS_DEAD,THESIS_DEAD,0,-0.2,0.1,0.2484,Fast clean downward momentum - breaking below its 20-minute range
2026-09-25,USDJPY,SHORT,velocity_burst,76.6,1790301960000,1790301960356,1790301992325,356,32.0,158.487,158.529,158.474,158.436,4.2,0.21,1.0046,5.1,1.1129,4.0107,3.992,1.214,9.4,2.2,0.543,PROTECT_LEVEL,PROFIT_RATCHET,2,0.1,0.1,0.1531,Very fast clean downward momentum - broad move: US dollar falling and yen rising across the board
2026-09-25,GBPJPY,SHORT,breakout,76.7,1790301981000,1790301981267,1790301989310,267,8.0,209.417,209.446,209.404,209.393,2.9,0.21,1.0046,2.4,1.1129,1.2982,1.292,0.828,6.8,1.3,0.353,PROTECT_LEVEL,PROFIT_RATCHET,1,-0.0,0.8,0.2355,Very fast clean downward momentum - breaking below its 20-minute range
2026-09-25,EURJPY,SHORT,velocity_burst,73.2,1790301987000,1790301987301,1790302018859,301,31.6,180.216,180.285,180.285,180.279,6.9,0.21,1.0046,-6.3,1.1129,-7.442,-7.408,-0.913,0.0,6.8,,THESIS_DEAD,THESIS_DEAD,0,-0.5,1.2,0.2407,Very fast clean downward momentum
2026-09-25,USDJPY,SHORT,velocity_burst,61.7,1790302059000,1790302059306,1790302083490,306,24.2,158.388,158.418,158.353,158.356,3.0,0.21,1.0046,3.2,1.1129,2.1019,2.092,1.067,5.6,0.7,0.571,STOP,SWING_TRAIL,3,1.1,0.0,0.1709,Very fast downward momentum - broad move: US dollar falling and yen rising across the board
2026-09-25,GBPJPY,SHORT,velocity_burst,62.2,1790302059000,1790302059307,1790302083490,307,24.2,209.361,209.4,209.322,209.326,3.9,0.21,1.0046,3.5,1.1129,2.4033,2.392,0.897,6.2,1.4,0.565,STOP,SWING_TRAIL,3,0.4,0.5,0.1964,Very fast downward momentum
2026-09-25,GBPJPY,SHORT,sweep,70.7,1790305510000,1790305510630,1790305573563,630,62.9,209.286,209.311,209.273,209.27,2.5,0.21,1.0046,1.6,1.1129,0.4945,0.492,0.64,2.8,1.6,0.571,PROTECT_LEVEL,COSTS_COVERED,2,0.4,0.8,0.2058,Very fast clean downward momentum - swept the highs and snapped back below
2026-09-25,EURJPY,SHORT,breakout,63.0,1790305534000,1790305534797,1790305628424,797,93.6,180.099,180.122,180.122,180.118,2.3,0.21,1.0046,-1.9,1.1129,-3.0216,-3.008,-0.826,0.6,1.8,-3.167,THESIS_DEAD,THESIS_DEAD,0,0.2,0.8,0.2403,Fast clean downward momentum - breaking below its 20-minute range
2026-09-25,EURJPY,SHORT,sweep,61.1,1790307841000,1790307841546,1790307905405,546,63.9,180.085,180.114,180.114,180.109,2.9,0.21,1.0046,-2.4,1.1129,-3.524,-3.508,-0.828,0.2,2.3,-12.0,THESIS_DEAD,THESIS_DEAD,0,0.2,0.6,0.2139,Very fast downward momentum - swept the highs and snapped back below
2026-09-25,GBPJPY,SHORT,squeeze_release,61.7,1790307973000,1790307973861,1790308094343,861,120.5,209.248,209.276,209.232,209.223,2.8,0.21,1.0046,2.5,1.1129,1.3987,1.392,0.893,3.5,1.2,0.714,PROTECT_LEVEL,PROFIT_RATCHET,2,0.2,0.7,0.239,Fast downward momentum - squeeze releasing downward
2026-09-25,GBPJPY,SHORT,squeeze_release,60.3,1790308161000,1790308161643,1790308274758,643,113.1,209.198,209.229,209.229,209.221,3.1,0.21,1.0046,-2.3,1.1129,-3.4235,-3.408,-0.742,1.1,2.2,-2.091,THESIS_DEAD,THESIS_DEAD,0,0.2,1.0,0.239,Fast downward momentum - squeeze releasing downward
2026-09-25,USDJPY,SHORT,breakout,72.7,1790308458000,1790308459097,1790308468337,1097,9.2,158.333,158.37,158.37,158.345,3.7,0.21,1.0046,-1.2,1.1129,-2.3184,-2.308,-0.324,0.0,1.1,,THESIS_DEAD,THESIS_DEAD,0,-0.3,0.2,0.2063,Very fast clean downward momentum - breaking below its 20-minute range
2026-09-25,USDJPY,SHORT,breakout,63.8,1790308579000,1790308579293,1790308641812,293,62.5,158.324,158.356,158.344,158.346,3.2,0.21,1.0046,-2.2,1.1129,-3.323,-3.308,-0.688,1.5,2.0,-1.467,STOP,PROVING,1,0.3,0.2,0.2059,Fast downward momentum - breaking below its 20-minute range
2026-09-25,GBPJPY,SHORT,breakout,61.9,1790308583000,1790308583515,1790308647857,515,64.3,209.171,209.221,209.221,209.209,5.0,0.21,1.0046,-3.8,1.1129,-4.9304,-4.908,-0.76,0.0,3.6,,THESIS_DEAD,THESIS_DEAD,0,0.3,0.8,0.2438,Very fast downward momentum - breaking below its 20-minute range
2026-09-25,USDJPY,SHORT,squeeze_release,75.2,1790309372000,1790309372340,1790309459353,340,87.0,158.303,158.342,158.342,158.322,3.9,0.21,1.0046,-1.9,1.1129,-3.0216,-3.008,-0.487,0.3,1.9,-6.333,THESIS_DEAD,THESIS_DEAD,0,0.3,0.2,0.2119,Very fast clean downward momentum - squeeze releasing downward
2026-09-25,GBPJPY,SHORT,squeeze_release,60.5,1790309379000,1790309379386,1790309406144,386,26.8,209.164,209.183,209.183,209.186,1.9,0.21,1.0046,-2.2,1.1129,-3.323,-3.308,-1.158,0.0,2.0,,STOP,THESIS_DEAD,0,0.1,0.5,0.2308,Very fast clean downward momentum - squeeze releasing downward
2026-09-25,USDJPY,SHORT,squeeze_release,62.2,1790309528000,1790309528875,1790309550759,875,21.9,158.29,158.316,158.316,158.315,2.6,0.21,1.0046,-2.5,1.1129,-3.6244,-3.608,-0.962,0.8,2.3,-3.125,THESIS_DEAD,THESIS_DEAD,0,0.1,0.1,0.2113,Fast clean downward momentum - squeeze releasing downward
2026-09-25,USDJPY,SHORT,sweep,79.0,1790312943000,1790312943547,1790313026569,547,83.0,158.275,158.336,158.262,158.24,6.1,0.21,1.0046,3.5,1.1129,2.4033,2.392,0.574,5.2,0.7,0.673,PROTECT_LEVEL,SWING_TRAIL,2,0.2,0.2,0.2341,Very fast clean downward momentum - swept the highs and snapped back below
2026-09-25,GBPJPY,SHORT,breakout,60.8,1790313013000,1790313013293,1790313214900,293,201.6,209.129,209.164,209.116,209.112,3.5,0.21,1.0046,1.7,1.1129,0.595,0.592,0.486,3.4,1.3,0.5,PROTECT_LEVEL,SWING_TRAIL,2,-0.4,0.7,0.2441,Very fast clean downward momentum - breaking below its 20-minute range
2026-09-25,USDJPY,SHORT,breakout,63.6,1790313209000,1790313209264,1790313285087,264,75.8,158.215,158.256,158.174,158.177,4.1,0.21,1.0046,3.8,1.1129,2.7047,2.692,0.927,6.8,1.9,0.559,STOP,SWING_TRAIL,4,0.2,0.3,0.2252,Very fast downward momentum - breaking below its 20-minute range
2026-09-25,GBPJPY,SHORT,breakout,72.2,1790313276000,1790313276422,1790313363937,422,87.5,209.009,209.054,209.036,209.038,4.5,0.21,1.0046,-2.9,1.1129,-4.0263,-4.008,-0.644,3.0,2.9,-0.967,STOP,PROVING,1,-1.2,0.8,0.2113,Very fast clean downward momentum - breaking below its 20-minute range
2026-09-25,USDJPY,SHORT,breakout,72.5,1790316864000,1790316865083,1790316932502,1083,67.4,158.072,158.131,158.031,158.026,5.9,0.21,1.0046,4.6,1.1129,3.5084,3.492,0.78,8.3,1.6,0.554,PROTECT_LEVEL,EXHAUSTION,4,-0.0,0.2,0.2339,Very fast clean downward momentum - breaking below its 20-minute range
2026-09-25,GBPJPY,SHORT,sweep,68.6,1790316922000,1790316922628,1790316932507,628,9.9,208.96,209.005,209.005,209.002,4.5,0.21,1.0046,-4.2,1.1129,-5.3323,-5.308,-0.933,0.7,4.2,-6.0,THESIS_DEAD,THESIS_DEAD,0,-0.1,0.8,0.2025,Very fast clean downward momentum - swept the highs and snapped back below
2026-09-25,EURJPY,SHORT,sweep,68.3,1790316922000,1790316922636,1790316932101,636,9.5,179.841,179.879,179.879,179.881,3.8,0.21,1.0046,-4.0,1.1129,-5.1313,-5.108,-1.053,0.9,3.8,-4.444,STOP,THESIS_DEAD,0,-0.2,0.8,0.2377,Very fast clean downward momentum - swept the highs and snapped back below
2026-09-25,USDJPY,SHORT,first_retest,68.8,1790317250000,1790317250288,1790317330854,288,80.6,157.951,158.039,158.039,158.014,8.8,0.21,1.0046,-6.3,1.1129,-7.442,-7.408,-0.716,0.0,6.1,,THESIS_DEAD,THESIS_DEAD,0,1.2,0.1,0.1479,Very fast downward momentum - first retest of the low held and price is moving on
2026-09-25,GBPJPY,SHORT,breakout,63.2,1790317251000,1790317251307,1790317317005,307,65.7,208.934,209.017,209.017,208.994,8.3,0.21,1.0046,-6.0,1.1129,-7.1406,-7.108,-0.723,0.0,6.1,,THESIS_DEAD,THESIS_DEAD,0,0.2,0.9,0.1597,Very fast downward momentum - breaking below its 20-minute range
2026-09-25,EURUSD,SHORT,sweep,71.9,1790319776000,1790319776385,1790319934868,385,158.5,1.13812,1.13839,1.13839,1.13823,2.7,0.13,0.9842,-1.1,0.6889,-1.7715,-1.8,-0.407,1.0,1.0,-1.1,THESIS_DEAD,THESIS_DEAD,0,-0.0,0.0,0.2391,Very fast clean downward momentum - swept the highs and snapped back below
2026-09-25,GBPJPY,SHORT,session_breakout,62.4,1790319922000,1790319922829,1790320017835,829,95.0,208.896,208.951,208.951,208.939,5.5,0.21,1.0046,-4.3,1.1129,-5.4327,-5.408,-0.782,1.9,4.3,-2.263,THESIS_DEAD,THESIS_DEAD,0,0.4,0.6,0.1738,Fast clean downward momentum - breaking below the Asian session's low
2026-09-25,EURJPY,SHORT,first_retest,60.9,1790320356000,1790320356467,1790320409315,467,52.8,179.787,179.831,179.831,179.82,4.4,0.21,1.0046,-3.3,1.1129,-4.4281,-4.408,-0.75,1.0,3.3,-3.3,THESIS_DEAD,THESIS_DEAD,0,0.2,0.8,0.1813,Steady downward momentum - first retest of the low held and price is moving on
2026-09-25,EURJPY,LONG,opening_range,67.6,1790322933000,1790322933550,1790323084260,550,150.7,180.063,180.024,180.024,180.047,3.9,0.21,1.0046,-1.6,1.1129,-2.7203,-2.708,-0.41,1.1,2.5,-1.455,THESIS_DEAD,THESIS_DEAD,0,0.1,0.1,0.1937,Very fast upward momentum - breaking above the London 15-minute opening range
2026-09-25,GBPUSD,LONG,first_retest,60.0,1790323171000,1790323171624,1790323247602,624,76.0,1.32314,1.32298,1.32298,1.32296,1.6,0.13,0.9842,-1.8,0.6889,-2.4604,-2.5,-1.125,0.3,1.6,-6.0,STOP,INITIAL,0,0.1,0.1,0.2247,Fast clean upward momentum - first retest of the high held and price is moving on
2026-09-25,GBPUSD,LONG,breakout,62.1,1790323525000,1790323526120,1790323651119,1120,125.0,1.3234,1.32321,1.32349,1.32346,1.9,0.13,0.9842,0.6,0.6889,-0.0984,-0.1,0.316,1.9,0.9,0.316,STOP,COSTS_COVERED,2,0.2,0.2,0.2272,Fast clean upward momentum - breaking above its 20-minute range
2026-09-25,USDCHF,SHORT,opening_range,66.0,1790323699000,1790323699372,1790324020738,372,321.4,0.82883,0.82897,0.82851,0.82853,1.4,0.11,1.0012,3.0,0.5829,2.4208,2.418,2.143,4.2,0.8,0.714,STOP,SWING_TRAIL,8,-0.1,0.0,0.2352,Very fast clean downward momentum - breaking below the London 30-minute opening range
2026-09-25,EURJPY,LONG,breakout,64.0,1790324717000,1790324717458,1790324777567,458,60.1,180.294,180.251,180.251,180.26,4.3,0.21,1.0046,-3.4,1.1129,-4.5286,-4.508,-0.791,0.1,3.2,-34.0,THESIS_DEAD,THESIS_DEAD,0,0.4,0.5,0.1603,Fast clean upward momentum - breaking above its 20-minute range
2026-09-25,USDJPY,LONG,breakout,62.6,1790324717000,1790324717861,1790324789028,861,71.2,158.28,158.251,158.262,158.26,2.9,0.21,1.0046,-2.0,1.1129,-3.1221,-3.108,-0.69,1.4,1.8,-1.429,STOP,PROVING,1,0.3,0.1,0.157,Fast clean upward momentum - breaking above its 20-minute range
2026-09-25,USDJPY,LONG,first_retest,61.7,1790324897000,1790324897343,1790324965440,343,68.1,158.291,158.249,158.249,158.269,4.2,0.21,1.0046,-2.2,1.1129,-3.323,-3.308,-0.524,0.2,2.0,-11.0,THESIS_DEAD,THESIS_DEAD,0,0.3,0.1,0.157,Fast clean upward momentum - first retest of the high held and price is moving on
2026-09-25,USDCHF,SHORT,sweep,60.1,1790325958000,1790325959141,1790326097275,1141,138.1,0.82877,0.82891,0.82886,0.82888,1.4,0.11,1.0012,-1.1,0.5829,-1.6843,-1.682,-0.786,1.2,0.9,-0.917,STOP,PROVING,1,-0.0,0.1,0.246,Very fast clean downward momentum - swept the highs and snapped back below
2026-09-25,USDJPY,SHORT,opening_range,68.5,1790327377000,1790327377382,1790327413378,382,36.0,157.933,157.97,157.97,157.962,3.7,0.21,1.0046,-2.9,1.1129,-4.0263,-4.008,-0.784,0.4,2.7,-7.25,THESIS_DEAD,THESIS_DEAD,0,1.9,0.3,0.1767,Fast clean downward momentum - breaking below the London 5-minute opening range
2026-09-25,USDJPY,SHORT,opening_range,64.3,1790327461000,1790327461607,1790327614214,607,152.6,157.939,157.987,157.968,157.972,4.8,0.21,1.0046,-3.3,1.1129,-4.4281,-4.408,-0.688,3.2,3.1,-1.031,STOP,PROVING,1,0.4,0.2,0.1565,Fast ragged downward momentum - breaking below the London 5-minute opening range
2026-09-25,USDJPY,SHORT,opening_range,70.7,1790327922000,1790327923340,1790328049555,1340,126.2,157.698,158.019,158.019,157.931,32.1,0.21,1.0046,-23.3,1.1129,-24.5205,-24.408,-0.726,3.4,23.1,-6.853,THESIS_DEAD,THESIS_DEAD,0,20.8,0.3,0.1503,Very fast clean downward momentum - breaking below the London 15-minute opening range
2026-09-25,GBPJPY,SHORT,session_breakout,74.0,1790327924000,1790327924344,1790327948663,344,24.3,208.726,208.867,208.867,208.87,14.1,0.21,1.0046,-14.4,1.1129,-15.5794,-15.508,-1.021,1.6,14.2,-9.0,STOP,INITIAL,0,0.8,1.3,0.1128,Very fast clean downward momentum - breaking below yesterday's low
2026-09-25,EURJPY,SHORT,opening_range,74.2,1790327926000,1790327926816,1790327949149,816,22.3,179.673,179.799,179.799,179.802,12.6,0.21,1.0046,-12.9,1.1129,-14.0725,-14.008,-1.024,1.9,12.7,-6.789,STOP,INITIAL,0,1.6,1.1,0.1402,Very fast clean downward momentum - breaking below the London 15-minute opening range
2026-09-25,GBPUSD,LONG,breakout,60.0,1790330292000,1790330292638,1790330299497,638,6.9,1.3242,1.32414,1.32414,1.32412,0.6,0.13,0.9842,-0.8,0.6889,-1.4762,-1.5,-1.333,0.3,0.6,-2.667,STOP,INITIAL,0,-0.5,0.2,0.2074,Very fast upward momentum - breaking above its 20-minute range
2026-09-25,USDJPY,SHORT,breakout,65.9,1790331378000,1790331378252,1790331493418,252,115.2,157.8,157.9,157.9,157.829,10.0,0.21,1.0046,-2.9,1.1129,-4.0263,-4.008,-0.29,0.5,2.7,-5.8,THESIS_DEAD,THESIS_DEAD,0,-0.3,0.2,0.1265,Very fast clean downward momentum - breaking below its 20-minute range
2026-09-25,USDJPY,SHORT,squeeze_release,61.5,1790332460000,1790332460478,1790332611358,478,150.9,157.768,157.821,157.821,157.784,5.3,0.21,1.0046,-1.6,1.1129,-2.7203,-2.708,-0.302,1.4,1.5,-1.143,THESIS_DEAD,THESIS_DEAD,0,1.7,0.2,0.1388,Steady clean downward momentum - squeeze releasing downward
2026-09-25,USDJPY,SHORT,session_breakout,62.4,1790333029000,1790333029268,1790333119571,268,90.3,157.737,157.777,157.777,157.767,4.0,0.21,1.0046,-3.0,1.1129,-4.1267,-4.108,-0.75,0.4,3.0,-7.5,THESIS_DEAD,THESIS_DEAD,0,-0.0,0.2,0.2277,Very fast clean downward momentum - breaking below yesterday's low
2026-09-25,EURJPY,SHORT,breakout,62.7,1790333029000,1790333029271,1790333080341,271,51.1,179.758,179.802,179.802,179.801,4.4,0.21,1.0046,-4.3,1.1129,-5.4327,-5.408,-0.977,0.6,4.2,-7.167,THESIS_DEAD,THESIS_DEAD,0,0.1,0.4,0.1614,Very fast clean downward momentum - breaking below its 20-minute range
2026-09-25,GBPUSD,LONG,first_retest,61.7,1790334410000,1790334410357,1790334599749,357,189.4,1.32509,1.32492,1.32537,1.32533,1.7,0.13,0.9842,2.4,0.6889,1.6731,1.7,1.412,3.5,0.3,0.686,STOP,SWING_TRAIL,6,0.1,0.1,0.2453,Fast ragged upward momentum - first retest of the high held and price is moving on
2026-09-25,EURUSD,LONG,breakout,61.1,1790334414000,1790334414260,1790334509677,260,95.4,1.14045,1.14031,1.14055,1.14059,1.4,0.13,0.9842,1.4,0.6889,0.6889,0.7,1.0,2.0,0.3,0.7,PROTECT_LEVEL,EXHAUSTION,2,0.1,0.1,0.2451,Steady clean upward momentum - breaking above its 20-minute range
2026-09-25,USDJPY,SHORT,sweep,62.6,1790334425000,1790334425303,1790334434951,303,9.6,157.659,157.71,157.71,157.684,5.1,0.21,1.0046,-2.5,1.1129,-3.6244,-3.608,-0.49,0.0,2.3,,THESIS_DEAD,THESIS_DEAD,0,-0.2,0.1,0.114,Fast clean downward momentum - swept the highs and snapped back below
2026-09-25,USDJPY,SHORT,sweep,62.5,1790334455000,1790334455435,1790334472714,435,17.3,157.647,157.694,157.694,157.676,4.7,0.21,1.0046,-2.9,1.1129,-4.0263,-4.008,-0.617,0.0,3.5,,THESIS_DEAD,THESIS_DEAD,0,0.1,0.1,0.114,Fast downward momentum - swept the highs and snapped back below
2026-09-25,USDJPY,SHORT,breakout,62.0,1790334525000,1790334525350,1790334646707,350,121.4,157.619,157.683,157.683,157.667,6.4,0.21,1.0046,-4.8,1.1129,-5.935,-5.908,-0.75,1.8,4.7,-2.667,THESIS_DEAD,THESIS_DEAD,0,0.3,0.2,0.1464,Fast downward momentum - breaking below its 20-minute range
2026-09-25,EURUSD,LONG,breakout,61.4,1790334584000,1790334584420,1790334601306,420,16.9,1.1409,1.14072,1.14072,1.14071,1.8,0.13,0.9842,-1.9,0.6889,-2.5588,-2.6,-1.056,0.0,1.7,,THESIS_DEAD,THESIS_DEAD,0,0.6,0.1,0.2451,Fast clean upward momentum - breaking above its 20-minute range
2026-09-25,GBPUSD,LONG,breakout,61.6,1790334991000,1790334991388,1790335018328,388,26.9,1.32569,1.3254,1.3254,1.32545,2.9,0.13,0.9842,-2.4,0.6889,-3.0509,-3.1,-0.828,0.0,2.2,,THESIS_DEAD,THESIS_DEAD,0,0.4,0.1,0.2255,Very fast clean upward momentum - breaking above its 20-minute range
2026-09-25,GBPUSD,LONG,session_breakout,72.4,1790335280000,1790335284778,1790335347677,4778,62.9,1.32582,1.32554,1.32554,1.32558,2.8,0.13,0.9842,-2.4,0.6889,-3.0509,-3.1,-0.857,0.0,2.2,,THESIS_DEAD,THESIS_DEAD,0,0.4,0.4,0.2257,Very fast clean upward momentum - breaking above yesterday's high
2026-09-25,GBPUSD,LONG,sweep,70.6,1790336154000,1790336154291,1790336159309,291,5.0,1.3258,1.32557,1.32557,1.32561,2.3,0.13,0.9842,-1.9,0.6889,-2.5588,-2.6,-0.826,0.2,2.0,-9.5,THESIS_DEAD,THESIS_DEAD,0,-1.0,0.4,0.2325,Very fast clean upward momentum - swept the lows and snapped back above
2026-09-25,EURJPY,SHORT,squeeze_release,63.3,1790336822000,1790336822669,1790337218542,669,395.9,179.722,179.762,179.671,179.662,4.0,0.21,1.0046,6.0,1.1129,4.9149,4.892,1.5,7.6,2.2,0.789,PROTECT_LEVEL,SWING_TRAIL,7,0.3,0.1,0.2088,Fast clean downward momentum - squeeze releasing downward
2026-09-25,EURJPY,SHORT,opening_range,61.3,1790341021000,1790341021350,1790341099709,350,78.4,179.606,179.678,179.678,179.664,7.2,0.21,1.0046,-5.8,1.1129,-6.9397,-6.908,-0.806,0.9,5.6,-6.444,THESIS_DEAD,THESIS_DEAD,0,-0.0,0.9,0.2361,Fast downward momentum - breaking below the New York 15-minute opening range
2026-09-25,USDJPY,SHORT,opening_range,61.1,1790341205000,1790341205263,1790341212293,263,7.0,157.468,157.529,157.455,157.45,6.1,0.21,1.0046,1.8,1.1129,0.6955,0.692,0.295,8.2,0.5,0.22,PROTECT_LEVEL,SWING_TRAIL,1,0.9,0.3,0.1095,Fast downward momentum - breaking below the New York 15-minute opening range
2026-09-25,GBPJPY,SHORT,opening_range,72.5,1790341207000,1790341207273,1790341228569,273,21.3,208.69,208.834,208.834,208.799,14.4,0.21,1.0046,-10.9,1.1129,-12.0632,-12.008,-0.757,0.5,11.3,-21.8,THESIS_DEAD,THESIS_DEAD,0,-2.0,0.7,0.138,Very fast clean downward momentum - breaking below the New York 15-minute opening range
2026-09-25,EURJPY,SHORT,session_breakout,77.7,1790341207000,1790341207992,1790341228289,992,20.3,179.493,179.603,179.603,179.582,11.0,0.21,1.0046,-8.9,1.1129,-10.054,-10.008,-0.809,1.6,8.8,-5.563,THESIS_DEAD,THESIS_DEAD,0,-3.3,0.9,0.1425,Very fast clean downward momentum - breaking below yesterday's low
2026-09-25,EURJPY,SHORT,first_retest,64.6,1790341356000,1790341356307,1790341389285,307,33.0,179.495,179.539,179.482,179.458,4.4,0.21,1.0046,3.7,1.1129,2.6042,2.592,0.841,5.4,1.1,0.685,PROTECT_LEVEL,PROFIT_RATCHET,2,-0.1,0.9,0.1358,Steady clean downward momentum - first retest of the low held and price is moving on
2026-09-25,GBPJPY,SHORT,opening_range,60.7,1790341358000,1790341358555,1790341400160,555,41.6,208.696,208.761,208.675,208.678,6.5,0.21,1.0046,1.8,1.1129,0.6955,0.692,0.277,6.2,1.6,0.29,STOP,SWING_TRAIL,2,0.2,0.6,0.1142,Steady clean downward momentum - breaking below the New York 15-minute opening range
2026-09-25,USDJPY,SHORT,first_retest,61.2,1790341360000,1790341360373,1790341400364,373,40.0,157.44,157.491,157.427,157.436,5.1,0.21,1.0046,0.4,1.1129,-0.711,-0.708,0.078,4.4,1.4,0.091,STOP,COSTS_COVERED,1,0.5,0.2,0.0938,Steady clean downward momentum - first retest of the low held and price is moving on
2026-09-25,GBPUSD,LONG,opening_range,60.8,1790341588000,1790341588446,1790341714507,446,126.1,1.32599,1.32575,1.32621,1.32619,2.4,0.13,0.9842,2.0,0.6889,1.2794,1.3,0.833,3.7,1.1,0.541,STOP,PROFIT_RATCHET,4,0.2,0.2,0.2002,Fast clean upward momentum - breaking above the New York 30-minute opening range
2026-09-25,EURJPY,SHORT,session_breakout,63.9,1790342253000,1790342253382,1790342274289,382,20.9,179.378,179.435,179.435,179.423,5.7,0.21,1.0046,-4.5,1.1129,-5.6337,-5.608,-0.789,0.0,4.3,,THESIS_DEAD,THESIS_DEAD,0,0.3,0.3,0.1141,Fast clean downward momentum - breaking below yesterday's low
2026-09-25,EURJPY,SHORT,breakout,69.5,1790342376000,1790342376533,1790342454268,533,77.7,179.337,179.412,179.324,179.222,7.5,0.21,1.0046,11.5,1.1129,10.4403,10.392,1.533,15.6,3.1,0.737,PROTECT_LEVEL,PROFIT_RATCHET,2,0.3,0.3,0.1081,Fast clean downward momentum - breaking below its 20-minute range
2026-09-25,GBPJPY,SHORT,first_retest,61.0,1790342376000,1790342376580,1790342462759,580,86.2,208.452,208.569,208.396,208.399,11.7,0.21,1.0046,5.3,1.1129,4.2116,4.192,0.453,11.9,7.7,0.445,STOP,SWING_TRAIL,2,3.1,1.0,0.1146,Fast downward momentum - first retest of the low held and price is moving on
2026-09-25,USDJPY,SHORT,breakout,66.4,1790342377000,1790342377383,1790342460741,383,83.4,157.261,157.348,157.201,157.214,8.7,0.21,1.0046,4.7,1.1129,3.6089,3.592,0.54,11.0,4.1,0.427,STOP,PROFIT_RATCHET,3,-0.8,0.1,0.1003,Very fast clean downward momentum - breaking below its 20-minute range
2026-09-25,EURJPY,SHORT,velocity_burst,61.4,1790342476000,1790342476383,1790342480392,383,4.0,179.198,179.249,179.249,179.237,5.1,0.21,1.0046,-3.9,1.1129,-5.0309,-5.008,-0.765,0.0,4.0,,THESIS_DEAD,THESIS_DEAD,0,0.2,0.9,0.1249,Very fast clean downward momentum - broad move: euro falling and yen rising across the board
2026-09-25,USDJPY,SHORT,first_retest,60.9,1790342579000,1790342579315,1790342678351,315,99.0,157.145,157.208,157.101,157.064,6.3,0.21,1.0046,8.1,1.1129,7.0246,6.992,1.286,13.3,1.8,0.609,PROTECT_LEVEL,PROFIT_RATCHET,2,-0.3,0.2,0.1194,Fast downward momentum - first retest of the low held and price is moving on
2026-09-25,EURJPY,SHORT,breakout,61.1,1790342588000,1790342588561,1790342677448,561,88.9,179.144,179.202,179.071,179.035,5.8,0.21,1.0046,10.9,1.1129,9.8375,9.792,1.879,18.4,3.0,0.592,PROTECT_LEVEL,PROFIT_RATCHET,2,-0.2,0.9,0.1644,Fast downward momentum - breaking below its 20-minute range
2026-09-25,GBPJPY,SHORT,breakout,67.6,1790342673000,1790342673317,1790342832438,317,159.1,208.122,208.315,208.315,208.132,19.3,0.21,1.0046,-1.0,1.1129,-2.1175,-2.108,-0.052,5.2,10.2,-0.192,THESIS_DEAD,THESIS_DEAD,0,3.8,0.7,0.1407,Very fast downward momentum - breaking below its 20-minute range
2026-09-25,USDJPY,SHORT,breakout,62.0,1790344007000,1790344007526,1790344033427,526,25.9,156.944,157.067,157.067,157.032,12.3,0.21,1.0046,-8.8,1.1129,-9.9535,-9.908,-0.715,0.4,9.4,-22.0,THESIS_DEAD,THESIS_DEAD,0,1.3,0.1,0.0829,Very fast ragged downward momentum - breaking below its 20-minute range
2026-09-25,USDJPY,LONG,breakout,60.6,1790345115000,1790345115347,1790345241781,347,126.4,157.194,157.095,157.248,157.244,9.9,0.21,1.0046,5.0,1.1129,3.9102,3.892,0.505,8.8,0.4,0.568,STOP,SWING_TRAIL,4,0.4,0.1,0.0868,Fast upward momentum - breaking above its 20-minute range
2026-09-25,GBPUSD,SHORT,first_retest,72.2,1790345115000,1790345115348,1790345260443,348,145.1,1.32431,1.32455,1.32446,1.32448,2.4,0.13,0.9842,-1.7,0.6889,-2.362,-2.4,-0.708,1.8,1.5,-0.944,STOP,PROVING,1,0.1,0.1,0.1685,Fast clean downward momentum - first retest of the low held and price is moving on
2026-09-25,AUDUSD,SHORT,breakout,70.2,1790345119000,1790345119959,1790345335742,959,215.8,0.70187,0.70206,0.70199,0.70202,1.9,0.13,0.9842,-1.5,0.6889,-2.1652,-2.2,-0.789,1.1,1.3,-1.364,STOP,PROVING,1,0.1,0.0,0.2499,Very fast clean downward momentum - breaking below its 20-minute range
2026-09-25,EURJPY,LONG,squeeze_release,61.9,1790345128000,1790345128394,1790345284938,394,156.5,179.227,179.101,179.101,179.223,12.6,0.21,1.0046,-0.4,1.1129,-1.5147,-1.508,-0.032,2.6,2.1,-0.154,THESIS_DEAD,THESIS_DEAD,0,1.4,0.2,0.0888,Fast upward momentum - squeeze releasing upward
2026-09-25,GBPUSD,SHORT,sweep,74.1,1790348594000,1790348594368,1790348875147,368,280.8,1.32393,1.32427,1.3236,1.32364,3.4,0.13,0.9842,2.9,0.6889,2.1652,2.2,0.853,4.3,1.1,0.674,STOP,SWING_TRAIL,6,-0.1,0.4,0.1938,Very fast clean downward momentum - swept the highs and snapped back below
2026-09-25,EURUSD,SHORT,sweep,60.4,1790350683000,1790350684103,1790350890456,1103,206.4,1.1394,1.13958,1.13917,1.13917,1.8,0.13,0.9842,2.3,0.6889,1.5747,1.6,1.278,3.0,0.7,0.767,PROTECT_LEVEL,MOMENTUM_DECAY,4,0.2,0.0,0.2135,Fast downward momentum - swept the highs and snapped back below
2026-09-25,USDJPY,SHORT,sweep,70.1,1790351927000,1790351927391,1790352016823,391,89.4,157.244,157.268,157.18,157.183,2.4,0.21,1.0046,6.1,1.1129,5.0153,4.992,2.542,8.7,0.8,0.701,STOP,PROFIT_RATCHET,7,-0.3,0.2,0.1604,Very fast clean downward momentum - swept the highs and snapped back below
2026-09-25,USDJPY,SHORT,sweep,71.5,1790352037000,1790352037293,1790352090483,293,53.2,157.127,157.166,157.066,157.053,3.9,0.21,1.0046,7.4,1.1129,6.3213,6.292,1.897,10.0,1.8,0.74,PROTECT_LEVEL,PROFIT_RATCHET,5,-0.2,0.2,0.1355,Very fast clean downward momentum - swept the highs and snapped back below
2026-09-25,AUDUSD,LONG,breakout,71.0,1790352073000,1790352073428,1790352195304,428,121.9,0.70371,0.7035,0.7038,0.70381,2.1,0.13,0.9842,1.0,0.6889,0.2952,0.3,0.476,2.0,1.3,0.5,PROTECT_LEVEL,EXHAUSTION,2,0.7,0.1,0.2297,Very fast clean upward momentum - breaking above its 20-minute range
2026-09-25,EURJPY,SHORT,squeeze_release,61.3,1790352077000,1790352077458,1790352226642,458,149.2,179.112,179.145,179.145,179.136,3.3,0.21,1.0046,-2.4,1.1129,-3.524,-3.508,-0.727,1.8,2.4,-1.333,THESIS_DEAD,THESIS_DEAD,0,-0.0,1.1,0.2219,Fast downward momentum - squeeze releasing downward
2026-09-25,USDCHF,SHORT,sweep,72.9,1790352085000,1790352085260,1790352099314,260,14.1,0.82752,0.82772,0.82772,0.82772,2.0,0.11,1.0012,-2.0,0.5829,-2.5854,-2.582,-1.0,0.0,1.9,,THESIS_DEAD,THESIS_DEAD,0,0.3,0.0,0.171,Very fast clean downward momentum - swept the highs and snapped back below
2026-09-25,USDCHF,SHORT,sweep,61.6,1790352127000,1790352127429,1790352251350,429,123.9,0.82747,0.82772,0.82726,0.82725,2.5,0.11,1.0012,2.2,0.5829,1.6198,1.618,0.88,3.6,0.6,0.611,PROTECT_LEVEL,EXHAUSTION,4,0.3,0.0,0.171,Fast downward momentum - swept the highs and snapped back below
2026-09-25,AUDUSD,LONG,session_breakout,60.8,1790352217000,1790352217999,1790352258374,999,40.4,0.70399,0.70377,0.70385,0.70383,2.2,0.13,0.9842,-1.6,0.6889,-2.2636,-2.3,-0.727,1.3,1.4,-1.231,STOP,PROVING,1,0.1,0.0,0.2182,Steady upward momentum - breaking above the London session's high
2026-09-25,EURUSD,LONG,sweep,77.5,1790352222000,1790352222413,1790352260583,413,38.2,1.14108,1.14067,1.14067,1.14075,4.1,0.13,0.9842,-3.3,0.6889,-3.9367,-4.0,-0.805,0.4,3.1,-8.25,THESIS_DEAD,THESIS_DEAD,0,0.5,0.0,0.1656,Very fast clean upward momentum - swept the lows and snapped back above
2026-09-25,AUDUSD,LONG,session_breakout,62.0,1790352302000,1790352302319,1790352305525,319,3.2,0.70401,0.70387,0.70387,0.70385,1.4,0.13,0.9842,-1.6,0.6889,-2.2636,-2.3,-1.143,0.0,1.4,,STOP,THESIS_DEAD,0,0.1,0.1,0.2095,Steady ragged upward momentum - breaking above the London session's high
2026-09-25,USDCHF,SHORT,session_breakout,60.2,1790352302000,1790352302319,1790352305729,319,3.4,0.82726,0.82743,0.82743,0.82742,1.7,0.11,1.0012,-1.6,0.5829,-2.1849,-2.182,-0.941,0.0,1.5,,THESIS_DEAD,THESIS_DEAD,0,-0.0,0.1,0.1462,Steady ragged downward momentum - breaking below the London session's low
2026-09-25,AUDUSD,LONG,session_breakout,67.8,1790352336000,1790352336641,1790352346294,641,9.7,0.7041,0.70388,0.70388,0.70395,2.2,0.13,0.9842,-1.5,0.6889,-2.1652,-2.2,-0.682,0.0,1.6,,THESIS_DEAD,THESIS_DEAD,0,0.3,0.1,0.2418,Fast upward momentum - breaking above the London session's high
2026-09-25,USDJPY,LONG,first_retest,60.9,1790356452000,1790356452260,1790356655768,260,203.5,157.311,157.282,157.293,157.291,2.9,0.21,1.0046,-2.0,1.1129,-3.1221,-3.108,-0.69,2.5,1.8,-0.8,STOP,PROVING,1,0.0,0.2,0.1339,Steady clean upward momentum - first retest of the high held and price is moving on
2026-09-25,EURJPY,LONG,breakout,60.7,1790356452000,1790356452261,1790356624807,261,172.5,179.183,179.157,179.157,179.161,2.6,0.21,1.0046,-2.2,1.1129,-3.323,-3.308,-0.846,0.9,2.1,-2.444,THESIS_DEAD,THESIS_DEAD,0,0.0,0.1,0.1505,Steady clean upward momentum - breaking above its 20-minute range
2026-09-25,USDJPY,LONG,sweep,60.4,1790357664000,1790357667597,1790357875114,3597,207.5,157.336,157.31,157.357,157.358,2.6,0.21,1.0046,2.2,1.1129,1.0973,1.092,0.846,3.7,1.1,0.595,PROTECT_LEVEL,MOMENTUM_DECAY,3,-0.1,0.2,0.15,Very fast clean upward momentum - swept the lows and snapped back above
2026-09-28,EURJPY,LONG,sweep,73.4,1790553684000,1790553684306,1790553701997,306,17.7,179.325,179.261,179.261,179.276,6.4,0.21,1.0046,-4.9,1.1129,-6.0355,-6.008,-0.766,0.0,4.8,,THESIS_DEAD,THESIS_DEAD,0,0.1,1.2,0.2107,Very fast clean upward momentum - swept the lows and snapped back above
2026-09-28,GBPUSD,LONG,breakout,75.1,1790553743000,1790553745842,1790553903961,2842,158.1,1.3233,1.32303,1.32303,1.32324,2.7,0.13,0.9842,-0.6,0.6889,-1.2794,-1.3,-0.222,0.6,1.2,-1.0,THESIS_DEAD,THESIS_DEAD,0,0.4,0.3,0.2474,Very fast clean upward momentum - breaking above its 20-minute range
2026-09-28,GBPJPY,LONG,breakout,62.2,1790554623000,1790554623590,1790554721406,590,97.8,208.632,208.566,208.709,208.721,6.6,0.21,1.0046,8.9,1.1129,7.8283,7.792,1.348,9.9,1.8,0.899,PROTECT_LEVEL,SWING_TRAIL,4,0.2,0.7,0.1582,Very fast upward momentum - breaking above its 20-minute range
2026-09-28,USDJPY,LONG,breakout,62.0,1790554639000,1790554640451,1790554783295,1451,142.8,157.681,157.646,157.752,157.752,3.5,0.21,1.0046,7.1,1.1129,6.02,5.992,2.029,9.7,1.0,0.732,PROTECT_LEVEL,PROFIT_RATCHET,11,0.1,0.1,0.1384,Fast clean upward momentum - breaking above its 20-minute range
2026-09-28,EURJPY,LONG,breakout,68.1,1790554716000,1790554716581,1790555006466,581,289.9,179.513,179.473,179.526,179.52,4.0,0.21,1.0046,0.7,1.1129,-0.4096,-0.408,0.175,4.0,1.8,0.175,STOP,MOMENTUM_DECAY,2,0.1,0.9,0.2055,Very fast clean upward momentum - breaking above its 20-minute range
2026-09-28,GBPJPY,LONG,breakout,62.2,1790554744000,1790554744316,1790554873480,316,129.2,208.763,208.718,208.718,208.729,4.5,0.21,1.0046,-3.4,1.1129,-4.5286,-4.508,-0.756,0.2,3.3,-17.0,THESIS_DEAD,THESIS_DEAD,0,0.3,1.0,0.1631,Fast clean upward momentum - breaking above its 20-minute range
2026-09-28,GBPJPY,LONG,sweep,65.9,1790556341000,1790556341307,1790556349352,307,8.0,208.79,208.744,208.744,208.76,4.6,0.21,1.0046,-3.0,1.1129,-4.1267,-4.108,-0.652,0.0,4.1,,THESIS_DEAD,THESIS_DEAD,0,-0.2,1.0,0.1991,Very fast upward momentum - swept the lows and snapped back above
2026-09-28,GBPJPY,LONG,breakout,61.4,1790556883000,1790556883317,1790556901416,317,18.1,208.826,208.757,208.757,208.786,6.9,0.21,1.0046,-4.0,1.1129,-5.1313,-5.108,-0.58,0.3,5.0,-13.333,THESIS_DEAD,THESIS_DEAD,0,0.0,1.0,0.1922,Very fast upward momentum - breaking above its 20-minute range
2026-09-28,GBPJPY,LONG,breakout,60.4,1790556922000,1790556922327,1790557480166,327,557.8,208.862,208.769,208.806,208.801,9.3,0.21,1.0046,-6.1,1.1129,-7.2411,-7.208,-0.656,6.7,5.9,-0.91,STOP,PROVING,1,0.3,0.7,0.1532,Fast upward momentum - breaking above its 20-minute range
2026-09-28,USDJPY,LONG,sweep,60.3,1790557024000,1790557024284,1790557102729,284,78.4,157.832,157.78,157.78,157.784,5.2,0.21,1.0046,-4.8,1.1129,-5.935,-5.908,-0.923,0.9,4.6,-5.333,THESIS_DEAD,THESIS_DEAD,0,-0.3,0.2,0.1377,Fast clean upward momentum - swept the lows and snapped back above
2026-09-28,EURJPY,LONG,breakout,60.9,1790557051000,1790557051433,1790557093692,433,42.3,179.711,179.661,179.661,179.671,5.0,0.21,1.0046,-4.0,1.1129,-5.1313,-5.108,-0.8,0.0,3.8,,THESIS_DEAD,THESIS_DEAD,0,0.4,1.0,0.1705,Fast upward momentum - breaking above its 20-minute range
2026-09-28,GBPJPY,SHORT,breakout,62.6,1790575103000,1790575103417,1790575201429,417,98.0,208.757,208.793,208.793,208.777,3.6,0.21,1.0046,-2.0,1.1129,-3.1221,-3.108,-0.556,1.2,3.0,-1.667,THESIS_DEAD,THESIS_DEAD,0,0.0,0.5,0.2403,Very fast clean downward momentum - breaking below its 20-minute range
2026-09-28,EURJPY,SHORT,first_retest,69.6,1790575103000,1790575104223,1790575192192,1223,88.0,179.462,179.5,179.5,179.49,3.8,0.21,1.0046,-2.8,1.1129,-3.9258,-3.908,-0.737,0.6,3.0,-4.667,THESIS_DEAD,THESIS_DEAD,0,0.6,1.2,0.2409,Very fast clean downward momentum - first retest of the low held and price is moving on
2026-09-28,USDJPY,SHORT,sweep,70.7,1790575129000,1790575130141,1790575152030,1141,21.9,157.652,157.672,157.672,157.674,2.0,0.21,1.0046,-2.2,1.1129,-3.323,-3.308,-1.1,0.0,2.0,,STOP,INITIAL,0,0.5,0.2,0.2494,Very fast clean downward momentum - swept the highs and snapped back below
2026-09-28,GBPJPY,SHORT,sweep,65.7,1790575655000,1790575655541,1790576074873,541,419.3,208.697,208.799,208.618,208.616,10.2,0.21,1.0046,8.1,1.1129,7.0246,6.992,0.794,10.5,5.1,0.771,PROTECT_LEVEL,MOMENTUM_DECAY,5,2.3,0.8,0.2328,Very fast clean downward momentum - swept the highs and snapped back below
2026-09-28,USDJPY,SHORT,sweep,70.9,1790575669000,1790575669401,1790575703575,401,34.2,157.647,157.673,157.673,157.676,2.6,0.21,1.0046,-2.9,1.1129,-4.0263,-4.008,-1.115,0.8,2.7,-3.625,STOP,INITIAL,0,0.6,0.2,0.1743,Very fast clean downward momentum - swept the highs and snapped back below
2026-09-28,USDJPY,SHORT,sweep,60.0,1790575736000,1790575736478,1790576288164,478,551.7,157.623,157.685,157.661,157.665,6.2,0.21,1.0046,-4.2,1.1129,-5.3323,-5.308,-0.677,3.8,4.0,-1.105,STOP,PROVING,1,-0.0,0.2,0.1796,Very fast ragged downward momentum - swept the highs and snapped back below
2026-09-28,EURJPY,SHORT,first_retest,62.0,1790576018000,1790576018378,1790576169821,378,151.4,179.338,179.407,179.407,179.357,6.9,0.21,1.0046,-1.9,1.1129,-3.0216,-3.008,-0.275,1.3,3.0,-1.462,THESIS_DEAD,THESIS_DEAD,0,0.4,0.8,0.2215,Very fast downward momentum - first retest of the low held and price is moving on
2026-09-28,EURJPY,SHORT,breakout,62.5,1790577089000,1790577089349,1790577297710,349,208.4,179.281,179.334,179.194,179.197,5.3,0.21,1.0046,8.4,1.1129,7.326,7.292,1.585,10.1,0.4,0.832,STOP,SWING_TRAIL,6,0.4,0.1,0.1612,Very fast clean downward momentum - breaking below its 20-minute range
2026-09-28,USDJPY,SHORT,breakout,64.5,1790577091000,1790577091358,1790577315614,358,224.3,157.562,157.615,157.518,157.523,5.3,0.21,1.0046,3.9,1.1129,2.8052,2.792,0.736,7.1,2.4,0.549,STOP,PROFIT_RATCHET,4,0.2,0.1,0.2493,Very fast clean downward momentum - breaking below its 20-minute range
2026-09-28,GBPJPY,SHORT,breakout,71.5,1790577094000,1790577094375,1790577188324,375,93.9,208.502,208.567,208.567,208.534,6.5,0.21,1.0046,-3.2,1.1129,-4.3276,-4.308,-0.492,0.0,3.2,,THESIS_DEAD,THESIS_DEAD,0,-0.3,0.6,0.1748,Very fast clean downward momentum - breaking below its 20-minute range
2026-09-28,GBPJPY,SHORT,breakout,70.4,1790577275000,1790577275821,1790577347355,821,71.5,208.417,208.501,208.501,208.481,8.4,0.21,1.0046,-6.4,1.1129,-7.5424,-7.508,-0.762,0.6,6.2,-10.667,THESIS_DEAD,THESIS_DEAD,0,0.4,0.7,0.1615,Very fast clean downward momentum - breaking below its 20-minute range
2026-09-28,GBPUSD,LONG,opening_range,61.4,1790580663000,1790580663372,1790580756784,372,93.4,1.32513,1.32486,1.3253,1.32526,2.7,0.13,0.9842,1.3,0.6889,0.5905,0.6,0.481,2.7,1.2,0.481,STOP,SWING_TRAIL,3,0.1,0.2,0.1902,Steady upward momentum - breaking above the London 30-minute opening range
2026-09-28,GBPUSD,LONG,first_retest,61.7,1790581041000,1790581041561,1790581211758,561,170.2,1.32564,1.32527,1.32586,1.32583,3.7,0.13,0.9842,1.9,0.6889,1.181,1.2,0.514,3.5,0.6,0.543,STOP,SWING_TRAIL,3,0.4,0.3,0.1861,Fast upward momentum - first retest of the high held and price is moving on
2026-09-28,GBPUSD,LONG,breakout,61.1,1790581237000,1790581237280,1790581324288,280,87.0,1.32611,1.32582,1.32582,1.32587,2.9,0.13,0.9842,-2.4,0.6889,-3.0509,-3.1,-0.828,0.8,2.3,-3.0,THESIS_DEAD,THESIS_DEAD,0,0.1,0.5,0.2183,Fast upward momentum - breaking above its 20-minute range
2026-09-28,GBPUSD,LONG,breakout,64.9,1790581791000,1790581791617,1790581942592,617,151.0,1.3266,1.32624,1.32624,1.32655,3.6,0.13,0.9842,-0.5,0.6889,-1.181,-1.2,-0.139,0.8,1.2,-0.625,THESIS_DEAD,THESIS_DEAD,0,0.2,0.2,0.1727,Fast upward momentum - breaking above its 20-minute range
2026-09-28,USDJPY,SHORT,sweep,70.7,1790582136000,1790582136441,1790582159375,441,22.9,157.374,157.441,157.357,157.306,6.7,0.21,1.0046,6.8,1.1129,5.7186,5.692,1.015,11.6,1.6,0.586,PROTECT_LEVEL,PROFIT_RATCHET,2,-1.5,0.2,0.099,Very fast downward momentum - swept the highs and snapped back below
2026-09-28,USDJPY,SHORT,sweep,71.2,1790582236000,1790582236367,1790582253838,367,17.5,157.323,157.391,157.391,157.372,6.8,0.21,1.0046,-4.9,1.1129,-6.0355,-6.008,-0.721,0.0,5.3,,THESIS_DEAD,THESIS_DEAD,0,-0.6,0.2,0.1091,Very fast ragged downward momentum - swept the highs and snapped back below
2026-09-28,USDJPY,SHORT,session_breakout,62.8,1790582278000,1790582278539,1790582324933,539,46.4,157.326,157.358,157.304,157.308,3.2,0.21,1.0046,1.8,1.1129,0.6955,0.692,0.562,4.3,2.2,0.419,STOP,PROFIT_RATCHET,2,0.1,0.2,0.1091,Fast ragged downward momentum - breaking below the Asian session's low
2026-09-28,USDJPY,SHORT,sweep,63.7,1790582368000,1790582368752,1790582516469,752,147.7,157.224,157.286,157.008,156.825,6.2,0.21,1.0046,39.9,1.1129,38.9715,38.792,6.435,48.2,1.2,0.828,PROTECT_LEVEL,SWING_TRAIL,9,1.3,0.2,0.1047,Steady downward momentum - swept the highs and snapped back below
2026-09-28,EURJPY,SHORT,sweep,63.0,1790582369000,1790582369356,1790582472338,356,103.0,178.965,179.064,178.866,178.81,9.9,0.21,1.0046,15.5,1.1129,14.4588,14.392,1.566,21.2,3.0,0.731,PROTECT_LEVEL,SWING_TRAIL,4,0.7,1.1,0.1457,Fast downward momentum - swept the highs and snapped back below
2026-09-28,GBPJPY,SHORT,sweep,63.9,1790582423000,1790582423426,1790582516468,426,93.0,208.493,208.58,208.26,208.077,8.7,0.21,1.0046,41.6,1.1129,40.6794,40.492,4.782,52.6,2.8,0.791,PROTECT_LEVEL,SWING_TRAIL,6,-0.1,0.8,0.1708,Fast downward momentum - swept the highs and snapped back below
2026-09-28,EURJPY,SHORT,breakout,75.1,1790582498000,1790582498513,1790582517237,513,18.7,178.621,178.724,178.608,178.634,10.3,0.21,1.0046,-1.3,1.1129,-2.4189,-2.408,-0.126,12.6,1.5,-0.103,STOP,EXHAUSTION,2,2.6,1.1,0.171,Very fast clean downward momentum - breaking below its 20-minute range
2026-09-28,GBPUSD,LONG,sweep,64.5,1790582544000,1790582544623,1790582577601,623,33.0,1.32714,1.32695,1.327,1.32698,1.9,0.13,0.9842,-1.6,0.6889,-2.2636,-2.3,-0.842,1.1,1.4,-1.455,STOP,PROVING,1,0.1,0.2,0.1671,Fast upward momentum - swept the lows and snapped back above
2026-09-28,USDJPY,SHORT,velocity_burst,67.8,1790582548000,1790582548638,1790582588053,638,39.4,156.755,156.89,156.89,156.893,13.5,0.21,1.0046,-13.8,1.1129,-14.9766,-14.908,-1.022,3.5,13.6,-3.943,STOP,THESIS_DEAD,0,1.3,0.2,0.0682,Very fast downward momentum - broad move: US dollar falling and yen rising across the board
2026-09-28,USDJPY,SHORT,pullback,62.8,1790582661000,1790582661328,1790582692235,328,30.9,156.782,156.915,156.723,156.731,13.3,0.21,1.0046,5.1,1.1129,4.0107,3.992,0.383,10.9,2.9,0.468,STOP,SWING_TRAIL,3,-0.5,0.2,0.0614,Very fast ragged downward momentum - shallow pullback in a falling move now turning back
2026-09-28,EURJPY,SHORT,breakout,76.2,1790582672000,1790582672414,1790582842651,414,170.2,178.424,178.564,178.508,178.513,14.0,0.21,1.0046,-8.9,1.1129,-10.054,-10.008,-0.636,10.7,8.7,-0.832,STOP,PROVING,1,1.9,1.1,0.0904,Very fast clean downward momentum - breaking below its 20-minute range
2026-09-28,GBPJPY,SHORT,session_breakout,72.6,1790582672000,1790582672562,1790582811536,562,139.0,207.913,208.083,208.015,208.017,17.0,0.21,1.0046,-10.4,1.1129,-11.5609,-11.508,-0.612,9.8,10.2,-1.061,STOP,PROVING,1,2.9,0.9,0.0697,Very fast downward momentum - breaking below the Asian session's low
2026-09-28,EURJPY,SHORT,pullback,62.4,1790583233000,1790583233409,1790583267381,409,34.0,178.305,178.506,178.506,178.383,20.1,0.21,1.0046,-7.8,1.1129,-8.9489,-8.908,-0.388,3.3,7.9,-2.364,THESIS_DEAD,THESIS_DEAD,0,-0.1,0.7,0.0721,Fast clean downward momentum - shallow pullback in a falling move now turning back
2026-09-28,GBPJPY,SHORT,breakout,62.6,1790583237000,1790583237399,1790583253686,399,16.3,207.813,207.886,207.886,207.888,7.3,0.21,1.0046,-7.5,1.1129,-8.6475,-8.608,-1.027,0.2,7.3,-37.5,STOP,INITIAL,0,-1.1,0.7,0.0723,Very fast downward momentum - breaking below its 20-minute range
2026-09-28,GBPJPY,SHORT,breakout,62.3,1790583691000,1790583691379,1790583842553,379,151.2,207.757,207.986,207.986,207.847,22.9,0.21,1.0046,-9.0,1.1129,-10.1545,-10.108,-0.393,7.0,11.2,-1.286,THESIS_DEAD,THESIS_DEAD,0,0.2,0.8,0.0877,Very fast downward momentum - breaking below its 20-minute range
2026-09-28,EURJPY,SHORT,breakout,61.6,1790583697000,1790583697410,1790583763394,410,66.0,178.215,178.307,178.307,178.289,9.2,0.21,1.0046,-7.4,1.1129,-8.5471,-8.508,-0.804,1.5,7.3,-4.933,THESIS_DEAD,THESIS_DEAD,0,2.0,0.4,0.0805,Very fast downward momentum - breaking below its 20-minute range
2026-09-28,USDCHF,LONG,session_breakout,61.3,1790584174000,1790584174515,1790584658296,515,483.8,0.831,0.83073,0.83117,0.83118,2.7,0.11,1.0012,1.8,0.5829,1.2193,1.218,0.667,2.9,0.8,0.621,PROTECT_LEVEL,MOMENTUM_DECAY,3,0.3,0.1,0.2101,Fast clean upward momentum - breaking above the Asian session's high
2026-09-28,GBPUSD,LONG,breakout,70.2,1790585229000,1790585229376,1790585433940,376,204.6,1.32736,1.32705,1.32705,1.32703,3.1,0.13,0.9842,-3.3,0.6889,-3.9367,-4.0,-1.065,1.2,3.1,-2.75,STOP,INITIAL,0,0.4,0.5,0.1645,Very fast clean upward momentum - breaking above its 20-minute range
2026-09-28,EURJPY,LONG,breakout,60.4,1790587251000,1790587251404,1790587402420,404,151.0,178.658,178.589,178.589,178.654,6.9,0.21,1.0046,-0.4,1.1129,-1.5147,-1.508,-0.058,0.6,2.7,-0.667,THESIS_DEAD,THESIS_DEAD,0,0.1,0.3,0.0903,Fast upward momentum - breaking above its 20-minute range
2026-09-28,USDJPY,LONG,breakout,61.4,1790587585000,1790587585636,1790587645682,636,60.0,157.046,156.98,156.98,157.011,6.6,0.21,1.0046,-3.5,1.1129,-4.629,-4.608,-0.53,0.0,3.5,,THESIS_DEAD,THESIS_DEAD,0,0.0,0.0,0.0881,Very fast upward momentum - breaking above its 20-minute range
2026-09-28,GBPUSD,SHORT,sweep,66.4,1790589425000,1790589425385,1790589514494,385,89.1,1.32577,1.32594,1.32594,1.32592,1.7,0.13,0.9842,-1.5,0.6889,-2.1652,-2.2,-0.882,0.4,1.4,-3.75,THESIS_DEAD,THESIS_DEAD,0,0.5,0.4,0.247,Very fast downward momentum - swept the highs and snapped back below
2026-09-28,GBPUSD,SHORT,first_retest,65.2,1790589676000,1790589676416,1790589900731,416,224.3,1.3256,1.32588,1.32543,1.32542,2.8,0.13,0.9842,1.8,0.6889,1.0826,1.1,0.643,2.5,0.9,0.72,PROTECT_LEVEL,SWING_TRAIL,2,0.6,0.2,0.2113,Fast ragged downward momentum - first retest of the low held and price is moving on
2026-09-28,USDCHF,LONG,breakout,61.4,1790589745000,1790589745754,1790589789157,754,43.4,0.83154,0.83146,0.83149,0.83147,0.8,0.11,1.0012,-0.7,0.5829,-1.2838,-1.282,-0.875,0.9,0.5,-0.778,STOP,PROVING,1,0.1,0.1,0.2329,Fast clean upward momentum - breaking above its 20-minute range
2026-09-28,USDJPY,LONG,sweep,75.8,1790590264000,1790590264733,1790590362593,733,97.9,157.077,157.03,157.03,157.024,4.7,0.21,1.0046,-5.3,1.1129,-6.4374,-6.408,-1.128,1.2,5.1,-4.417,STOP,INITIAL,0,0.0,0.1,0.1109,Very fast clean upward momentum - swept the lows and snapped back above
2026-09-28,USDCHF,LONG,sweep,60.5,1790590382000,1790590382300,1790590547290,300,165.0,0.83172,0.83128,0.83128,0.83161,4.4,0.11,1.0012,-1.1,0.5829,-1.6843,-1.682,-0.25,0.1,1.4,-11.0,THESIS_DEAD,THESIS_DEAD,0,0.5,0.1,0.2275,Very fast ragged upward momentum - swept the lows and snapped back above
2026-09-28,EURUSD,SHORT,breakout,72.6,1790590742000,1790590742378,1790591060213,378,317.8,1.13675,1.13703,1.13692,1.13695,2.8,0.13,0.9842,-2.0,0.6889,-2.6572,-2.7,-0.714,1.2,1.8,-1.667,STOP,PROVING,1,0.5,0.0,0.237,Very fast clean downward momentum - breaking below its 20-minute range
2026-09-28,USDJPY,SHORT,breakout,65.2,1790594583000,1790594583453,1790594665842,453,82.4,156.943,156.976,156.976,156.97,3.3,0.21,1.0046,-2.7,1.1129,-3.8253,-3.808,-0.818,0.1,2.5,-27.0,THESIS_DEAD,THESIS_DEAD,0,0.2,0.2,0.1734,Fast clean downward momentum - breaking below its 20-minute range
2026-09-28,USDJPY,LONG,opening_range,68.8,1790599237000,1790599237280,1790599418509,280,181.2,157.153,157.115,157.203,157.2,3.8,0.21,1.0046,4.7,1.1129,3.6089,3.592,1.237,6.5,0.7,0.723,STOP,MOMENTUM_DECAY,7,0.2,0.1,0.1213,Fast clean upward momentum - breaking above the New York 30-minute opening range
2026-09-28,EURJPY,LONG,first_retest,60.4,1790599350000,1790599350974,1790599487651,974,136.7,178.742,178.709,178.722,178.72,3.3,0.21,1.0046,-2.2,1.1129,-3.323,-3.308,-0.667,2.6,2.0,-0.846,STOP,PROVING,1,0.1,0.9,0.215,Fast upward momentum - first retest of the high held and price is moving on
2026-09-28,GBPJPY,LONG,opening_range,61.1,1790599354000,1790599354599,1790599435408,599,80.8,208.373,208.32,208.32,208.338,5.3,0.21,1.0046,-3.5,1.1129,-4.629,-4.608,-0.66,2.0,3.8,-1.75,THESIS_DEAD,THESIS_DEAD,0,0.3,0.5,0.1585,Very fast upward momentum - breaking above the New York 30-minute opening range
2026-09-28,EURUSD,SHORT,breakout,65.3,1790599969000,1790599969622,1790599985901,622,16.3,1.13657,1.1367,1.1367,1.13669,1.3,0.13,0.9842,-1.2,0.6889,-1.8699,-1.9,-0.923,0.0,1.1,,THESIS_DEAD,THESIS_DEAD,0,0.1,0.1,0.247,Very fast downward momentum - breaking below its 20-minute range
2026-09-28,EURUSD,SHORT,sweep,63.8,1790600646000,1790600647347,1790600942075,1347,294.7,1.13649,1.13666,1.13631,1.13634,1.7,0.13,0.9842,1.5,0.6889,0.7873,0.8,0.882,2.6,0.6,0.577,STOP,SWING_TRAIL,4,0.3,0.1,0.2369,Fast downward momentum - swept the highs and snapped back below
2026-09-28,GBPUSD,SHORT,first_retest,64.9,1790600918000,1790600918959,1790600952906,959,33.9,1.32465,1.32481,1.32481,1.32481,1.6,0.13,0.9842,-1.6,0.6889,-2.2636,-2.3,-1.0,0.0,1.4,,THESIS_DEAD,THESIS_DEAD,0,0.4,0.4,0.1859,Fast clean downward momentum - first retest of the low held and price is moving on
2026-09-28,EURUSD,SHORT,sweep,76.0,1790602457000,1790602457307,1790602472596,307,15.3,1.13576,1.1359,1.1359,1.13589,1.4,0.13,0.9842,-1.3,0.6889,-1.9683,-2.0,-0.929,0.5,1.1,-2.6,THESIS_DEAD,THESIS_DEAD,0,-0.1,0.1,0.2264,Very fast clean downward momentum - swept the highs and snapped back below
2026-09-28,EURUSD,SHORT,sweep,69.1,1790602500000,1790602500279,1790602522770,279,22.5,1.13569,1.13594,1.13594,1.13589,2.5,0.13,0.9842,-2.0,0.6889,-2.6572,-2.7,-0.8,0.0,1.8,,THESIS_DEAD,THESIS_DEAD,0,0.2,0.2,0.2314,Very fast clean downward momentum - swept the highs and snapped back below
2026-09-28,USDCHF,SHORT,opening_range,64.2,1790603111000,1790603111679,1790603130766,679,19.1,0.83127,0.83138,0.83138,0.83139,1.1,0.11,1.0012,-1.2,0.5829,-1.7844,-1.782,-1.091,0.0,1.0,,THESIS_DEAD,THESIS_DEAD,0,0.2,0.1,0.1637,Steady clean downward momentum - breaking below the New York 15-minute opening range
2026-09-28,GBPJPY,LONG,sweep,61.2,1790603220000,1790603220356,1790603268328,356,48.0,208.398,208.354,208.354,208.374,4.4,0.21,1.0046,-2.4,1.1129,-3.524,-3.508,-0.545,1.4,3.7,-1.714,THESIS_DEAD,THESIS_DEAD,0,0.0,0.6,0.2007,Steady clean upward momentum - swept the lows and snapped back above
2026-09-28,USDCHF,SHORT,first_retest,61.2,1790603267000,1790603267323,1790603374185,323,106.9,0.83112,0.83132,0.83105,0.83107,2.0,0.11,1.0012,0.5,0.5829,-0.0823,-0.082,0.25,1.9,0.7,0.263,STOP,COSTS_COVERED,2,0.3,0.1,0.1804,Fast downward momentum - first retest of the low held and price is moving on
2026-09-28,GBPUSD,LONG,first_retest,77.9,1790603274000,1790603274346,1790603379813,346,105.5,1.3268,1.32654,1.32695,1.32699,2.6,0.13,0.9842,1.9,0.6889,1.181,1.2,0.731,2.9,2.2,0.655,PROTECT_LEVEL,EXHAUSTION,3,0.1,0.4,0.2018,Very fast clean upward momentum - first retest of the high held and price is moving on
2026-09-28,GBPJPY,LONG,breakout,60.7,1790603444000,1790603444279,1790603462738,279,18.5,208.508,208.478,208.478,208.476,3.0,0.21,1.0046,-3.2,1.1129,-4.3276,-4.308,-1.067,0.0,3.0,,STOP,INITIAL,0,0.3,0.6,0.1714,Fast upward momentum - breaking above its 20-minute range
2026-09-28,GBPJPY,LONG,first_retest,61.5,1790603572000,1790603572590,1790603687260,590,114.7,208.546,208.475,208.475,208.497,7.1,0.21,1.0046,-4.9,1.1129,-6.0355,-6.008,-0.69,0.2,5.2,-24.5,THESIS_DEAD,THESIS_DEAD,0,0.1,1.1,0.1936,Fast upward momentum - first retest of the high held and price is moving on
2026-09-28,GBPJPY,LONG,breakout,61.5,1790604265000,1790604265346,1790604333585,346,68.2,208.566,208.503,208.503,208.519,6.3,0.21,1.0046,-4.7,1.1129,-5.8346,-5.808,-0.746,0.1,4.6,-47.0,THESIS_DEAD,THESIS_DEAD,0,0.2,0.6,0.16,Fast upward momentum - breaking above its 20-minute range
2026-09-28,GBPUSD,LONG,opening_range,65.5,1790604742000,1790604742431,1790604778777,431,36.3,1.3273,1.32702,1.32739,1.32737,2.8,0.13,0.9842,0.7,0.6889,0.0,0.0,0.25,2.6,2.2,0.269,STOP,COSTS_COVERED,2,0.3,0.3,0.1583,Fast clean upward momentum - breaking above the New York 30-minute opening range
2026-09-28,GBPJPY,LONG,breakout,61.3,1790605607000,1790605607326,1790605758473,326,151.1,208.609,208.553,208.553,208.584,5.6,0.21,1.0046,-2.5,1.1129,-3.6244,-3.608,-0.446,1.1,3.8,-2.273,THESIS_DEAD,THESIS_DEAD,0,-0.3,0.6,0.1359,Fast upward momentum - breaking above its 20-minute range
2026-09-28,USDJPY,LONG,sweep,66.9,1790606368000,1790606368305,1790606462887,305,94.6,157.314,157.286,157.327,157.322,2.8,0.21,1.0046,0.8,1.1129,-0.3092,-0.308,0.286,2.8,1.4,0.286,STOP,MOMENTUM_DECAY,3,-0.2,0.1,0.1468,Fast clean upward momentum - swept the lows and snapped back above
2026-09-28,EURJPY,LONG,breakout,60.1,1790607302000,1790607302287,1790607414021,287,111.7,178.823,178.775,178.871,178.869,4.8,0.21,1.0046,4.6,1.1129,3.5084,3.492,0.958,7.6,2.2,0.605,STOP,PROFIT_RATCHET,8,-0.2,0.9,0.1856,Very fast upward momentum - breaking above its 20-minute range
2026-09-28,GBPUSD,SHORT,first_retest,70.3,1790607302000,1790607302287,1790607334224,287,31.9,1.3243,1.32478,1.32459,1.32462,4.8,0.13,0.9842,-3.2,0.6889,-3.8382,-3.9,-0.667,2.3,3.0,-1.391,STOP,PROVING,1,0.4,0.4,0.1584,Very fast downward momentum - first retest of the low held and price is moving on
2026-09-28,USDJPY,LONG,breakout,60.1,1790607442000,1790607442335,1790607463817,335,21.5,157.524,157.479,157.537,157.536,4.5,0.21,1.0046,1.2,1.1129,0.0927,0.092,0.267,4.1,0.3,0.293,PROTECT_LEVEL,COSTS_COVERED,2,0.5,0.1,0.1361,Fast ragged upward momentum - breaking above its 20-minute range
2026-09-28,GBPUSD,SHORT,first_retest,68.3,1790607451000,1790607451365,1790607456778,365,5.4,1.32416,1.32475,1.32475,1.32456,5.9,0.13,0.9842,-4.0,0.6889,-4.6256,-4.7,-0.678,0.0,3.8,,THESIS_DEAD,THESIS_DEAD,0,-0.1,0.4,0.1373,Very fast clean downward momentum - repeated retest of the low held and price is moving on
2026-09-28,EURJPY,LONG,breakout,67.2,1790607468000,1790607468257,1790607513666,257,45.4,179.017,178.978,179.03,179.041,3.9,0.21,1.0046,2.4,1.1129,1.2982,1.292,0.615,3.3,2.0,0.727,PROTECT_LEVEL,EXHAUSTION,2,1.3,0.6,0.1742,Very fast clean upward momentum - breaking above its 20-minute range
2026-09-28,GBPJPY,LONG,breakout,65.1,1790607469000,1790607469436,1790607632771,436,163.3,208.731,208.663,208.765,208.762,6.8,0.21,1.0046,3.1,1.1129,2.0015,1.992,0.456,6.8,3.8,0.456,STOP,SWING_TRAIL,3,0.6,0.6,0.1403,Very fast upward momentum - breaking above its 20-minute range
2026-09-28,USDJPY,LONG,breakout,62.3,1790607774000,1790607774521,1790607779946,521,5.4,157.555,157.516,157.516,157.558,3.9,0.21,1.0046,0.3,1.1129,-0.8115,-0.808,0.077,0.5,0.6,0.6,THESIS_DEAD,THESIS_DEAD,0,-2.2,0.2,0.1308,Fast clean upward momentum - breaking above its 20-minute range
2026-09-28,EURUSD,LONG,first_retest,69.1,1790609127000,1790609127637,1790609128838,637,1.2,1.13715,1.13705,1.13705,1.13703,1.0,0.13,0.9842,-1.2,0.6889,-1.8699,-1.9,-1.2,0.0,1.0,,STOP,INITIAL,0,0.1,0.0,0.1833,Very fast upward momentum - first retest of the high held and price is moving on
2026-09-28,EURJPY,SHORT,squeeze_release,62.9,1790609164000,1790609164412,1790609215614,412,51.2,178.942,178.978,178.978,178.973,3.6,0.21,1.0046,-3.1,1.1129,-4.2272,-4.208,-0.861,0.0,3.0,,THESIS_DEAD,THESIS_DEAD,0,0.2,0.9,0.1243,Fast clean downward momentum - squeeze releasing downward
2026-09-28,EURJPY,SHORT,breakout,63.0,1790611351000,1790611351307,1790611728367,307,377.1,178.877,178.933,178.84,178.829,5.6,0.21,1.0046,4.8,1.1129,3.7093,3.692,0.857,5.4,1.3,0.889,PROTECT_LEVEL,SWING_TRAIL,3,0.0,1.1,0.2298,Very fast clean downward momentum - breaking below its 20-minute range
2026-09-28,USDJPY,SHORT,sweep,62.2,1790611581000,1790611581384,1790611645446,384,64.1,157.33,157.351,157.351,157.347,2.1,0.21,1.0046,-1.7,1.1129,-2.8207,-2.808,-0.81,0.2,1.5,-8.5,THESIS_DEAD,THESIS_DEAD,0,0.3,0.1,0.2088,Fast clean downward momentum - swept the highs and snapped back below
2026-09-28,EURUSD,LONG,sweep,76.6,1790612436000,1790612436552,1790612505440,552,68.9,1.13721,1.13707,1.13754,1.13752,1.4,0.13,0.9842,3.1,0.6889,2.362,2.4,2.214,4.7,0.4,0.66,STOP,PROFIT_RATCHET,5,0.1,0.1,0.225,Very fast clean upward momentum - swept the lows and snapped back above
2026-09-28,USDJPY,SHORT,sweep,62.4,1790612477000,1790612477315,1790612689900,315,212.6,157.228,157.247,157.199,157.202,1.9,0.21,1.0046,2.6,1.1129,1.4992,1.492,1.368,4.7,0.9,0.553,STOP,PROFIT_RATCHET,4,-0.1,0.2,0.1798,Steady clean downward momentum - swept the highs and snapped back below
2026-09-28,EURUSD,LONG,first_retest,62.5,1790612706000,1790612706361,1790612790977,361,84.6,1.13774,1.13756,1.13786,1.13784,1.8,0.13,0.9842,1.0,0.6889,0.2952,0.3,0.556,2.1,1.0,0.476,STOP,SWING_TRAIL,3,-0.1,0.2,0.2051,Fast upward momentum - first retest of the high held and price is moving on
2026-09-28,AUDUSD,LONG,breakout,72.3,1790612748000,1790612748365,1790612897776,365,149.4,0.70296,0.70266,0.70382,0.7038,3.0,0.13,0.9842,8.4,0.6889,7.5781,7.7,2.8,9.7,0.9,0.866,STOP,SWING_TRAIL,9,-0.2,0.1,0.2374,Very fast clean upward momentum - breaking above its 20-minute range
2026-09-28,GBPUSD,LONG,breakout,77.5,1790612809000,1790612809435,1790612862224,435,52.8,1.32767,1.32732,1.32776,1.32774,3.5,0.13,0.9842,0.7,0.6889,0.0,0.0,0.2,3.1,1.0,0.226,STOP,EXHAUSTION,2,0.1,0.4,0.1788,Very fast clean upward momentum - breaking above its 20-minute range
2026-09-28,EURUSD,LONG,breakout,75.2,1790612811000,1790612811440,1790612872273,440,60.8,1.13838,1.13801,1.1385,1.13863,3.7,0.13,0.9842,2.5,0.6889,1.7715,1.8,0.676,3.0,1.2,0.833,PROTECT_LEVEL,EXHAUSTION,3,0.3,0.1,0.2018,Very fast clean upward momentum - breaking above its 20-minute range
2026-09-28,USDCHF,SHORT,breakout,66.3,1790612857000,1790612857407,1790612897376,407,40.0,0.83058,0.8307,0.8305,0.83048,1.2,0.11,1.0012,1.0,0.5829,0.4183,0.418,0.833,1.8,0.7,0.556,PROTECT_LEVEL,PROFIT_RATCHET,2,-0.9,0.1,0.2004,Very fast clean downward momentum - breaking below its 20-minute range
2026-09-28,USDJPY,SHORT,breakout,61.6,1790612926000,1790612926322,1790612931941,322,5.6,157.005,157.037,157.037,157.03,3.2,0.21,1.0046,-2.5,1.1129,-3.6244,-3.608,-0.781,0.0,2.3,,THESIS_DEAD,THESIS_DEAD,0,-0.8,0.2,0.1498,Steady clean downward momentum - breaking below its 20-minute range
2026-09-28,AUDUSD,LONG,session_breakout,68.0,1790615514000,1790615514337,1790615553277,337,38.9,0.70305,0.70284,0.70319,0.70316,2.1,0.13,0.9842,1.1,0.6889,0.3937,0.4,0.524,2.8,1.2,0.393,STOP,PROFIT_RATCHET,2,0.5,0.0,0.1714,Very fast upward momentum - breaking above the London session's high
2026-09-28,EURUSD,LONG,sweep,70.0,1790615515000,1790615515335,1790615519952,335,4.6,1.13779,1.13759,1.13759,1.1377,2.0,0.13,0.9842,-0.9,0.6889,-1.5747,-1.6,-0.45,0.0,1.7,,THESIS_DEAD,THESIS_DEAD,0,0.2,0.1,0.169,Very fast upward momentum - swept the lows and snapped back above
2026-09-28,EURUSD,LONG,sweep,68.8,1790615546000,1790615546252,1790615555283,252,9.0,1.13794,1.13771,1.13803,1.13809,2.3,0.13,0.9842,1.5,0.6889,0.7873,0.8,0.652,3.0,0.4,0.5,PROTECT_LEVEL,PROFIT_RATCHET,2,0.5,0.1,0.1983,Very fast upward momentum - swept the lows and snapped back above
2026-09-28,EURUSD,LONG,sweep,62.9,1790615577000,1790615577378,1790615622768,378,45.4,1.13816,1.13795,1.13825,1.13822,2.1,0.13,0.9842,0.6,0.6889,-0.0984,-0.1,0.286,2.2,1.2,0.273,STOP,SWING_TRAIL,2,0.4,0.1,0.1983,Very fast upward momentum - swept the lows and snapped back above
2026-09-28,AUDUSD,LONG,session_breakout,60.6,1790615605000,1790615605297,1790615726411,297,121.1,0.7033,0.70316,0.70321,0.70318,1.4,0.13,0.9842,-1.2,0.6889,-1.8699,-1.9,-0.857,1.4,1.0,-0.857,STOP,PROVING,1,0.1,0.1,0.1878,Fast upward momentum - breaking above the London session's high
2026-09-28,USDJPY,LONG,sweep,62.2,1790619363000,1790619363619,1790619631180,619,267.6,157.302,157.277,157.319,157.316,2.5,0.21,1.0046,1.4,1.1129,0.2936,0.292,0.56,3.1,0.5,0.452,STOP,MOMENTUM_DECAY,3,0.4,0.3,0.2102,Fast clean upward momentum - swept the lows and snapped back above
2026-09-29,GBPJPY,SHORT,breakout,60.6,1790643304000,1790643304400,1790643353450,400,49.0,208.471,208.524,208.524,208.51,5.3,0.21,1.0046,-3.9,1.1129,-5.0309,-5.008,-0.736,0.4,3.8,-9.75,THESIS_DEAD,THESIS_DEAD,0,0.2,0.9,0.238,Very fast downward momentum - breaking below its 20-minute range
2026-09-29,GBPJPY,SHORT,first_retest,65.7,1790643454000,1790643454336,1790643690535,336,236.2,208.444,208.498,208.498,208.507,5.4,0.21,1.0046,-6.3,1.1129,-7.442,-7.408,-1.167,2.2,6.1,-2.864,STOP,INITIAL,0,0.2,0.9,0.2199,Very fast downward momentum - first retest of the low held and price is moving on
2026-09-29,EURJPY,SHORT,breakout,63.7,1790643792000,1790643792362,1790643835403,362,43.0,178.824,178.866,178.791,178.79,4.2,0.21,1.0046,3.4,1.1129,2.3029,2.292,0.81,4.8,1.2,0.708,PROTECT_LEVEL,SWING_TRAIL,3,0.2,0.7,0.2189,Fast clean downward momentum - breaking below its 20-minute range
2026-09-29,GBPJPY,SHORT,breakout,67.4,1790643798000,1790643798382,1790643867138,382,68.8,208.407,208.465,208.37,208.372,5.8,0.21,1.0046,3.5,1.1129,2.4033,2.392,0.603,6.2,1.5,0.565,STOP,SWING_TRAIL,4,0.2,0.6,0.1855,Fast clean downward momentum - breaking below its 20-minute range
2026-09-29,USDJPY,SHORT,breakout,61.6,1790643812000,1790643812270,1790643869955,270,57.7,157.289,157.32,157.276,157.275,3.1,0.21,1.0046,1.4,1.1129,0.2936,0.292,0.452,3.5,0.3,0.4,PROTECT_LEVEL,COSTS_COVERED,2,1.1,0.1,0.1664,Fast clean downward momentum - breaking below its 20-minute range
2026-09-29,EURJPY,SHORT,breakout,60.6,1790643859000,1790643860504,1790643867139,1504,6.6,178.766,178.792,178.792,178.794,2.6,0.21,1.0046,-2.8,1.1129,-3.9258,-3.908,-1.077,0.0,2.6,,STOP,THESIS_DEAD,0,-0.7,0.9,0.2138,Fast clean downward momentum - breaking below its 20-minute range
2026-09-29,USDJPY,LONG,breakout,63.0,1790646019000,1790646019445,1790646117218,445,97.8,157.519,157.477,157.532,157.533,4.2,0.21,1.0046,1.4,1.1129,0.2936,0.292,0.333,3.6,2.5,0.389,PROTECT_LEVEL,EXHAUSTION,2,0.7,0.1,0.2218,Fast clean upward momentum - breaking above its 20-minute range
2026-09-29,GBPJPY,LONG,breakout,63.7,1790646020000,1790646020257,1790646349390,257,329.1,208.691,208.635,208.74,208.746,5.6,0.21,1.0046,5.5,1.1129,4.4126,4.392,0.982,7.0,3.6,0.786,PROTECT_LEVEL,EXHAUSTION,4,0.3,0.6,0.2028,Fast clean upward momentum - breaking above its 20-minute range
2026-09-29,EURJPY,SHORT,breakout,62.7,1790648675000,1790648676152,1790648717107,1152,41.0,178.868,178.918,178.918,178.893,5.0,0.21,1.0046,-2.5,1.1129,-3.6244,-3.608,-0.5,0.0,2.3,,THESIS_DEAD,THESIS_DEAD,0,0.2,0.6,0.2371,Fast clean downward momentum - breaking below its 20-minute range
2026-09-29,GBPJPY,SHORT,breakout,65.1,1790651744000,1790651744431,1790651751274,431,6.8,208.307,208.337,208.337,208.331,3.0,0.21,1.0046,-2.4,1.1129,-3.524,-3.508,-0.8,0.0,2.2,,THESIS_DEAD,THESIS_DEAD,0,-0.0,0.9,0.2359,Very fast clean downward momentum - breaking below its 20-minute range
2026-09-29,USDJPY,SHORT,sweep,68.4,1790651744000,1790651744433,1790651758499,433,14.1,157.226,157.248,157.248,157.246,2.2,0.21,1.0046,-2.0,1.1129,-3.1221,-3.108,-0.909,0.0,1.8,,THESIS_DEAD,THESIS_DEAD,0,-0.0,0.2,0.2033,Very fast clean downward momentum - swept the highs and snapped back below
2026-09-29,USDJPY,SHORT,breakout,63.6,1790651858000,1790651858293,1790651901308,293,43.0,157.213,157.255,157.255,157.242,4.2,0.21,1.0046,-2.9,1.1129,-4.0263,-4.008,-0.69,0.6,2.9,-4.833,THESIS_DEAD,THESIS_DEAD,0,0.4,0.2,0.2033,Fast clean downward momentum - breaking below its 20-minute range
2026-09-29,GBPJPY,SHORT,breakout,66.0,1790651859000,1790651859293,1790651899292,293,40.0,208.299,208.36,208.36,208.337,6.1,0.21,1.0046,-3.8,1.1129,-4.9304,-4.908,-0.623,0.0,3.9,,THESIS_DEAD,THESIS_DEAD,0,0.3,0.9,0.2257,Very fast clean downward momentum - breaking below its 20-minute range
2026-09-29,AUDUSD,LONG,sweep,66.6,1790656265000,1790656265415,1790656289338,415,23.9,0.7022,0.70193,0.70251,0.70266,2.7,0.13,0.9842,4.6,0.6889,3.8382,3.9,1.704,7.1,0.4,0.648,PROTECT_LEVEL,SWING_TRAIL,3,0.6,0.2,0.1635,Very fast clean upward momentum - swept the lows and snapped back above
2026-09-29,AUDUSD,LONG,breakout,63.3,1790658837000,1790658837665,1790658986374,665,148.7,0.70214,0.70188,0.70188,0.70198,2.6,0.13,0.9842,-1.6,0.6889,-2.2636,-2.3,-0.615,0.4,2.0,-4.0,THESIS_DEAD,THESIS_DEAD,0,0.2,0.1,0.246,Very fast clean upward momentum - breaking above its 20-minute range
2026-09-29,USDJPY,SHORT,sweep,62.4,1790660303000,1790660303281,1790660513327,281,210.0,157.39,157.419,157.34,157.342,2.9,0.21,1.0046,4.8,1.1129,3.7093,3.692,1.655,6.3,2.1,0.762,STOP,SWING_TRAIL,7,0.4,0.2,0.2296,Very fast downward momentum - swept the highs and snapped back below
2026-09-29,AUDUSD,SHORT,breakout,70.2,1790660349000,1790660349679,1790660620350,679,270.7,0.70056,0.7011,0.69924,0.69928,5.4,0.13,0.9842,12.8,0.6889,11.9084,12.1,2.37,15.4,2.5,0.831,STOP,SWING_TRAIL,7,0.3,0.2,0.2167,Very fast clean downward momentum - breaking below its 20-minute range
2026-09-29,GBPJPY,SHORT,breakout,61.5,1790660470000,1790660471151,1790660548663,1151,77.5,208.249,208.295,208.232,208.219,4.6,0.21,1.0046,3.0,1.1129,1.901,1.892,0.652,4.3,1.0,0.698,PROTECT_LEVEL,EXHAUSTION,2,0.7,0.8,0.2387,Steady clean downward momentum - breaking below its 20-minute range
2026-09-29,AUDUSD,SHORT,first_retest,65.9,1790660701000,1790660701356,1790660727438,356,26.1,0.69901,0.69953,0.69953,0.69936,5.2,0.13,0.9842,-3.5,0.6889,-4.1335,-4.2,-0.673,0.1,3.3,-35.0,THESIS_DEAD,THESIS_DEAD,0,0.7,0.2,0.1384,Fast downward momentum - first retest of the low held and price is moving on
2026-09-29,AUDUSD,SHORT,first_retest,72.3,1790660748000,1790660748331,1790660866558,331,118.2,0.69884,0.69943,0.69842,0.69844,5.9,0.13,0.9842,4.0,0.6889,3.2477,3.3,0.678,6.7,1.2,0.597,STOP,EXHAUSTION,3,0.3,0.0,0.1171,Very fast downward momentum - first retest of the low held and price is moving on
2026-09-29,AUDUSD,SHORT,breakout,71.4,1790661003000,1790661003733,1790661075433,733,71.7,0.69803,0.69859,0.69859,0.69851,5.6,0.13,0.9842,-4.8,0.6889,-5.4129,-5.5,-0.857,1.7,4.6,-2.824,THESIS_DEAD,THESIS_DEAD,0,0.5,0.0,0.1082,Very fast downward momentum - breaking below its 20-minute range
2026-09-29,GBPJPY,SHORT,breakout,60.6,1790661364000,1790661364618,1790661516695,618,152.1,208.187,208.238,208.238,208.21,5.1,0.21,1.0046,-2.3,1.1129,-3.4235,-3.408,-0.451,0.9,3.4,-2.556,THESIS_DEAD,THESIS_DEAD,0,0.2,0.6,0.2053,Very fast ragged downward momentum - breaking below its 20-minute range
2026-09-29,USDJPY,SHORT,first_retest,60.1,1790666703000,1790666704223,1790666901354,1223,197.1,157.324,157.371,157.275,157.277,4.7,0.21,1.0046,4.7,1.1129,3.6089,3.592,1.0,6.0,0.5,0.783,STOP,SWING_TRAIL,5,0.2,0.2,0.2044,Very fast downward momentum - first retest of the low held and price is moving on
2026-09-29,EURUSD,SHORT,breakout,80.2,1790667061000,1790667061369,1790667118056,369,56.7,1.13494,1.13512,1.13467,1.1347,1.8,0.13,0.9842,2.4,0.6889,1.6731,1.7,1.333,4.2,0.5,0.571,STOP,EXHAUSTION,3,-0.1,0.1,0.1951,Very fast clean downward momentum - breaking below its 20-minute range
2026-09-29,GBPJPY,SHORT,first_retest,65.2,1790667103000,1790667103368,1790667128293,368,24.9,208.158,208.193,208.193,208.175,3.5,0.21,1.0046,-1.7,1.1129,-2.8207,-2.808,-0.486,0.6,2.6,-2.833,THESIS_DEAD,THESIS_DEAD,0,0.3,0.6,0.2073,Fast clean downward momentum - first retest of the low held and price is moving on
2026-09-29,GBPUSD,SHORT,sweep,66.5,1790667104000,1790667104773,1790667109406,773,4.6,1.32292,1.32309,1.32309,1.32312,1.7,0.13,0.9842,-2.0,0.6889,-2.6572,-2.7,-1.176,0.0,1.8,,STOP,INITIAL,0,0.2,0.2,0.2281,Very fast clean downward momentum - swept the highs and snapped back below
2026-09-29,EURJPY,SHORT,breakout,64.1,1790667185000,1790667186379,1790667194836,1379,8.5,178.446,178.487,178.487,178.475,4.1,0.21,1.0046,-2.9,1.1129,-4.0263,-4.008,-0.707,0.0,2.7,,THESIS_DEAD,THESIS_DEAD,0,0.3,1.1,0.2394,Fast clean downward momentum - breaking below its 20-minute range
2026-09-29,EURUSD,SHORT,breakout,60.5,1790667198000,1790667198823,1790667319037,823,120.2,1.13441,1.13458,1.13452,1.13456,1.7,0.13,0.9842,-1.5,0.6889,-2.1652,-2.2,-0.882,1.3,1.3,-1.154,STOP,PROVING,1,0.3,0.1,0.2155,Fast downward momentum - breaking below its 20-minute range
2026-09-29,EURJPY,SHORT,breakout,62.8,1790667249000,1790667249675,1790667260555,675,10.9,178.427,178.461,178.461,178.458,3.4,0.21,1.0046,-3.1,1.1129,-4.2272,-4.208,-0.912,0.0,3.0,,THESIS_DEAD,THESIS_DEAD,0,0.1,1.1,0.2424,Fast downward momentum - breaking below its 20-minute range
2026-09-29,USDCHF,LONG,session_breakout,66.1,1790670919000,1790670919420,1790671132669,420,213.2,0.83416,0.83397,0.83397,0.83395,1.9,0.11,1.0012,-2.1,0.5829,-2.6855,-2.682,-1.105,0.6,1.9,-3.5,STOP,INITIAL,0,0.5,0.0,0.2029,Fast clean upward momentum - breaking above the Asian session's high
2026-09-29,EURUSD,SHORT,breakout,75.2,1790673155000,1790673155414,1790673300666,414,145.3,1.13392,1.13422,1.13371,1.1337,3.0,0.13,0.9842,2.2,0.6889,1.4762,1.5,0.733,2.9,1.9,0.759,PROTECT_LEVEL,SWING_TRAIL,3,1.5,0.1,0.2365,Very fast clean downward momentum - breaking below its 20-minute range
2026-09-29,EURUSD,SHORT,breakout,65.1,1790674060000,1790674060318,1790674113602,318,53.3,1.13337,1.13364,1.13364,1.13358,2.7,0.13,0.9842,-2.1,0.6889,-2.7557,-2.8,-0.778,0.0,1.9,,THESIS_DEAD,THESIS_DEAD,0,0.1,0.0,0.2379,Very fast downward momentum - breaking below its 20-minute range
2026-09-29,GBPJPY,SHORT,opening_range,71.7,1790675306000,1790675306437,1790675405904,437,99.5,208.162,208.214,208.214,208.2,5.2,0.21,1.0046,-3.8,1.1129,-4.9304,-4.908,-0.731,0.0,3.6,,THESIS_DEAD,THESIS_DEAD,0,-0.5,0.8,0.2331,Very fast clean downward momentum - breaking below the London 30-minute opening range
2026-09-29,USDJPY,LONG,session_breakout,76.9,1790675876000,1790675876316,1790676349957,316,473.6,157.67,157.57,157.61,157.608,10.0,0.21,1.0046,-6.2,1.1129,-7.3415,-7.308,-0.62,4.5,6.0,-1.378,STOP,PROVING,1,0.6,0.3,0.1713,Very fast clean upward momentum - breaking above the Asian session's high
2026-09-29,EURJPY,LONG,breakout,71.5,1790675913000,1790675913536,1790675953296,536,39.8,178.734,178.685,178.685,178.689,4.9,0.21,1.0046,-4.5,1.1129,-5.6337,-5.608,-0.918,0.3,4.3,-15.0,THESIS_DEAD,THESIS_DEAD,0,0.3,1.1,0.1798,Very fast clean upward momentum - breaking above its 20-minute range
2026-09-29,EURJPY,LONG,first_retest,62.1,1790676001000,1790676002739,1790676060267,1739,57.5,178.748,178.675,178.675,178.708,7.3,0.21,1.0046,-4.0,1.1129,-5.1313,-5.108,-0.548,0.0,3.8,,THESIS_DEAD,THESIS_DEAD,0,-0.1,1.1,0.1962,Fast upward momentum - first retest of the high held and price is moving on
2026-09-29,EURJPY,LONG,first_retest,62.1,1790676090000,1790676090422,1790676215910,422,125.5,178.777,178.714,178.714,178.728,6.3,0.21,1.0046,-4.9,1.1129,-6.0355,-6.008,-0.778,0.8,4.7,-6.125,THESIS_DEAD,THESIS_DEAD,0,0.6,1.1,0.2022,Fast upward momentum - first retest of the high held and price is moving on
2026-09-29,USDJPY,SHORT,breakout,75.6,1790678775000,1790678775270,1790679002769,270,227.5,157.353,157.412,157.296,157.298,5.9,0.21,1.0046,5.5,1.1129,4.4126,4.392,0.932,6.9,0.3,0.797,STOP,EXHAUSTION,5,0.1,0.0,0.1649,Very fast clean downward momentum - breaking below its 20-minute range
2026-09-29,USDJPY,SHORT,first_retest,67.7,1790679593000,1790679593253,1790679634542,253,41.3,157.204,157.258,157.258,157.236,5.4,0.21,1.0046,-3.2,1.1129,-4.3276,-4.308,-0.593,0.5,3.0,-6.4,THESIS_DEAD,THESIS_DEAD,0,-0.6,0.2,0.1622,Fast downward momentum - first retest of the low held and price is moving on
2026-09-29,USDJPY,SHORT,sweep,72.0,1790681130000,1790681130546,1790681215345,546,84.8,157.204,157.238,157.238,157.236,3.4,0.21,1.0046,-3.2,1.1129,-4.3276,-4.308,-0.941,0.2,3.1,-16.0,THESIS_DEAD,THESIS_DEAD,0,-1.1,0.1,0.1476,Very fast clean downward momentum - swept the highs and snapped back below
2026-09-29,GBPUSD,LONG,sweep,65.0,1790682579000,1790682579281,1790682595346,281,16.1,1.32438,1.32417,1.32447,1.32445,2.1,0.13,0.9842,0.7,0.6889,0.0,0.0,0.333,1.8,0.8,0.389,STOP,RUNNER,2,0.7,0.2,0.2453,Very fast upward momentum - swept the lows and snapped back above
2026-09-29,USDJPY,SHORT,sweep,78.0,1790682585000,1790682585311,1790682614829,311,29.5,157.171,157.212,157.196,157.2,4.1,0.21,1.0046,-2.9,1.1129,-4.0263,-4.008,-0.707,3.1,2.7,-0.935,STOP,PROVING,1,2.1,0.6,0.1423,Very fast clean downward momentum - swept the highs and snapped back below
2026-09-29,EURUSD,LONG,sweep,73.4,1790682642000,1790682643362,1790682649385,1362,6.0,1.13554,1.13536,1.13536,1.13532,1.8,0.13,0.9842,-2.2,0.6889,-2.8541,-2.9,-1.222,0.0,2.0,,STOP,INITIAL,0,0.3,0.1,0.2353,Very fast upward momentum - swept the lows and snapped back above
2026-09-29,USDJPY,SHORT,first_retest,61.8,1790683435000,1790683435391,1790683473395,391,38.0,157.081,157.146,157.068,157.021,6.5,0.21,1.0046,6.0,1.1129,4.9149,4.892,0.923,7.8,1.4,0.769,PROTECT_LEVEL,SWING_TRAIL,2,-0.0,0.1,0.1973,Fast downward momentum - first retest of the low held and price is moving on
2026-09-29,EURUSD,LONG,opening_range,61.7,1790683448000,1790683449065,1790683583276,1065,134.2,1.13567,1.13551,1.13557,1.13552,1.6,0.13,0.9842,-1.5,0.6889,-2.1652,-2.2,-0.937,1.4,1.3,-1.071,STOP,PROVING,1,0.3,0.1,0.2486,Steady clean upward momentum - breaking above the New York 3-minute opening range
2026-09-29,EURJPY,SHORT,opening_range,60.3,1790683452000,1790683453483,1790683604399,1483,150.9,178.327,178.406,178.406,178.362,7.9,0.21,1.0046,-3.5,1.1129,-4.629,-4.608,-0.443,2.1,4.9,-1.667,THESIS_DEAD,THESIS_DEAD,0,1.8,0.9,0.2143,Very fast ragged downward momentum - breaking below the New York 3-minute opening range
2026-09-29,USDJPY,SHORT,breakout,62.7,1790683503000,1790683503314,1790683514759,314,11.4,156.986,157.028,157.028,157.011,4.2,0.21,1.0046,-2.5,1.1129,-3.6244,-3.608,-0.595,0.1,2.5,-25.0,THESIS_DEAD,THESIS_DEAD,0,0.2,0.2,0.1303,Fast clean downward momentum - breaking below its 20-minute range
2026-09-29,GBPUSD,SHORT,session_breakout,65.8,1790685482000,1790685483626,1790685689342,1626,205.7,1.32292,1.3232,1.32283,1.32278,2.8,0.13,0.9842,1.4,0.6889,0.6889,0.7,0.5,2.6,0.5,0.538,PROTECT_LEVEL,EXHAUSTION,2,-0.0,0.2,0.2202,Very fast clean downward momentum - breaking below the Asian session's low
2026-09-29,EURJPY,LONG,opening_range,61.9,1790686865000,1790686865388,1790687182371,388,317.0,178.538,178.478,178.502,178.5,6.0,0.21,1.0046,-3.8,1.1129,-4.9304,-4.908,-0.633,2.7,3.6,-1.407,STOP,PROVING,1,-0.1,0.6,0.2342,Very fast upward momentum - breaking above the New York 30-minute opening range
2026-09-29,EURUSD,SHORT,sweep,61.6,1790688035000,1790688040495,1790688056789,5495,16.3,1.13426,1.13442,1.13442,1.13441,1.6,0.13,0.9842,-1.5,0.6889,-2.1652,-2.2,-0.937,0.0,1.5,,THESIS_DEAD,THESIS_DEAD,0,0.1,0.1,0.2323,Fast downward momentum - swept the highs and snapped back below
2026-09-29,EURJPY,LONG,sweep,60.2,1790688713000,1790688713278,1790689360431,278,647.2,178.573,178.509,178.603,178.601,6.4,0.21,1.0046,2.8,1.1129,1.7001,1.692,0.437,5.6,3.3,0.5,STOP,SWING_TRAIL,2,0.4,0.5,0.2159,Very fast clean upward momentum - swept the lows and snapped back above
2026-09-29,USDJPY,LONG,sweep,62.7,1790688715000,1790688715286,1790688858844,286,143.6,157.413,157.361,157.466,157.464,5.2,0.21,1.0046,5.1,1.1129,4.0107,3.992,0.981,7.0,1.0,0.729,STOP,SWING_TRAIL,5,0.1,0.2,0.1919,Fast upward momentum - swept the lows and snapped back above
2026-09-29,GBPUSD,SHORT,first_retest,61.5,1790688849000,1790688849410,1790688912634,410,63.2,1.32209,1.32237,1.32189,1.32188,2.8,0.13,0.9842,2.1,0.6889,1.3778,1.4,0.75,3.0,1.1,0.7,PROTECT_LEVEL,SWING_TRAIL,3,0.3,0.2,0.1937,Fast clean downward momentum - first retest of the low held and price is moving on
2026-09-29,GBPUSD,SHORT,breakout,65.8,1790693233000,1790693233363,1790693288370,363,55.0,1.32172,1.32225,1.32225,1.32202,5.3,0.13,0.9842,-3.0,0.6889,-3.6414,-3.7,-0.566,0.4,2.9,-7.5,THESIS_DEAD,THESIS_DEAD,0,0.4,0.3,0.1783,Fast clean downward momentum - breaking below its 20-minute range
2026-09-29,GBPUSD,SHORT,breakout,61.2,1790693735000,1790693735264,1790693851406,264,116.1,1.32156,1.32192,1.32192,1.32189,3.6,0.13,0.9842,-3.3,0.6889,-3.9367,-4.0,-0.917,0.9,3.2,-3.667,THESIS_DEAD,THESIS_DEAD,0,0.2,0.2,0.1511,Fast downward momentum - breaking below its 20-minute range
2026-09-29,EURJPY,LONG,breakout,60.7,1790693855000,1790693855841,1790694152021,841,296.2,178.683,178.627,178.649,178.647,5.6,0.21,1.0046,-3.6,1.1129,-4.7295,-4.708,-0.643,3.3,3.4,-1.091,STOP,PROVING,1,0.6,0.9,0.2261,Very fast upward momentum - breaking above its 20-minute range
2026-09-29,USDJPY,LONG,breakout,70.1,1790693864000,1790693864891,1790694015708,891,150.8,157.583,157.503,157.503,157.569,8.0,0.21,1.0046,-1.4,1.1129,-2.5193,-2.508,-0.175,0.5,3.3,-2.8,THESIS_DEAD,THESIS_DEAD,0,-0.2,0.2,0.1455,Very fast upward momentum - breaking above its 20-minute range
2026-09-29,GBPUSD,SHORT,breakout,62.9,1790694227000,1790694227891,1790694249385,891,21.5,1.32118,1.32142,1.32142,1.32135,2.4,0.13,0.9842,-1.7,0.6889,-2.362,-2.4,-0.708,0.0,1.9,,THESIS_DEAD,THESIS_DEAD,0,-0.1,0.1,0.1658,Fast clean downward momentum - breaking below its 20-minute range
2026-09-29,GBPUSD,SHORT,first_retest,63.9,1790694301000,1790694301389,1790694497562,389,196.2,1.32108,1.32144,1.32083,1.32085,3.6,0.13,0.9842,2.3,0.6889,1.5747,1.6,0.639,3.5,1.7,0.657,STOP,SWING_TRAIL,3,0.3,0.4,0.1654,Fast downward momentum - first retest of the low held and price is moving on
2026-09-29,EURUSD,SHORT,breakout,64.2,1790694735000,1790694739433,1790694775776,4433,36.3,1.13339,1.13351,1.13351,1.13353,1.2,0.13,0.9842,-1.4,0.6889,-2.0667,-2.1,-1.167,0.0,1.2,,STOP,INITIAL,0,0.2,0.2,0.2309,Fast clean downward momentum - breaking below its 20-minute range
2026-09-29,GBPUSD,SHORT,breakout,61.5,1790694742000,1790694742449,1790694783417,449,41.0,1.32055,1.32088,1.32088,1.32075,3.3,0.13,0.9842,-2.0,0.6889,-2.6572,-2.7,-0.606,0.0,2.1,,THESIS_DEAD,THESIS_DEAD,0,0.3,0.2,0.2203,Fast clean downward momentum - breaking below its 20-minute range
2026-09-29,AUDUSD,SHORT,session_breakout,65.1,1790695300000,1790695300547,1790695479221,547,178.7,0.6976,0.69778,0.69745,0.69746,1.8,0.13,0.9842,1.4,0.6889,0.6889,0.7,0.778,2.6,1.0,0.538,PROTECT_LEVEL,PROFIT_RATCHET,4,0.2,0.1,0.2366,Fast clean downward momentum - breaking below the Asian session's low
2026-09-29,EURUSD,SHORT,breakout,69.5,1790695387000,1790695387271,1790695472992,271,85.7,1.1332,1.13346,1.13304,1.13308,2.6,0.13,0.9842,1.2,0.6889,0.4921,0.5,0.462,2.5,0.8,0.48,STOP,SWING_TRAIL,3,0.4,0.1,0.2301,Very fast clean downward momentum - breaking below its 20-minute range
2026-09-29,EURUSD,SHORT,breakout,60.5,1790695617000,1790695617516,1790695675334,516,57.8,1.13275,1.13292,1.13292,1.13286,1.7,0.13,0.9842,-1.1,0.6889,-1.7715,-1.8,-0.647,0.3,1.1,-3.667,THESIS_DEAD,THESIS_DEAD,0,0.1,0.1,0.2177,Steady clean downward momentum - breaking below its 20-minute range
2026-09-29,GBPJPY,SHORT,session_breakout,61.2,1790696840000,1790696840456,1790696841260,456,0.8,207.993,208.028,208.028,208.007,3.5,0.21,1.0046,-1.4,1.1129,-2.5193,-2.508,-0.4,0.0,2.9,,THESIS_DEAD,THESIS_DEAD,0,-0.5,1.1,0.2009,Fast downward momentum - breaking below the London session's low
2026-09-29,EURJPY,SHORT,breakout,64.1,1790698895000,1790698895280,1790698912352,280,17.1,178.383,178.416,178.416,178.41,3.3,0.21,1.0046,-2.7,1.1129,-3.8253,-3.808,-0.818,0.0,2.6,,THESIS_DEAD,THESIS_DEAD,0,0.4,0.5,0.2348,Fast clean downward momentum - breaking below its 20-minute range
2026-09-29,USDCHF,LONG,first_retest,61.8,1790700243000,1790700245388,1790700384621,2388,139.2,0.83528,0.83516,0.83558,0.83556,1.2,0.11,1.0012,2.8,0.5829,2.2206,2.218,2.333,3.6,0.5,0.778,STOP,SWING_TRAIL,5,0.1,0.1,0.2448,Fast upward momentum - first retest of the high held and price is moving on
2026-09-29,EURUSD,SHORT,velocity_burst,71.8,1790700337000,1790700337560,1790701022208,560,684.6,1.13205,1.13239,1.13184,1.13186,3.4,0.13,0.9842,1.9,0.6889,1.181,1.2,0.559,2.9,0.4,0.655,STOP,MOMENTUM_DECAY,3,0.1,0.1,0.2243,Very fast clean downward momentum - broad move: euro falling and US dollar rising across the board
2026-09-29,GBPJPY,SHORT,sweep,68.7,1790700394000,1790700394466,1790700413541,466,19.1,207.92,207.992,207.992,207.944,7.2,0.21,1.0046,-2.4,1.1129,-3.524,-3.508,-0.333,0.4,2.3,-6.0,THESIS_DEAD,THESIS_DEAD,0,-0.0,1.2,0.2339,Very fast clean downward momentum - swept the highs and snapped back below
2026-09-29,EURUSD,SHORT,breakout,60.6,1790701076000,1790701076886,1790701125967,886,49.1,1.13147,1.13181,1.13138,1.13137,3.4,0.13,0.9842,1.0,0.6889,0.2952,0.3,0.294,2.8,0.8,0.357,PROTECT_LEVEL,EXHAUSTION,2,1.2,0.1,0.2347,Fast downward momentum - breaking below its 20-minute range
2026-09-29,EURJPY,SHORT,session_breakout,64.8,1790701077000,1790701077690,1790701299047,690,221.4,178.18,178.218,178.203,178.205,3.8,0.21,1.0046,-2.5,1.1129,-3.6244,-3.608,-0.658,2.6,2.3,-0.962,STOP,PROVING,1,0.1,0.7,0.2286,Very fast downward momentum - breaking below yesterday's low
2026-09-29,USDCHF,LONG,breakout,66.4,1790701089000,1790701089949,1790701137416,949,47.5,0.83585,0.83573,0.83573,0.83572,1.2,0.11,1.0012,-1.3,0.5829,-1.8845,-1.882,-1.083,0.1,1.1,-13.0,THESIS_DEAD,THESIS_DEAD,0,0.2,0.0,0.2494,Very fast upward momentum - breaking above its 20-minute range
2026-09-29,EURJPY,SHORT,session_breakout,65.1,1790701894000,1790701894451,1790702013592,451,119.1,178.135,178.176,178.176,178.164,4.1,0.21,1.0046,-2.9,1.1129,-4.0263,-4.008,-0.707,0.3,2.9,-9.667,THESIS_DEAD,THESIS_DEAD,0,0.4,0.4,0.1739,Very fast clean downward momentum - breaking below yesterday's low
2026-09-29,GBPJPY,SHORT,sweep,63.3,1790703077000,1790703077572,1790703250173,572,172.6,207.901,207.938,207.924,207.924,3.7,0.21,1.0046,-2.3,1.1129,-3.4235,-3.408,-0.622,2.1,2.2,-1.095,THESIS_DEAD,THESIS_DEAD,1,0.1,0.6,0.2226,Fast clean downward momentum - swept the highs and snapped back below
2026-09-29,EURUSD,LONG,breakout,65.7,1790703959000,1790703960099,1790704006333,1099,46.2,1.13189,1.13175,1.13175,1.13175,1.4,0.13,0.9842,-1.4,0.6889,-2.0667,-2.1,-1.0,0.4,1.2,-3.5,THESIS_DEAD,THESIS_DEAD,0,0.3,0.1,0.2332,Fast clean upward momentum - breaking above its 20-minute range
2026-09-29,EURUSD,LONG,sweep,71.7,1790704807000,1790704807305,1790704811124,305,3.8,1.13213,1.13192,1.13222,1.13217,2.1,0.13,0.9842,0.4,0.6889,-0.2952,-0.3,0.19,2.5,0.6,0.16,STOP,RUNNER,1,0.1,0.3,0.2087,Very fast clean upward momentum - swept the lows and snapped back above
2026-09-29,GBPUSD,LONG,sweep,70.6,1790704863000,1790704863377,1790704894300,377,30.9,1.3217,1.32145,1.32145,1.32147,2.5,0.13,0.9842,-2.3,0.6889,-2.9525,-3.0,-0.92,0.3,2.2,-7.667,THESIS_DEAD,THESIS_DEAD,0,0.1,0.4,0.2113,Very fast clean upward momentum - swept the lows and snapped back above
2026-09-29,USDJPY,SHORT,sweep,71.8,1790704931000,1790704931686,1790705082384,686,150.7,157.301,157.355,157.355,157.308,5.4,0.21,1.0046,-0.7,1.1129,-1.8161,-1.808,-0.13,0.8,3.1,-0.875,THESIS_DEAD,THESIS_DEAD,0,0.6,0.2,0.2158,Very fast downward momentum - swept the highs and snapped back below
2026-09-29,USDCHF,SHORT,first_retest,71.5,1790705086000,1790705086407,1790705141334,407,54.9,0.83447,0.83462,0.83432,0.83434,1.5,0.11,1.0012,1.3,0.5829,0.7187,0.718,0.867,2.8,0.4,0.464,STOP,PROFIT_RATCHET,4,0.2,0.1,0.2075,Very fast downward momentum - first retest of the low held and price is moving on
2026-09-29,USDJPY,SHORT,first_retest,64.4,1790705234000,1790705234597,1790705246046,597,11.4,157.276,157.313,157.313,157.303,3.7,0.21,1.0046,-2.7,1.1129,-3.8253,-3.808,-0.73,0.0,2.5,,THESIS_DEAD,THESIS_DEAD,0,0.1,0.1,0.2249,Fast downward momentum - first retest of the low held and price is moving on
2026-09-29,USDCHF,SHORT,breakout,63.2,1790705624000,1790705625027,1790705851167,1027,226.1,0.8339,0.83418,0.83378,0.8338,2.8,0.11,1.0012,1.0,0.5829,0.4183,0.418,0.357,2.6,0.8,0.385,STOP,SWING_TRAIL,2,0.7,0.1,0.1855,Steady clean downward momentum - breaking below its 20-minute range
2026-09-29,EURUSD,LONG,breakout,63.7,1790705643000,1790705643524,1790705681548,524,38.0,1.13369,1.13329,1.13329,1.13355,4.0,0.13,0.9842,-1.4,0.6889,-2.0667,-2.1,-0.35,0.8,1.3,-1.75,THESIS_DEAD,THESIS_DEAD,0,0.2,0.0,0.1956,Fast clean upward momentum - breaking above its 20-minute range
2026-09-29,USDJPY,SHORT,breakout,64.6,1790706188000,1790706188406,1790706200258,406,11.9,157.203,157.241,157.241,157.223,3.8,0.21,1.0046,-2.0,1.1129,-3.1221,-3.108,-0.526,0.0,1.9,,THESIS_DEAD,THESIS_DEAD,0,-0.1,0.1,0.1586,Fast clean downward momentum - breaking below its 20-minute range
2026-09-29,USDJPY,SHORT,sweep,60.3,1790706617000,1790706617564,1790706631427,564,13.9,157.193,157.245,157.245,157.237,5.2,0.21,1.0046,-4.4,1.1129,-5.5332,-5.508,-0.846,0.0,4.2,,THESIS_DEAD,THESIS_DEAD,0,-0.2,0.2,0.1718,Very fast ragged downward momentum - swept the highs and snapped back below
2026-09-29,USDCHF,SHORT,sweep,61.5,1790707116000,1790707116445,1790707296222,445,179.8,0.83351,0.83379,0.83333,0.83335,2.8,0.11,1.0012,1.6,0.5829,1.0191,1.018,0.571,2.6,0.5,0.615,STOP,SWING_TRAIL,3,0.1,0.0,0.1985,Fast downward momentum - swept the highs and snapped back below
2026-09-29,GBPUSD,LONG,sweep,60.7,1790707142000,1790707142428,1790707231865,428,89.4,1.32317,1.32299,1.32326,1.32322,1.8,0.13,0.9842,0.5,0.6889,-0.1968,-0.2,0.278,2.0,0.4,0.25,STOP,COSTS_COVERED,3,0.1,0.2,0.1606,Steady upward momentum - swept the lows and snapped back above
2026-09-29,USDJPY,LONG,sweep,62.0,1790710938000,1790710940663,1790711883133,2663,942.5,157.288,157.256,157.321,157.319,3.2,0.21,1.0046,3.1,1.1129,2.0015,1.992,0.969,4.9,1.7,0.633,STOP,SWING_TRAIL,4,0.3,0.1,0.1973,Fast clean upward momentum - swept the lows and snapped back above
2026-09-29,USDCHF,LONG,sweep,66.2,1790712614000,1790712624606,1790712779981,10606,155.4,0.83417,0.83394,0.83394,0.8341,2.3,0.11,1.0012,-0.7,0.5829,-1.2838,-1.282,-0.304,0.4,0.6,-1.75,THESIS_DEAD,THESIS_DEAD,0,0.2,0.1,0.2413,Very fast upward momentum - swept the lows and snapped back above
2026-09-30,GBPJPY,SHORT,sweep,69.7,1790729702000,1790729702588,1790729811330,588,108.7,207.973,208.069,207.899,207.863,9.6,0.21,1.0046,11.0,1.1129,9.938,9.892,1.146,13.2,1.2,0.833,PROTECT_LEVEL,SWING_TRAIL,3,2.4,0.9,0.215,Very fast clean downward momentum - swept the highs and snapped back below
2026-09-30,EURJPY,SHORT,sweep,76.5,1790729703000,1790729703398,1790729811934,398,108.5,178.255,178.344,178.196,178.173,8.9,0.21,1.0046,8.2,1.1129,7.125,7.092,0.921,11.0,1.4,0.745,PROTECT_LEVEL,SWING_TRAIL,3,0.4,1.2,0.2418,Very fast clean downward momentum - swept the highs and snapped back below
2026-09-30,USDJPY,SHORT,sweep,68.3,1790729703000,1790729703596,1790729815151,596,111.6,157.235,157.321,157.116,157.118,8.6,0.21,1.0046,11.7,1.1129,10.6412,10.592,1.36,14.9,0.4,0.785,STOP,SWING_TRAIL,5,0.4,0.2,0.1779,Very fast downward momentum - swept the highs and snapped back below
2026-09-30,GBPJPY,SHORT,session_breakout,66.3,1790729851000,1790729851555,1790729938297,555,86.7,207.838,207.887,207.803,207.8,4.9,0.21,1.0046,3.8,1.1129,2.7047,2.692,0.776,5.9,1.1,0.644,PROTECT_LEVEL,EXHAUSTION,4,-1.1,0.9,0.169,Very fast downward momentum - breaking below yesterday's low
2026-09-30,EURJPY,SHORT,sweep,63.0,1790729872000,1790729872280,1790729894450,280,22.2,178.107,178.157,178.157,178.144,5.0,0.21,1.0046,-3.7,1.1129,-4.83,-4.808,-0.74,0.0,3.5,,THESIS_DEAD,THESIS_DEAD,0,0.2,1.0,0.22,Very fast downward momentum - swept the highs and snapped back below
2026-09-30,GBPJPY,SHORT,breakout,61.9,1790730376000,1790730376601,1790730433741,601,57.1,207.746,207.834,207.834,207.78,8.8,0.21,1.0046,-3.4,1.1129,-4.5286,-4.508,-0.386,1.0,3.2,-3.4,THESIS_DEAD,THESIS_DEAD,0,0.0,0.5,0.1456,Steady downward momentum - breaking below its 20-minute range
2026-09-30,EURJPY,SHORT,breakout,61.2,1790731065000,1790731065395,1790731164407,395,99.0,177.979,178.057,177.966,177.933,7.8,0.21,1.0046,4.6,1.1129,3.5084,3.492,0.59,6.8,2.5,0.676,PROTECT_LEVEL,SWING_TRAIL,2,-0.4,1.1,0.2091,Very fast ragged downward momentum - breaking below its 20-minute range
2026-09-30,USDJPY,SHORT,session_breakout,72.4,1790731065000,1790731065397,1790731200207,397,134.8,156.959,157.044,156.897,156.899,8.5,0.21,1.0046,6.0,1.1129,4.9149,4.892,0.706,9.4,1.6,0.638,STOP,SWING_TRAIL,4,-0.4,0.1,0.124,Very fast downward momentum - breaking below yesterday's low
2026-09-30,GBPJPY,SHORT,breakout,60.5,1790731069000,1790731069426,1790731200208,426,130.8,207.647,207.747,207.578,207.588,10.0,0.21,1.0046,5.9,1.1129,4.8144,4.792,0.59,10.2,3.0,0.578,STOP,SWING_TRAIL,3,0.5,1.1,0.1657,Very fast ragged downward momentum - breaking below its 20-minute range
2026-09-30,EURJPY,SHORT,breakout,60.0,1790731262000,1790731262335,1790731284255,335,21.9,177.838,177.883,177.883,177.87,4.5,0.21,1.0046,-3.2,1.1129,-4.3276,-4.308,-0.711,0.0,3.7,,THESIS_DEAD,THESIS_DEAD,0,0.3,1.2,0.1855,Fast clean downward momentum - breaking below its 20-minute range
2026-09-30,AUDUSD,SHORT,sweep,65.3,1790731806000,1790731807167,1790731828709,1167,21.5,0.69785,0.69844,0.69759,0.69761,5.9,0.13,0.9842,2.4,0.6889,1.6731,1.7,0.407,5.1,3.1,0.471,STOP,ATR_CHANDELIER,2,3.0,0.5,0.1778,Very fast clean downward momentum - swept the highs and snapped back below
2026-09-30,AUDUSD,SHORT,sweep,60.5,1790731973000,1790731973721,1790732196593,721,222.9,0.69721,0.69764,0.69712,0.69695,4.3,0.13,0.9842,2.6,0.6889,1.8699,1.9,0.605,4.5,0.7,0.578,PROTECT_LEVEL,EXHAUSTION,2,0.1,0.1,0.192,Very fast downward momentum - swept the highs and snapped back below
2026-09-30,AUDUSD,SHORT,breakout,68.3,1790732229000,1790732229943,1790732343550,943,113.6,0.6966,0.69697,0.69627,0.69629,3.7,0.13,0.9842,3.1,0.6889,2.362,2.4,0.838,4.7,0.5,0.66,STOP,EXHAUSTION,3,0.1,0.1,0.1314,Fast clean downward momentum - breaking below its 20-minute range
2026-09-30,GBPJPY,SHORT,breakout,63.1,1790732427000,1790732427371,1790732508445,371,81.1,207.33,207.426,207.265,207.256,9.6,0.21,1.0046,7.4,1.1129,6.3213,6.292,0.771,11.8,1.0,0.627,PROTECT_LEVEL,PROFIT_RATCHET,4,0.6,0.8,0.1391,Fast downward momentum - breaking below its 20-minute range
2026-09-30,USDJPY,SHORT,breakout,68.9,1790732428000,1790732428578,1790732508445,578,79.9,156.708,156.765,156.665,156.661,5.7,0.21,1.0046,4.7,1.1129,3.6089,3.592,0.825,8.1,1.4,0.58,PROTECT_LEVEL,PROFIT_RATCHET,4,0.1,0.1,0.1189,Very fast clean downward momentum - breaking below its 20-minute range
2026-09-30,EURJPY,SHORT,breakout,69.1,1790732428000,1790732428581,1790732621137,581,192.6,177.718,177.819,177.662,177.664,10.1,0.21,1.0046,5.4,1.1129,4.3121,4.292,0.535,8.9,1.6,0.607,STOP,MOMENTUM_DECAY,5,0.2,1.2,0.2075,Very fast clean downward momentum - breaking below its 20-minute range
2026-09-30,EURJPY,SHORT,breakout,60.0,1790734215000,1790734215286,1790734400437,286,185.2,177.589,177.642,177.553,177.546,5.3,0.21,1.0046,4.3,1.1129,3.207,3.192,0.811,7.0,1.4,0.614,PROTECT_LEVEL,PROFIT_RATCHET,4,0.7,1.2,0.1761,Fast clean downward momentum - breaking below its 20-minute range
2026-09-30,GBPJPY,SHORT,breakout,63.7,1790734224000,1790734224548,1790734460896,548,236.3,207.206,207.286,207.105,207.101,8.0,0.21,1.0046,10.5,1.1129,9.4357,9.392,1.312,13.0,1.1,0.808,PROTECT_LEVEL,SWING_TRAIL,5,-0.0,0.7,0.1547,Fast downward momentum - breaking below its 20-minute range
2026-09-30,USDJPY,SHORT,squeeze_release,60.2,1790734287000,1790734287284,1790734468327,284,181.0,156.613,156.668,156.58,156.586,5.5,0.21,1.0046,2.7,1.1129,1.5996,1.592,0.491,5.5,2.5,0.491,STOP,SWING_TRAIL,3,-0.0,0.1,0.1417,Fast downward momentum - squeeze releasing downward
2026-09-30,EURJPY,SHORT,breakout,68.6,1790734685000,1790734685423,1790734892646,423,207.2,177.419,177.496,177.466,177.468,7.7,0.21,1.0046,-4.9,1.1129,-6.0355,-6.008,-0.636,3.5,4.7,-1.4,STOP,PROVING,1,0.6,1.2,0.2053,Very fast clean downward momentum - breaking below its 20-minute range
2026-09-30,USDJPY,SHORT,breakout,74.4,1790734685000,1790734685631,1790734945698,631,260.1,156.476,156.546,156.518,156.524,7.0,0.21,1.0046,-4.8,1.1129,-5.935,-5.908,-0.686,3.8,4.6,-1.263,STOP,PROVING,1,0.6,0.0,0.1154,Very fast clean downward momentum - breaking below its 20-minute range
2026-09-30,GBPJPY,SHORT,breakout,70.0,1790734687000,1790734687634,1790734994572,634,306.9,206.987,207.088,207.088,207.091,10.1,0.21,1.0046,-10.4,1.1129,-11.5609,-11.508,-1.03,3.7,10.2,-2.811,STOP,INITIAL,0,0.3,1.0,0.1571,Very fast clean downward momentum - breaking below its 20-minute range
2026-09-30,GBPJPY,SHORT,breakout,64.5,1790735266000,1790735266343,1790735450492,343,184.1,206.932,207.037,206.995,206.997,10.5,0.21,1.0046,-6.5,1.1129,-7.6429,-7.608,-0.619,4.4,6.3,-1.477,STOP,PROVING,1,0.4,0.6,0.1298,Very fast downward momentum - breaking below its 20-minute range
2026-09-30,USDJPY,SHORT,breakout,65.1,1790735266000,1790735266344,1790735443470,344,177.1,156.42,156.491,156.463,156.456,7.1,0.21,1.0046,-3.6,1.1129,-4.7295,-4.708,-0.507,4.1,3.5,-0.878,THESIS_DEAD,THESIS_DEAD,1,-0.2,0.1,0.1157,Very fast downward momentum - breaking below its 20-minute range
2026-09-30,AUDUSD,LONG,breakout,68.2,1790737257000,1790737257419,1790737911436,419,654.0,0.69745,0.69725,0.69733,0.69731,2.0,0.13,0.9842,-1.4,0.6889,-2.0667,-2.1,-0.7,1.8,1.3,-0.778,STOP,PROVING,1,0.3,0.1,0.2298,Very fast clean upward momentum - breaking above its 20-minute range
2026-09-30,EURJPY,LONG,breakout,60.3,1790737481000,1790737481269,1790737545209,269,63.9,177.764,177.719,177.719,177.721,4.5,0.21,1.0046,-4.3,1.1129,-5.4327,-5.408,-0.956,0.0,4.1,,THESIS_DEAD,THESIS_DEAD,0,-0.2,0.8,0.1586,Fast clean upward momentum - breaking above its 20-minute range
2026-09-30,USDJPY,LONG,breakout,61.1,1790741615000,1790741615331,1790741833415,331,218.1,156.926,156.902,156.911,156.909,2.4,0.21,1.0046,-1.7,1.1129,-2.8207,-2.808,-0.708,1.6,1.5,-1.063,STOP,PROVING,1,0.6,0.1,0.2493,Steady clean upward momentum - breaking above its 20-minute range
2026-09-30,EURJPY,LONG,breakout,60.6,1790741619000,1790741619925,1790741835460,925,215.5,177.816,177.792,177.801,177.799,2.4,0.21,1.0046,-1.7,1.1129,-2.8207,-2.808,-0.708,2.2,1.5,-0.773,STOP,PROVING,1,0.0,0.2,0.1439,Steady clean upward momentum - breaking above its 20-minute range
2026-09-30,EURJPY,LONG,breakout,61.2,1790742338000,1790742338422,1790742359715,422,21.3,177.856,177.825,177.825,177.829,3.1,0.21,1.0046,-2.7,1.1129,-3.8253,-3.808,-0.871,0.0,2.6,,THESIS_DEAD,THESIS_DEAD,0,0.4,0.9,0.1598,Very fast clean upward momentum - breaking above its 20-minute range
2026-09-30,GBPJPY,LONG,first_retest,61.1,1790742994000,1790742994992,1790743053191,992,58.2,207.661,207.618,207.674,207.721,4.3,0.21,1.0046,6.0,1.1129,4.9149,4.892,1.395,8.0,2.2,0.75,PROTECT_LEVEL,SWING_TRAIL,1,1.0,1.5,0.1725,Fast clean upward momentum - first retest of the high held and price is moving on
2026-09-30,USDJPY,LONG,velocity_burst,61.1,1790743020000,1790743020572,1790743053191,572,32.6,157.051,157.019,157.064,157.083,3.2,0.21,1.0046,3.2,1.1129,2.1019,2.092,1.0,5.6,0.3,0.571,PROTECT_LEVEL,EXHAUSTION,1,0.8,0.1,0.1517,Very fast clean upward momentum - broad move: US dollar rising and yen falling across the board
2026-09-30,GBPJPY,LONG,breakout,62.4,1790743088000,1790743088578,1790743241545,578,153.0,207.766,207.716,207.799,207.803,5.0,0.21,1.0046,3.7,1.1129,2.6042,2.592,0.74,5.8,1.0,0.638,PROTECT_LEVEL,SWING_TRAIL,3,0.6,0.8,0.1832,Very fast clean upward momentum - breaking above its 20-minute range
2026-09-30,USDJPY,LONG,breakout,62.6,1790743089000,1790743090187,1790743234320,1187,144.1,157.115,157.082,157.135,157.133,3.3,0.21,1.0046,1.8,1.1129,0.6955,0.692,0.545,4.1,0.6,0.439,STOP,PROFIT_RATCHET,3,0.2,0.2,0.1611,Very fast clean upward momentum - breaking above its 20-minute range
2026-09-30,USDJPY,LONG,pullback,60.1,1790743758000,1790743768722,1790743812567,10722,43.8,157.16,157.128,157.173,157.197,3.2,0.21,1.0046,3.7,1.1129,2.6042,2.592,1.156,9.8,0.3,0.378,PROTECT_LEVEL,PROFIT_RATCHET,2,0.2,0.1,0.1914,Very fast clean upward momentum - shallow pullback in a rising move now turning back
2026-09-30,GBPJPY,LONG,breakout,62.8,1790743802000,1790743802309,1790743818408,309,16.1,207.96,207.852,207.852,207.862,10.8,0.21,1.0046,-9.8,1.1129,-10.9581,-10.908,-0.907,0.0,9.6,,THESIS_DEAD,THESIS_DEAD,0,8.1,0.5,0.1773,Steady clean upward momentum - breaking above its 20-minute range
2026-09-30,EURJPY,LONG,breakout,74.1,1790743803000,1790743803308,1790743818609,308,15.3,178.145,178.071,178.071,178.078,7.4,0.21,1.0046,-6.7,1.1129,-7.8438,-7.808,-0.905,0.0,6.5,,THESIS_DEAD,THESIS_DEAD,0,0.1,1.2,0.2038,Very fast clean upward momentum - breaking above its 20-minute range
2026-09-30,GBPJPY,LONG,breakout,61.0,1790743848000,1790743848398,1790743859655,398,11.3,207.911,207.858,207.858,207.868,5.3,0.21,1.0046,-4.3,1.1129,-5.4327,-5.408,-0.811,0.0,4.1,,THESIS_DEAD,THESIS_DEAD,0,0.0,0.8,0.2387,Very fast ragged upward momentum - breaking above its 20-minute range
2026-09-30,USDJPY,SHORT,breakout,62.2,1790746211000,1790746211306,1790746389509,306,178.2,156.982,157.002,156.949,156.949,2.0,0.21,1.0046,3.3,1.1129,2.2024,2.192,1.65,4.7,0.8,0.702,PROTECT_LEVEL,SWING_TRAIL,6,-0.3,0.1,0.1471,Fast clean downward momentum - breaking below its 20-minute range
2026-09-30,USDJPY,SHORT,first_retest,62.0,1790746479000,1790746479357,1790746506289,357,26.9,156.911,156.951,156.951,156.94,4.0,0.21,1.0046,-2.9,1.1129,-4.0263,-4.008,-0.725,0.0,2.7,,THESIS_DEAD,THESIS_DEAD,0,-0.0,0.2,0.1666,Fast downward momentum - first retest of the low held and price is moving on
2026-09-30,USDJPY,SHORT,first_retest,64.5,1790747913000,1790747913290,1790748236012,290,322.7,156.885,156.939,156.939,156.941,5.4,0.21,1.0046,-5.6,1.1129,-6.7387,-6.708,-1.037,2.1,5.4,-2.667,STOP,INITIAL,0,0.4,0.2,0.2045,Very fast downward momentum - first retest of the low held and price is moving on
2026-09-30,GBPUSD,LONG,breakout,73.6,1790748067000,1790748067317,1790748150622,317,83.3,1.32544,1.32515,1.32564,1.32554,2.9,0.13,0.9842,1.0,0.6889,0.2952,0.3,0.345,3.6,2.0,0.278,STOP,SWING_TRAIL,3,1.1,0.2,0.2407,Very fast clean upward momentum - breaking above its 20-minute range
2026-09-30,GBPJPY,LONG,breakout,69.6,1790748148000,1790748149420,1790748156438,1420,7.0,208.021,207.926,207.926,207.983,9.5,0.21,1.0046,-3.8,1.1129,-4.9304,-4.908,-0.4,0.0,4.5,,THESIS_DEAD,THESIS_DEAD,0,0.2,0.9,0.1876,Very fast clean upward momentum - breaking above its 20-minute range
2026-09-30,EURJPY,LONG,breakout,65.3,1790748391000,1790748391272,1790748542814,272,151.5,178.164,178.107,178.107,178.123,5.7,0.21,1.0046,-4.1,1.1129,-5.2318,-5.208,-0.719,0.5,4.2,-8.2,THESIS_DEAD,THESIS_DEAD,0,0.3,0.5,0.1814,Very fast upward momentum - breaking above its 20-minute range
2026-09-30,GBPUSD,LONG,session_breakout,65.7,1790751780000,1790751780781,1790751832234,781,51.5,1.32621,1.32594,1.32594,1.32599,2.7,0.13,0.9842,-2.2,0.6889,-2.8541,-2.9,-0.815,0.7,2.4,-3.143,THESIS_DEAD,THESIS_DEAD,0,0.5,0.2,0.1809,Fast clean upward momentum - breaking above yesterday's high
2026-09-30,USDJPY,SHORT,opening_range,60.6,1790752515000,1790752515309,1790752531780,309,16.5,156.672,156.713,156.713,156.708,4.1,0.21,1.0046,-3.6,1.1129,-4.7295,-4.708,-0.878,0.0,3.5,,THESIS_DEAD,THESIS_DEAD,0,0.3,0.3,0.1394,Steady clean downward momentum - breaking below the London 15-minute opening range
2026-09-30,GBPUSD,LONG,opening_range,63.5,1790752637000,1790752637297,1790753088364,297,451.1,1.32714,1.32685,1.32772,1.32756,2.9,0.13,0.9842,4.2,0.6889,3.4446,3.5,1.448,6.8,1.5,0.618,STOP,MOMENTUM_DECAY,12,0.2,0.3,0.1918,Fast clean upward momentum - breaking above the London 15-minute opening range
2026-09-30,GBPJPY,LONG,opening_range,60.6,1790752844000,1790752844318,1790753088367,318,244.0,208.06,207.98,208.172,208.161,8.0,0.21,1.0046,10.1,1.1129,9.0338,8.992,1.262,13.8,2.4,0.732,STOP,MOMENTUM_DECAY,8,0.4,0.6,0.115,Fast upward momentum - breaking above the London 15-minute opening range
2026-09-30,GBPUSD,LONG,opening_range,68.3,1790754355000,1790754356168,1790754404407,1168,48.2,1.32705,1.32665,1.32665,1.32675,4.0,0.13,0.9842,-3.0,0.6889,-3.6414,-3.7,-0.75,0.0,2.8,,THESIS_DEAD,THESIS_DEAD,0,0.4,0.2,0.1779,Very fast clean upward momentum - breaking above the London 15-minute opening range
2026-09-30,GBPUSD,SHORT,breakout,61.0,1790756052000,1790756052433,1790756163552,433,111.1,1.32582,1.32612,1.32566,1.32569,3.0,0.13,0.9842,1.3,0.6889,0.5905,0.6,0.433,2.6,0.5,0.5,STOP,SWING_TRAIL,3,0.3,0.3,0.2314,Fast clean downward momentum - breaking below its 20-minute range
2026-09-30,GBPUSD,LONG,opening_range,60.7,1790756768000,1790756768428,1790756820298,428,51.9,1.32713,1.32685,1.32685,1.32688,2.8,0.13,0.9842,-2.5,0.6889,-3.1493,-3.2,-0.893,0.0,2.3,,THESIS_DEAD,THESIS_DEAD,0,0.2,0.2,0.1793,Steady clean upward momentum - breaking above the London 15-minute opening range
2026-09-30,EURJPY,LONG,sweep,67.3,1790758501000,1790758502607,1790758796383,1607,293.8,178.24,178.185,178.291,178.288,5.5,0.21,1.0046,4.8,1.1129,3.7093,3.692,0.873,7.2,2.7,0.667,STOP,SWING_TRAIL,3,0.6,1.1,0.2108,Fast upward momentum - swept the lows and snapped back above
2026-09-30,EURUSD,LONG,opening_range,80.0,1790758629000,1790758629344,1790758898271,344,268.9,1.13584,1.1355,1.13563,1.13561,3.4,0.13,0.9842,-2.3,0.6889,-2.9525,-3.0,-0.676,2.3,2.1,-1.0,STOP,PROVING,1,0.2,0.1,0.235,Very fast clean upward momentum - breaking above the London 30-minute opening range
2026-09-30,GBPUSD,LONG,first_retest,65.4,1790759093000,1790759093390,1790759122113,390,28.7,1.32791,1.32737,1.32737,1.3277,5.4,0.13,0.9842,-2.1,0.6889,-2.7557,-2.8,-0.389,0.1,2.3,-21.0,THESIS_DEAD,THESIS_DEAD,0,0.0,0.2,0.1758,Very fast clean upward momentum - first retest of the high held and price is moving on
2026-09-30,GBPJPY,LONG,sweep,60.0,1790761809000,1790761809424,1790761856256,424,46.8,208.538,208.481,208.481,208.503,5.7,0.21,1.0046,-3.5,1.1129,-4.629,-4.608,-0.614,0.0,3.3,,THESIS_DEAD,THESIS_DEAD,0,0.4,0.6,0.1605,Steady upward momentum - swept the lows and snapped back above
2026-09-30,GBPUSD,LONG,opening_range,66.9,1790762241000,1790762241794,1790762308438,794,66.6,1.32814,1.32791,1.32823,1.32821,2.3,0.13,0.9842,0.7,0.6889,0.0,0.0,0.304,2.1,0.6,0.333,STOP,COSTS_COVERED,2,0.1,0.4,0.183,Fast clean upward momentum - breaking above the London 30-minute opening range
2026-09-30,EURUSD,LONG,breakout,64.8,1790762458000,1790762459712,1790762633671,1712,174.0,1.13608,1.1359,1.13621,1.13619,1.8,0.13,0.9842,1.1,0.6889,0.3937,0.4,0.611,1.9,0.4,0.579,STOP,SWING_TRAIL,2,-0.1,0.1,0.2306,Very fast clean upward momentum - breaking above its 20-minute range
2026-09-30,USDJPY,SHORT,squeeze_release,69.2,1790762467000,1790762467581,1790762523002,581,55.4,156.987,157.002,156.974,156.948,1.5,0.21,1.0046,3.9,1.1129,2.8052,2.792,2.6,6.6,1.0,0.591,PROTECT_LEVEL,SWING_TRAIL,2,-0.3,0.2,0.2339,Very fast downward momentum - squeeze releasing downward
2026-09-30,GBPUSD,LONG,breakout,64.2,1790763490000,1790763490444,1790763536456,444,46.0,1.32923,1.32899,1.32899,1.32896,2.4,0.13,0.9842,-2.7,0.6889,-3.3462,-3.4,-1.125,0.9,2.5,-3.0,STOP,INITIAL,0,0.1,0.2,0.1779,Very fast clean upward momentum - breaking above its 20-minute range
2026-09-30,GBPUSD,LONG,first_retest,80.0,1790764362000,1790764363971,1790764375018,1971,11.0,1.33002,1.3295,1.3295,1.32979,5.2,0.13,0.9842,-2.3,0.6889,-2.9525,-3.0,-0.442,0.0,2.2,,THESIS_DEAD,THESIS_DEAD,0,0.0,0.2,0.2001,Very fast clean upward momentum - first retest of the high held and price is moving on
2026-09-30,GBPUSD,LONG,breakout,68.2,1790764611000,1790764611756,1790764717280,756,105.5,1.33011,1.32979,1.32979,1.32984,3.2,0.13,0.9842,-2.7,0.6889,-3.3462,-3.4,-0.844,0.0,2.6,,THESIS_DEAD,THESIS_DEAD,0,0.4,0.5,0.1724,Very fast clean upward momentum - breaking above its 20-minute range
2026-09-30,GBPJPY,LONG,session_breakout,61.1,1790765613000,1790765613485,1790765678616,485,65.1,208.805,208.774,208.774,208.779,3.1,0.21,1.0046,-2.6,1.1129,-3.7249,-3.708,-0.839,0.3,2.5,-8.667,THESIS_DEAD,THESIS_DEAD,0,0.0,0.6,0.1583,Fast upward momentum - breaking above yesterday's high
2026-09-30,USDJPY,LONG,squeeze_release,61.2,1790766550000,1790766552011,1790766641456,2011,89.4,157.132,157.113,157.113,157.118,1.9,0.21,1.0046,-1.4,1.1129,-2.5193,-2.508,-0.737,0.3,1.5,-4.667,THESIS_DEAD,THESIS_DEAD,0,0.1,0.1,0.1738,Fast clean upward momentum - squeeze releasing upward
2026-09-30,GBPJPY,LONG,session_breakout,66.0,1790766791000,1790766791552,1790766863331,552,71.8,208.821,208.736,208.736,208.786,8.5,0.21,1.0046,-3.5,1.1129,-4.629,-4.608,-0.412,0.3,3.6,-11.667,THESIS_DEAD,THESIS_DEAD,0,0.0,0.5,0.1636,Fast clean upward momentum - breaking above yesterday's high
2026-09-30,GBPJPY,SHORT,sweep,66.1,1790767764000,1790767764375,1790767871353,375,107.0,208.606,208.664,208.664,208.644,5.8,0.21,1.0046,-3.8,1.1129,-4.9304,-4.908,-0.655,0.0,3.6,,THESIS_DEAD,THESIS_DEAD,0,-0.2,0.8,0.2219,Very fast clean downward momentum - swept the highs and snapped back below
2026-09-30,EURUSD,LONG,first_retest,77.1,1790771410000,1790771410540,1790771430411,540,19.9,1.13696,1.1364,1.13705,1.13729,5.6,0.13,0.9842,3.3,0.6889,2.5588,2.6,0.589,4.7,3.5,0.702,PROTECT_LEVEL,SWING_TRAIL,2,1.8,0.5,0.2302,Very fast clean upward momentum - first retest of the high held and price is moving on
2026-09-30,AUDUSD,LONG,sweep,66.4,1790771411000,1790771411277,1790771459274,277,48.0,0.69754,0.69715,0.69785,0.69782,3.9,0.13,0.9842,2.8,0.6889,2.0667,2.1,0.718,4.0,1.4,0.7,STOP,EXHAUSTION,3,0.3,0.5,0.2222,Very fast clean upward momentum - swept the lows and snapped back above
2026-09-30,USDJPY,SHORT,opening_range,69.5,1790771411000,1790771411612,1790771426453,612,14.8,156.849,156.91,156.836,156.838,6.1,0.21,1.0046,1.1,1.1129,-0.0078,-0.008,0.18,5.7,2.0,0.193,STOP,RUNNER,2,1.0,1.0,0.24,Very fast clean downward momentum - breaking below the New York 30-minute opening range
2026-09-30,USDJPY,SHORT,breakout,73.1,1790771463000,1790771463358,1790771473386,358,10.0,156.767,156.801,156.754,156.734,3.4,0.21,1.0046,3.3,1.1129,2.2024,2.192,0.971,4.4,0.7,0.75,PROTECT_LEVEL,PROFIT_RATCHET,2,-0.1,0.2,0.0894,Very fast clean downward momentum - breaking below its 20-minute range
2026-09-30,GBPUSD,LONG,breakout,65.3,1790771465000,1790771465365,1790771520937,365,55.6,1.33049,1.33011,1.33091,1.33087,3.8,0.13,0.9842,3.8,0.6889,3.0509,3.1,1.0,6.0,1.4,0.633,STOP,SWING_TRAIL,6,0.4,0.4,0.0962,Very fast clean upward momentum - breaking above its 20-minute range
2026-09-30,USDCHF,SHORT,session_breakout,66.7,1790771465000,1790771465365,1790771531371,365,66.0,0.83301,0.83326,0.83252,0.83254,2.5,0.11,1.0012,4.7,0.5829,4.1229,4.118,1.88,7.1,0.7,0.662,STOP,PROFIT_RATCHET,7,0.1,0.1,0.1899,Very fast clean downward momentum - breaking below the Asian session's low
2026-09-30,AUDUSD,LONG,sweep,61.4,1790771486000,1790771486360,1790771528286,360,41.9,0.69819,0.69796,0.69837,0.69835,2.3,0.13,0.9842,1.6,0.6889,0.8857,0.9,0.696,3.6,0.9,0.444,STOP,PROFIT_RATCHET,4,0.2,0.1,0.1901,Very fast upward momentum - swept the lows and snapped back above
2026-09-30,USDJPY,SHORT,breakout,60.6,1790771517000,1790771518125,1790771529568,1125,11.4,156.692,156.724,156.724,156.726,3.2,0.21,1.0046,-3.4,1.1129,-4.5286,-4.508,-1.063,0.0,3.2,,STOP,INITIAL,0,0.5,0.2,0.1428,Fast clean downward momentum - breaking below its 20-minute range
2026-09-30,EURUSD,LONG,session_breakout,60.3,1790771549000,1790771549398,1790771640146,398,90.7,1.13775,1.13744,1.13784,1.13779,3.1,0.13,0.9842,0.4,0.6889,-0.2952,-0.3,0.129,2.8,1.2,0.143,STOP,EXHAUSTION,2,0.1,0.1,0.14,Steady ragged upward momentum - breaking above yesterday's high
2026-09-30,USDCAD,SHORT,breakout,63.7,1790771549000,1790771549928,1790771597525,928,47.6,1.41618,1.41649,1.41587,1.41583,3.1,0.19,1.0073,3.5,1.0069,2.5188,2.5,1.129,5.5,0.6,0.636,PROTECT_LEVEL,PROFIT_RATCHET,5,0.4,0.3,0.2145,Very fast clean downward momentum - breaking below its 20-minute range
2026-09-30,USDJPY,SHORT,velocity_burst,62.0,1790771558000,1790771558261,1790771579730,261,21.5,156.696,156.767,156.767,156.73,7.1,0.21,1.0046,-3.4,1.1129,-4.5286,-4.508,-0.479,0.3,3.9,-11.333,THESIS_DEAD,THESIS_DEAD,0,-0.1,0.2,0.1289,Fast downward momentum - broad move: US dollar falling and yen rising across the board
2026-09-30,AUDUSD,LONG,breakout,66.6,1790771561000,1790771561385,1790771583061,385,21.7,0.69864,0.69837,0.69847,0.69845,2.7,0.13,0.9842,-1.9,0.6889,-2.5588,-2.6,-0.704,1.3,1.7,-1.462,STOP,PROVING,1,0.1,0.1,0.1597,Very fast upward momentum - breaking above its 20-minute range
2026-09-30,EURUSD,LONG,session_breakout,60.6,1790771671000,1790771671265,1790771704002,265,32.7,1.13792,1.13759,1.13759,1.13768,3.3,0.13,0.9842,-2.4,0.6889,-3.0509,-3.1,-0.727,0.4,2.2,-6.0,THESIS_DEAD,THESIS_DEAD,0,0.6,0.0,0.119,Slow ragged upward momentum - breaking above yesterday's high
2026-09-30,USDCAD,SHORT,pullback,61.8,1790771720000,1790771720454,1790771757611,454,37.2,1.41569,1.41613,1.41613,1.41596,4.4,0.19,1.0073,-2.7,1.0069,-3.7267,-3.7,-0.614,0.0,2.6,,THESIS_DEAD,THESIS_DEAD,0,0.3,0.2,0.2068,Fast downward momentum - shallow pullback in a falling move now turning back
2026-09-30,EURJPY,SHORT,sweep,61.5,1790772030000,1790772030261,1790772035692,261,5.4,178.22,178.247,178.247,178.249,2.7,0.21,1.0046,-2.9,1.1129,-4.0263,-4.008,-1.074,0.0,2.7,,STOP,INITIAL,0,-0.3,0.7,0.2073,Fast downward momentum - swept the highs and snapped back below
2026-09-30,USDCAD,SHORT,session_breakout,64.0,1790772081000,1790772081528,1790772161648,528,80.1,1.41629,1.4167,1.41607,1.41608,4.1,0.19,1.0073,2.1,1.0069,1.1085,1.1,0.512,4.3,1.7,0.488,PROTECT_LEVEL,SWING_TRAIL,3,0.4,0.2,0.1775,Fast ragged downward momentum - breaking below yesterday's low
2026-09-30,USDJPY,SHORT,breakout,60.1,1790772125000,1790772125270,1790772177314,270,52.0,156.682,156.719,156.715,156.714,3.7,0.21,1.0046,-3.2,1.1129,-4.3276,-4.308,-0.865,1.5,3.0,-2.133,THESIS_DEAD,THESIS_DEAD,1,0.6,0.1,0.1122,Fast downward momentum - breaking below its 20-minute range
2026-09-30,EURUSD,LONG,session_breakout,60.1,1790772135000,1790772136146,1790772165270,1146,29.1,1.13758,1.13717,1.13717,1.13735,4.1,0.13,0.9842,-2.3,0.6889,-2.9525,-3.0,-0.561,0.7,2.3,-3.286,THESIS_DEAD,THESIS_DEAD,0,0.2,0.1,0.2316,Fast clean upward momentum - breaking above yesterday's high
2026-09-30,USDJPY,SHORT,breakout,60.5,1790772307000,1790772307262,1790772317312,262,10.1,156.653,156.709,156.709,156.697,5.6,0.21,1.0046,-4.4,1.1129,-5.5332,-5.508,-0.786,0.0,4.4,,THESIS_DEAD,THESIS_DEAD,0,0.1,0.1,0.1108,Fast downward momentum - breaking below its 20-minute range
2026-09-30,EURJPY,SHORT,session_breakout,63.0,1790776196000,1790776196357,1790776216434,357,20.1,178.074,178.109,178.109,178.111,3.5,0.21,1.0046,-3.7,1.1129,-4.83,-4.808,-1.057,0.0,3.5,,STOP,INITIAL,0,0.7,0.6,0.2404,Very fast clean downward momentum - breaking below yesterday's low
2026-09-30,AUDUSD,SHORT,session_breakout,63.0,1790776242000,1790776242535,1790776353160,535,110.6,0.6955,0.69572,0.69541,0.69545,2.2,0.13,0.9842,0.5,0.6889,-0.1968,-0.2,0.227,1.9,0.8,0.263,STOP,COSTS_COVERED,2,-0.1,0.0,0.2245,Very fast downward momentum - breaking below the Asian session's low
2026-09-30,GBPJPY,SHORT,breakout,60.9,1790776284000,1790776284514,1790776320433,514,35.9,208.267,208.331,208.331,208.305,6.4,0.21,1.0046,-3.8,1.1129,-4.9304,-4.908,-0.594,0.0,3.8,,THESIS_DEAD,THESIS_DEAD,0,0.1,0.7,0.147,Fast clean downward momentum - breaking below its 20-minute range
2026-09-30,USDCHF,LONG,first_retest,62.0,1790778302000,1790778302477,1790778486406,477,183.9,0.83503,0.83481,0.83523,0.83522,2.2,0.11,1.0012,1.9,0.5829,1.3194,1.318,0.864,3.0,0.6,0.633,PROTECT_LEVEL,MOMENTUM_DECAY,4,0.2,0.1,0.1414,Steady upward momentum - first retest of the high held and price is moving on
2026-09-30,USDCHF,LONG,opening_range,65.2,1790779879000,1790779879402,1790779968186,402,88.8,0.83539,0.83511,0.83511,0.83509,2.8,0.11,1.0012,-3.0,0.5829,-3.5867,-3.582,-1.071,0.5,2.8,-6.0,STOP,THESIS_DEAD,0,0.2,0.1,0.2186,Very fast upward momentum - breaking above the New York 15-minute opening range
2026-09-30,GBPUSD,SHORT,sweep,72.6,1790779887000,1790779887438,1790779894680,438,7.2,1.32742,1.32764,1.32764,1.32767,2.2,0.13,0.9842,-2.5,0.6889,-3.1493,-3.2,-1.136,0.1,2.3,-25.0,STOP,INITIAL,0,-0.1,0.4,0.0955,Very fast clean downward momentum - swept the highs and snapped back below
2026-09-30,EURUSD,SHORT,opening_range,63.8,1790779994000,1790779994290,1790780056013,290,61.7,1.13466,1.13481,1.13481,1.13483,1.5,0.13,0.9842,-1.7,0.6889,-2.362,-2.4,-1.133,0.6,1.5,-2.833,STOP,THESIS_DEAD,0,-0.0,0.1,0.1629,Steady ragged downward momentum - breaking below the New York 15-minute opening range
2026-09-30,GBPUSD,SHORT,sweep,71.2,1790780003000,1790780003329,1790780055199,329,51.9,1.32743,1.32778,1.32778,1.32776,3.5,0.13,0.9842,-3.3,0.6889,-3.9367,-4.0,-0.943,0.9,3.1,-3.667,THESIS_DEAD,THESIS_DEAD,0,0.3,0.2,0.1081,Very fast ragged downward momentum - swept the highs and snapped back below
2026-09-30,USDJPY,LONG,opening_range,60.0,1790780162000,1790780162291,1790780271038,291,108.7,157.123,157.067,157.136,157.134,5.6,0.21,1.0046,1.1,1.1129,-0.0078,-0.008,0.196,4.7,2.0,0.234,STOP,COSTS_COVERED,2,0.5,0.6,0.1217,Fast upward momentum - breaking above the New York 15-minute opening range
2026-09-30,USDCAD,LONG,session_breakout,63.6,1790783516000,1790783517584,1790783631127,1584,113.5,1.42042,1.42021,1.42104,1.42103,2.1,0.19,1.0073,6.1,1.0069,5.1379,5.1,2.905,7.1,0.3,0.859,PROTECT_LEVEL,SWING_TRAIL,5,0.1,0.1,0.2451,Very fast upward momentum - breaking above the London session's high
2026-09-30,AUDUSD,SHORT,session_breakout,61.8,1790783595000,1790783596928,1790783750057,1928,153.1,0.69495,0.69524,0.69524,0.69502,2.9,0.13,0.9842,-0.7,0.6889,-1.3778,-1.4,-0.241,0.3,1.2,-2.333,THESIS_DEAD,THESIS_DEAD,0,0.5,0.1,0.1943,Very fast downward momentum - breaking below the London session's low
2026-09-30,GBPUSD,SHORT,breakout,61.0,1790783597000,1790783597325,1790784143982,325,546.7,1.3267,1.32709,1.32635,1.32638,3.9,0.13,0.9842,3.2,0.6889,2.4604,2.5,0.821,4.7,0.8,0.681,STOP,SWING_TRAIL,3,0.1,0.1,0.1512,Very fast clean downward momentum - breaking below its 20-minute range
2026-09-30,EURUSD,SHORT,session_breakout,62.0,1790784061000,1790784061581,1790784397067,581,335.5,1.13412,1.13434,1.13383,1.13386,2.2,0.13,0.9842,2.6,0.6889,1.8699,1.9,1.182,4.0,1.1,0.65,STOP,MOMENTUM_DECAY,7,0.3,0.1,0.1514,Fast clean downward momentum - breaking below the London session's low
2026-09-30,USDCAD,LONG,breakout,60.8,1790784062000,1790784063992,1790784390626,1992,326.6,1.42139,1.42119,1.42182,1.42179,2.0,0.19,1.0073,4.0,1.0069,3.0225,3.0,2.0,5.3,0.9,0.755,STOP,EXHAUSTION,7,0.2,0.1,0.2181,Fast clean upward momentum - breaking above its 20-minute range
2026-09-30,AUDUSD,SHORT,breakout,65.2,1790786204000,1790786206123,1790786245541,2123,39.4,0.69472,0.69488,0.69488,0.69486,1.6,0.13,0.9842,-1.4,0.6889,-2.0667,-2.1,-0.875,0.0,1.2,,THESIS_DEAD,THESIS_DEAD,0,0.2,0.0,0.2391,Very fast clean downward momentum - breaking below its 20-minute range
2026-09-30,USDJPY,LONG,first_retest,82.8,1790812516000,1790812517642,1790812595445,1642,77.8,157.573,157.552,157.56,157.558,2.1,0.21,1.0046,-1.5,1.1129,-2.6198,-2.608,-0.714,1.0,1.3,-1.5,STOP,PROVING,1,0.7,0.2,0.244,Very fast clean upward momentum - first retest of the high held and price is moving on
2026-10-01,USDJPY,LONG,velocity_burst,64.5,1790812860000,1790812860285,1790812862700,285,2.4,157.629,157.615,157.615,157.608,1.4,0.21,1.0046,-2.1,1.1129,-3.2226,-3.208,-1.5,0.0,1.9,,STOP,INITIAL,0,-0.1,0.2,0.2453,Very fast clean upward momentum
2026-10-01,USDJPY,LONG,breakout,76.2,1790812883000,1790812883414,1790812895481,414,12.1,157.645,157.629,157.629,157.627,1.6,0.21,1.0046,-1.8,1.1129,-2.9212,-2.908,-1.125,0.8,1.6,-2.25,STOP,INITIAL,0,-0.3,0.2,0.2453,Very fast clean upward momentum - breaking above its 20-minute range
2026-10-01,GBPJPY,LONG,breakout,76.0,1790813282000,1790813282902,1790813452589,902,169.7,209.118,209.069,209.131,209.134,4.9,0.21,1.0046,1.6,1.1129,0.4945,0.492,0.327,4.1,3.6,0.39,PROTECT_LEVEL,COSTS_COVERED,2,0.5,0.7,0.2464,Very fast clean upward momentum - breaking above its 20-minute range
2026-10-01,USDJPY,LONG,breakout,75.7,1790813282000,1790813282902,1790813422444,902,139.5,157.676,157.642,157.689,157.685,3.4,0.21,1.0046,0.9,1.1129,-0.2087,-0.208,0.265,3.5,2.3,0.257,STOP,COSTS_COVERED,2,0.4,0.2,0.2122,Very fast clean upward momentum - breaking above its 20-minute range
2026-10-01,USDJPY,LONG,breakout,62.9,1790813464000,1790813464253,1790813502841,253,38.6,157.729,157.701,157.751,157.743,2.8,0.21,1.0046,1.4,1.1129,0.2936,0.292,0.5,3.8,0.4,0.368,STOP,PROFIT_RATCHET,4,0.3,0.1,0.2004,Fast upward momentum - breaking above its 20-minute range
2026-10-01,GBPJPY,LONG,breakout,75.0,1790813475000,1790813475326,1790813503253,326,27.9,209.227,209.204,209.204,209.209,2.3,0.21,1.0046,-1.8,1.1129,-2.9212,-2.908,-0.783,0.0,1.8,,THESIS_DEAD,THESIS_DEAD,0,-0.4,0.8,0.2418,Very fast clean upward momentum - breaking above its 20-minute range
2026-10-01,GBPJPY,LONG,breakout,63.8,1790814640000,1790814640276,1790814996364,276,356.1,209.288,209.257,209.301,209.307,3.1,0.21,1.0046,1.9,1.1129,0.7959,0.792,0.613,3.1,2.5,0.613,PROTECT_LEVEL,COSTS_COVERED,3,0.4,0.9,0.2201,Very fast upward momentum - breaking above its 20-minute range
2026-10-01,USDJPY,LONG,first_retest,60.7,1790815014000,1790815014270,1790815068315,270,54.0,157.819,157.795,157.852,157.854,2.4,0.21,1.0046,3.5,1.1129,2.4033,2.392,1.458,5.2,0.3,0.673,PROTECT_LEVEL,PROFIT_RATCHET,5,0.3,0.1,0.1738,Steady upward momentum - first retest of the high held and price is moving on
2026-10-01,GBPJPY,LONG,breakout,61.2,1790815021000,1790815021294,1790815122473,294,101.2,209.36,209.304,209.381,209.385,5.6,0.21,1.0046,2.5,1.1129,1.3987,1.392,0.446,4.6,1.4,0.543,PROTECT_LEVEL,SWING_TRAIL,3,0.4,0.6,0.1787,Fast clean upward momentum - breaking above its 20-minute range
2026-10-01,USDJPY,LONG,first_retest,61.2,1790815208000,1790815208353,1790815218810,353,10.5,157.884,157.842,157.842,157.855,4.2,0.21,1.0046,-2.9,1.1129,-4.0263,-4.008,-0.69,0.0,2.7,,THESIS_DEAD,THESIS_DEAD,0,0.1,0.1,0.1702,Steady clean upward momentum - first retest of the high held and price is moving on
2026-10-01,EURJPY,LONG,breakout,61.9,1790815209000,1790815209971,1790815217203,971,7.2,178.926,178.875,178.875,178.891,5.1,0.21,1.0046,-3.5,1.1129,-4.629,-4.608,-0.686,0.0,3.3,,THESIS_DEAD,THESIS_DEAD,0,0.2,0.9,0.2446,Fast clean upward momentum - breaking above its 20-minute range
2026-10-01,GBPJPY,LONG,sweep,66.1,1790816035000,1790816036835,1790816129285,1835,92.5,209.524,209.469,209.568,209.573,5.5,0.21,1.0046,4.9,1.1129,3.8098,3.792,0.891,6.8,1.3,0.721,PROTECT_LEVEL,EXHAUSTION,4,0.5,0.6,0.2061,Very fast upward momentum - swept the lows and snapped back above
2026-10-01,USDJPY,LONG,breakout,61.8,1790816044000,1790816044271,1790816145392,271,101.1,157.898,157.849,157.911,157.91,4.9,0.21,1.0046,1.2,1.1129,0.0927,0.092,0.245,4.1,0.6,0.293,PROTECT_LEVEL,COSTS_COVERED,2,0.2,0.2,0.1602,Very fast upward momentum - breaking above its 20-minute range
2026-10-01,EURJPY,LONG,breakout,73.2,1790816051000,1790816051304,1790816074416,304,23.1,178.999,178.92,178.92,178.966,7.9,0.21,1.0046,-3.3,1.1129,-4.4281,-4.408,-0.418,0.0,3.5,,THESIS_DEAD,THESIS_DEAD,0,-0.9,1.2,0.2484,Very fast clean upward momentum - breaking above its 20-minute range
2026-10-01,GBPJPY,LONG,breakout,62.6,1790817575000,1790817576010,1790817821360,1010,245.3,209.599,209.562,209.612,209.619,3.7,0.21,1.0046,2.0,1.1129,0.8964,0.892,0.541,3.3,2.0,0.606,PROTECT_LEVEL,COSTS_COVERED,2,-0.2,0.6,0.1482,Fast upward momentum - breaking above its 20-minute range
2026-10-01,EURJPY,LONG,breakout,63.0,1790817575000,1790817576011,1790817727665,1011,151.7,179.034,178.983,178.983,179.028,5.1,0.21,1.0046,-0.6,1.1129,-1.7156,-1.708,-0.118,1.7,2.2,-0.353,THESIS_DEAD,THESIS_DEAD,0,-0.2,1.1,0.2323,Fast clean upward momentum - breaking above its 20-minute range
2026-10-01,EURJPY,LONG,first_retest,60.7,1790817792000,1790817792801,1790817943988,801,151.2,179.063,179.025,179.025,179.057,3.8,0.21,1.0046,-0.6,1.1129,-1.7156,-1.708,-0.158,0.6,2.3,-1.0,THESIS_DEAD,THESIS_DEAD,0,0.3,0.2,0.1596,Fast upward momentum - first retest of the high held and price is moving on
2026-10-01,USDJPY,LONG,breakout,61.9,1790818218000,1790818218694,1790818312576,694,93.9,158.013,157.978,158.056,158.097,3.5,0.21,1.0046,8.4,1.1129,7.326,7.292,2.4,12.7,1.1,0.661,PROTECT_LEVEL,PROFIT_RATCHET,5,0.2,0.0,0.1652,Fast clean upward momentum - breaking above its 20-minute range
2026-10-01,GBPJPY,LONG,first_retest,62.0,1790818219000,1790818219294,1790818312577,294,93.3,209.697,209.652,209.74,209.785,4.5,0.21,1.0046,8.8,1.1129,7.7278,7.692,1.956,14.0,1.9,0.629,PROTECT_LEVEL,PROFIT_RATCHET,4,0.4,0.7,0.1669,Fast upward momentum - first retest of the high held and price is moving on
2026-10-01,EURJPY,LONG,breakout,63.2,1790818219000,1790818219512,1790818303525,512,84.0,179.128,179.087,179.141,179.16,4.1,0.21,1.0046,3.2,1.1129,2.1019,2.092,0.78,4.0,1.9,0.8,PROTECT_LEVEL,SWING_TRAIL,2,0.6,0.8,0.165,Fast clean upward momentum - breaking above its 20-minute range
2026-10-01,USDJPY,LONG,sweep,68.2,1790819524000,1790819524331,1790819633893,331,109.6,158.144,158.112,158.185,158.181,3.2,0.21,1.0046,3.7,1.1129,2.6042,2.592,1.156,6.6,0.9,0.561,STOP,PROFIT_RATCHET,5,0.0,0.1,0.15,Fast clean upward momentum - swept the lows and snapped back above
2026-10-01,USDJPY,LONG,sweep,62.1,1790820372000,1790820372377,1790820472683,377,100.3,158.218,158.163,158.163,158.176,5.5,0.21,1.0046,-4.2,1.1129,-5.3323,-5.308,-0.764,0.3,4.0,-14.0,THESIS_DEAD,THESIS_DEAD,0,0.0,0.0,0.1426,Very fast upward momentum - swept the lows and snapped back above
2026-10-01,GBPJPY,LONG,sweep,71.1,1790827366000,1790827366272,1790827530398,272,164.1,209.72,209.657,209.745,209.762,6.3,0.21,1.0046,4.2,1.1129,3.1065,3.092,0.667,5.4,1.1,0.778,PROTECT_LEVEL,SWING_TRAIL,2,0.2,0.9,0.2288,Very fast clean upward momentum - swept the lows and snapped back above
2026-10-01,USDJPY,LONG,sweep,73.7,1790827514000,1790827514488,1790827726608,488,212.1,158.229,158.207,158.215,158.211,2.2,0.21,1.0046,-1.8,1.1129,-2.9212,-2.908,-0.818,1.8,1.6,-1.0,STOP,PROVING,1,0.7,0.2,0.2263,Very fast clean upward momentum - swept the lows and snapped back above
2026-10-01,USDJPY,LONG,breakout,77.5,1790828653000,1790828653280,1790829737330,280,1084.0,158.282,158.233,158.233,158.231,4.9,0.21,1.0046,-5.1,1.1129,-6.2364,-6.208,-1.041,1.5,4.9,-3.4,STOP,INITIAL,0,0.1,0.2,0.2187,Very fast clean upward momentum - breaking above its 20-minute range
2026-10-01,USDJPY,LONG,sweep,65.4,1790830621000,1790830621337,1790830630379,337,9.0,158.299,158.275,158.275,158.282,2.4,0.21,1.0046,-1.7,1.1129,-2.8207,-2.808,-0.708,0.0,1.6,,THESIS_DEAD,THESIS_DEAD,0,0.0,0.1,0.2337,Fast clean upward momentum - swept the lows and snapped back above
2026-10-01,USDJPY,LONG,breakout,73.9,1790831137000,1790831137261,1790831140284,261,3.0,158.356,158.336,158.336,158.33,2.0,0.21,1.0046,-2.6,1.1129,-3.7249,-3.708,-1.3,0.0,2.4,,STOP,INITIAL,0,0.8,0.2,0.244,Very fast clean upward momentum - breaking above its 20-minute range
2026-10-01,USDJPY,LONG,sweep,71.5,1790834044000,1790834044283,1790834422664,283,378.4,158.374,158.341,158.354,158.352,3.3,0.21,1.0046,-2.2,1.1129,-3.323,-3.308,-0.667,2.3,2.0,-0.957,STOP,PROVING,1,1.3,0.1,0.2167,Very fast clean upward momentum - swept the lows and snapped back above
2026-10-01,GBPJPY,LONG,sweep,65.4,1790834057000,1790834057560,1790834061381,560,3.8,209.809,209.778,209.778,209.795,3.1,0.21,1.0046,-1.4,1.1129,-2.5193,-2.508,-0.452,0.0,1.9,,THESIS_DEAD,THESIS_DEAD,0,0.1,0.8,0.2492,Very fast clean upward momentum - swept the lows and snapped back above
2026-10-01,USDCHF,LONG,breakout,64.2,1790836781000,1790836781356,1790836873276,356,91.9,0.83742,0.83723,0.83771,0.8381,1.9,0.11,1.0012,6.8,0.5829,6.2256,6.218,3.579,8.2,0.4,0.829,PROTECT_LEVEL,SWING_TRAIL,4,0.5,0.1,0.2457,Very fast upward momentum - breaking above its 20-minute range
2026-10-01,EURUSD,SHORT,breakout,69.7,1790836822000,1790836822377,1790836875280,377,52.9,1.13136,1.13186,1.13124,1.13084,5.0,0.13,0.9842,5.2,0.6889,4.4287,4.5,1.04,6.7,0.3,0.776,PROTECT_LEVEL,SWING_TRAIL,3,0.7,0.1,0.2366,Very fast clean downward momentum - breaking below its 20-minute range
2026-10-01,EURJPY,SHORT,velocity_burst,64.9,1790836860000,1790836860377,1790837014355,377,154.0,178.957,179.029,178.91,178.895,7.2,0.21,1.0046,6.2,1.1129,5.1158,5.092,0.861,8.0,2.1,0.775,PROTECT_LEVEL,EXHAUSTION,3,0.8,1.1,0.2458,Very fast clean downward momentum - the euro is falling against most currencies
2026-10-01,GBPUSD,LONG,breakout,63.0,1790837851000,1790837851354,1790838031915,354,180.6,1.32632,1.32601,1.32613,1.32604,3.1,0.13,0.9842,-2.8,0.6889,-3.4446,-3.5,-0.903,1.5,2.6,-1.867,STOP,PROVING,1,0.3,0.4,0.1895,Fast clean upward momentum - breaking above its 20-minute range
2026-10-01,GBPJPY,LONG,session_breakout,60.0,1790838309000,1790838309272,1790838707477,272,398.2,209.888,209.812,209.972,209.976,7.6,0.21,1.0046,8.8,1.1129,7.7278,7.692,1.158,10.4,4.7,0.846,PROTECT_LEVEL,SWING_TRAIL,5,1.0,0.6,0.1613,Fast clean upward momentum - breaking above the Asian session's high
2026-10-01,USDJPY,LONG,opening_range,73.8,1790839323000,1790839323981,1790839372368,981,48.4,158.401,158.33,158.33,158.364,7.1,0.21,1.0046,-3.7,1.1129,-4.83,-4.808,-0.521,0.1,3.5,-37.0,THESIS_DEAD,THESIS_DEAD,0,0.3,0.2,0.1678,Very fast upward momentum - breaking above the London 15-minute opening range
2026-10-01,EURUSD,SHORT,breakout,63.5,1790839421000,1790839421563,1790839429604,563,8.0,1.13066,1.13086,1.13057,1.13062,2.0,0.13,0.9842,0.4,0.6889,-0.2952,-0.3,0.2,2.2,0.3,0.182,STOP,COSTS_COVERED,2,-0.1,0.1,0.2095,Very fast downward momentum - breaking below its 20-minute range
2026-10-01,USDJPY,LONG,first_retest,61.7,1790839612000,1790839612280,1790839973878,280,361.6,158.427,158.37,158.392,158.39,5.7,0.21,1.0046,-3.7,1.1129,-4.83,-4.808,-0.649,2.5,3.5,-1.48,STOP,PROVING,1,0.0,0.2,0.2308,Fast upward momentum - first retest of the high held and price is moving on
2026-10-01,GBPUSD,SHORT,session_breakout,63.0,1790839655000,1790839656045,1790839787834,1045,131.8,1.32423,1.32453,1.32414,1.32409,3.0,0.13,0.9842,1.4,0.6889,0.6889,0.7,0.467,2.6,1.2,0.538,PROTECT_LEVEL,EXHAUSTION,2,0.1,0.3,0.1582,Steady clean downward momentum - breaking below the Asian session's low
2026-10-01,AUDUSD,SHORT,session_breakout,62.7,1790839732000,1790839732586,1790839774792,586,42.2,0.69387,0.69404,0.69404,0.69402,1.7,0.13,0.9842,-1.5,0.6889,-2.1652,-2.2,-0.882,0.3,1.3,-5.0,THESIS_DEAD,THESIS_DEAD,0,0.1,0.0,0.2298,Fast clean downward momentum - breaking below the Asian session's low
2026-10-01,GBPUSD,SHORT,first_retest,71.2,1790839866000,1790839866344,1790839922227,344,55.9,1.32383,1.32411,1.32354,1.32357,2.8,0.13,0.9842,2.6,0.6889,1.8699,1.9,0.929,4.8,0.4,0.542,STOP,PROFIT_RATCHET,4,-0.8,0.2,0.166,Very fast clean downward momentum - first retest of the low held and price is moving on
2026-10-01,EURUSD,SHORT,first_retest,83.1,1790839873000,1790839873395,1790839925439,395,52.0,1.12994,1.1304,1.1304,1.13022,4.6,0.13,0.9842,-2.8,0.6889,-3.4446,-3.5,-0.609,0.9,2.7,-3.111,THESIS_DEAD,THESIS_DEAD,0,0.3,0.1,0.189,Very fast clean downward momentum - first retest of the low held and price is moving on
2026-10-01,AUDUSD,SHORT,first_retest,61.3,1790839875000,1790839876591,1790839923826,1591,47.2,0.69381,0.69402,0.69394,0.69396,2.1,0.13,0.9842,-1.5,0.6889,-2.1652,-2.2,-0.714,1.0,1.3,-1.5,STOP,PROVING,1,0.0,0.0,0.2148,Fast downward momentum - first retest of the low held and price is moving on
2026-10-01,GBPJPY,SHORT,breakout,78.3,1790840204000,1790840204385,1790840208397,385,4.0,209.473,209.534,209.534,209.531,6.1,0.21,1.0046,-5.8,1.1129,-6.9397,-6.908,-0.951,0.0,5.8,,THESIS_DEAD,THESIS_DEAD,0,1.0,0.8,0.1282,Very fast clean downward momentum - breaking below its 20-minute range
2026-10-01,GBPJPY,SHORT,first_retest,65.1,1790840465000,1790840465445,1790840781319,445,315.9,209.455,209.551,209.396,209.387,9.6,0.21,1.0046,6.8,1.1129,5.7186,5.692,0.708,9.0,3.0,0.756,PROTECT_LEVEL,SWING_TRAIL,3,0.1,1.1,0.1281,Steady clean downward momentum - first retest of the low held and price is moving on
2026-10-01,USDCHF,SHORT,first_retest,60.1,1790840584000,1790840584441,1790840673615,441,89.2,0.83567,0.83609,0.83508,0.83511,4.2,0.11,1.0012,5.6,0.5829,5.0241,5.018,1.333,7.7,0.4,0.727,STOP,SWING_TRAIL,6,-0.0,0.1,0.1603,Very fast ragged downward momentum - first retest of the low held and price is moving on
2026-10-01,USDCHF,SHORT,breakout,64.9,1790840742000,1790840742308,1790840797386,308,55.1,0.83468,0.83491,0.83437,0.83436,2.3,0.11,1.0012,3.2,0.5829,2.6211,2.618,1.391,5.1,0.7,0.627,PROTECT_LEVEL,PROFIT_RATCHET,5,0.2,0.0,0.131,Fast clean downward momentum - breaking below its 20-minute range
2026-10-01,USDCHF,SHORT,session_breakout,61.6,1790840856000,1790840856255,1790840919396,255,63.1,0.83402,0.8343,0.83375,0.83373,2.8,0.11,1.0012,2.9,0.5829,2.3207,2.318,1.036,4.6,0.4,0.63,PROTECT_LEVEL,EXHAUSTION,5,0.3,0.2,0.1197,Steady downward momentum - breaking below the Asian session's low
2026-10-01,EURUSD,SHORT,breakout,63.8,1790841797000,1790841797399,1790841827941,399,30.5,1.12974,1.12995,1.12995,1.12998,2.1,0.13,0.9842,-2.4,0.6889,-3.0509,-3.1,-1.143,0.3,2.2,-8.0,STOP,INITIAL,0,-0.2,0.1,0.1645,Fast clean downward momentum - breaking below its 20-minute range
2026-10-01,EURUSD,SHORT,breakout,69.0,1790842332000,1790842332819,1790842547961,819,215.1,1.12952,1.12995,1.12978,1.1298,4.3,0.13,0.9842,-2.8,0.6889,-3.4446,-3.5,-0.651,3.0,2.6,-0.933,STOP,PROVING,1,1.1,0.1,0.1369,Fast clean downward momentum - breaking below its 20-minute range
2026-10-01,EURJPY,SHORT,sweep,72.8,1790842342000,1790842342275,1790842493719,275,151.4,178.851,178.972,178.972,178.892,12.1,0.21,1.0046,-4.1,1.1129,-5.2318,-5.208,-0.339,1.2,4.3,-3.417,THESIS_DEAD,THESIS_DEAD,0,0.1,0.4,0.1409,Very fast clean downward momentum - swept the highs and snapped back below
2026-10-01,USDCHF,LONG,sweep,60.7,1790842344000,1790842344296,1790842455503,296,111.2,0.8352,0.83442,0.83442,0.83493,7.8,0.11,1.0012,-2.7,0.5829,-3.2863,-3.282,-0.346,0.8,2.5,-3.375,THESIS_DEAD,THESIS_DEAD,0,0.4,0.0,0.1216,Fast clean upward momentum - swept the lows and snapped back above
2026-10-01,AUDUSD,SHORT,opening_range,62.3,1790842346000,1790842346303,1790842368224,303,21.9,0.69352,0.69384,0.69384,0.6937,3.2,0.13,0.9842,-1.8,0.6889,-2.4604,-2.5,-0.562,0.0,2.0,,THESIS_DEAD,THESIS_DEAD,0,0.3,0.1,0.1709,Fast downward momentum - breaking below the London 30-minute opening range
2026-10-01,EURJPY,SHORT,sweep,64.4,1790843758000,1790843759356,1790843795749,1356,36.4,178.82,178.855,178.794,178.794,3.5,0.21,1.0046,2.6,1.1129,1.4992,1.492,0.743,5.1,1.7,0.51,PROTECT_LEVEL,PROFIT_RATCHET,3,0.3,0.4,0.1254,Very fast downward momentum - swept the highs and snapped back below
2026-10-01,GBPJPY,SHORT,sweep,67.1,1790843766000,1790843766385,1790843796353,385,30.0,209.312,209.361,209.299,209.285,4.9,0.21,1.0046,2.7,1.1129,1.5996,1.592,0.551,4.5,1.1,0.6,PROTECT_LEVEL,COSTS_COVERED,2,0.4,0.9,0.1298,Very fast downward momentum - swept the highs and snapped back below
2026-10-01,GBPJPY,SHORT,sweep,60.9,1790843830000,1790843830338,1790843868340,338,38.0,209.246,209.307,209.307,209.296,6.1,0.21,1.0046,-5.0,1.1129,-6.136,-6.108,-0.82,0.6,4.8,-8.333,THESIS_DEAD,THESIS_DEAD,0,-0.3,0.8,0.1357,Fast downward momentum - swept the highs and snapped back below
2026-10-01,EURJPY,SHORT,sweep,66.1,1790843935000,1790843935639,1790844071507,639,135.9,178.718,178.789,178.789,178.774,7.1,0.21,1.0046,-5.6,1.1129,-6.7387,-6.708,-0.789,1.4,5.5,-4.0,THESIS_DEAD,THESIS_DEAD,0,0.4,1.1,0.1808,Fast clean downward momentum - swept the highs and snapped back below
2026-10-01,EURUSD,SHORT,breakout,64.3,1790843973000,1790843973605,1790844013201,605,39.6,1.12903,1.12932,1.12921,1.12923,2.9,0.13,0.9842,-2.0,0.6889,-2.6572,-2.7,-0.69,1.2,1.8,-1.667,STOP,PROVING,1,0.3,0.3,0.1523,Fast clean downward momentum - breaking below its 20-minute range
2026-10-01,USDCHF,LONG,sweep,63.4,1790843976000,1790843976427,1790844127769,427,151.3,0.83541,0.83481,0.83481,0.83534,6.0,0.11,1.0012,-0.7,0.5829,-1.2838,-1.282,-0.117,1.1,1.5,-0.636,THESIS_DEAD,THESIS_DEAD,0,0.1,0.0,0.1433,Very fast clean upward momentum - swept the lows and snapped back above
2026-10-01,AUDUSD,SHORT,opening_range,60.7,1790844794000,1790844794618,1790844821549,618,26.9,0.69345,0.69358,0.69358,0.69357,1.3,0.13,0.9842,-1.2,0.6889,-1.8699,-1.9,-0.923,0.0,1.1,,THESIS_DEAD,THESIS_DEAD,0,0.4,0.0,0.178,Steady downward momentum - breaking below the London 30-minute opening range
2026-10-01,EURUSD,SHORT,breakout,61.4,1790844804000,1790844804264,1790844858336,264,54.1,1.12876,1.12896,1.12896,1.12895,2.0,0.13,0.9842,-1.9,0.6889,-2.5588,-2.6,-0.95,0.2,1.8,-9.5,THESIS_DEAD,THESIS_DEAD,0,-0.0,0.0,0.1302,Fast clean downward momentum - breaking below its 20-minute range
2026-10-01,GBPUSD,SHORT,first_retest,68.6,1790844923000,1790844923406,1790845074329,406,150.9,1.32121,1.32158,1.32158,1.32132,3.7,0.13,0.9842,-1.1,0.6889,-1.7715,-1.8,-0.297,0.1,2.5,-11.0,THESIS_DEAD,THESIS_DEAD,0,0.2,0.5,0.1215,Very fast downward momentum - first retest of the low held and price is moving on
2026-10-01,GBPJPY,SHORT,sweep,62.5,1790845226000,1790845226287,1790845272284,287,46.0,209.187,209.248,209.248,209.236,6.1,0.21,1.0046,-4.9,1.1129,-6.0355,-6.008,-0.803,0.0,4.7,,THESIS_DEAD,THESIS_DEAD,0,0.2,0.4,0.1145,Fast clean downward momentum - swept the highs and snapped back below
2026-10-01,EURUSD,SHORT,breakout,60.3,1790848202000,1790848205234,1790848530528,3234,325.3,1.12867,1.129,1.12815,1.12802,3.3,0.13,0.9842,6.5,0.6889,5.7081,5.8,1.97,8.0,0.5,0.812,PROTECT_LEVEL,SWING_TRAIL,9,0.5,0.1,0.1622,Fast downward momentum - breaking below its 20-minute range
2026-10-01,EURJPY,SHORT,breakout,65.7,1790848551000,1790848551261,1790848611261,261,60.0,178.682,178.715,178.669,178.659,3.3,0.21,1.0046,2.3,1.1129,1.1978,1.192,0.697,3.0,1.0,0.767,PROTECT_LEVEL,COSTS_COVERED,2,0.3,0.7,0.1954,Fast clean downward momentum - breaking below its 20-minute range
2026-10-01,EURUSD,SHORT,breakout,66.9,1790848551000,1790848552474,1790848638188,1474,85.7,1.12783,1.12805,1.1277,1.12768,2.2,0.13,0.9842,1.5,0.6889,0.7873,0.8,0.682,2.2,0.4,0.682,PROTECT_LEVEL,EXHAUSTION,3,0.3,0.1,0.1583,Fast clean downward momentum - breaking below its 20-minute range
2026-10-01,GBPUSD,SHORT,breakout,60.8,1790848566000,1790848566356,1790848672784,356,106.4,1.32079,1.32106,1.32054,1.32049,2.7,0.13,0.9842,3.0,0.6889,2.2636,2.3,1.111,3.8,1.6,0.789,PROTECT_LEVEL,EXHAUSTION,4,0.3,0.4,0.1786,Fast downward momentum - breaking below its 20-minute range
2026-10-01,GBPJPY,SHORT,breakout,69.9,1790848652000,1790848652477,1790848749620,477,97.1,209.154,209.206,209.119,209.111,5.2,0.21,1.0046,4.3,1.1129,3.207,3.192,0.827,6.8,2.2,0.632,PROTECT_LEVEL,EXHAUSTION,4,0.3,0.5,0.156,Very fast clean downward momentum - breaking below its 20-minute range
2026-10-01,EURUSD,SHORT,first_retest,64.2,1790848766000,1790848766520,1790848813588,520,47.1,1.12719,1.12757,1.1271,1.12687,3.8,0.13,0.9842,3.2,0.6889,2.4604,2.5,0.842,4.8,0.4,0.667,PROTECT_LEVEL,SWING_TRAIL,2,2.2,0.2,0.1583,Steady clean downward momentum - first retest of the low held and price is moving on
2026-10-01,USDCHF,LONG,session_breakout,62.1,1790848767000,1790848767328,1790848911336,328,144.0,0.83697,0.83662,0.83676,0.83682,3.5,0.11,1.0012,-1.5,0.5829,-2.0848,-2.082,-0.429,2.7,1.4,-0.556,THESIS_DEAD,THESIS_DEAD,1,0.0,0.0,0.2068,Very fast upward momentum - breaking above the Asian session's high
2026-10-01,AUDUSD,SHORT,first_retest,61.6,1790848767000,1790848767525,1790848981873,525,214.3,0.69342,0.69359,0.69317,0.69319,1.7,0.13,0.9842,2.3,0.6889,1.5747,1.6,1.353,3.2,0.4,0.719,STOP,SWING_TRAIL,5,0.2,0.2,0.2348,Fast clean downward momentum - first retest of the low held and price is moving on
2026-10-01,GBPUSD,SHORT,breakout,61.9,1790848804000,1790848804523,1790848859832,523,55.3,1.31998,1.32018,1.3201,1.32012,2.0,0.13,0.9842,-1.4,0.6889,-2.0667,-2.1,-0.7,1.5,1.2,-0.933,STOP,PROVING,2,0.1,0.2,0.1314,Fast clean downward momentum - breaking below its 20-minute range
2026-10-01,EURJPY,SHORT,session_breakout,81.8,1790848819000,1790848819625,1790848847352,625,27.7,178.424,178.484,178.484,178.458,6.0,0.21,1.0046,-3.4,1.1129,-4.5286,-4.508,-0.567,0.1,3.5,-34.0,THESIS_DEAD,THESIS_DEAD,0,-1.0,1.1,0.1849,Very fast clean downward momentum - breaking below the Asian session's low
2026-10-01,GBPUSD,SHORT,breakout,61.5,1790848937000,1790848937259,1790848988295,259,51.0,1.31979,1.32012,1.3197,1.31961,3.3,0.13,0.9842,1.8,0.6889,1.0826,1.1,0.545,3.9,0.8,0.462,PROTECT_LEVEL,EXHAUSTION,2,-0.0,0.2,0.1314,Fast downward momentum - breaking below its 20-minute range
2026-10-01,EURUSD,SHORT,pullback,60.3,1790848937000,1790848937260,1790849074108,260,136.8,1.12676,1.12713,1.12699,1.12704,3.7,0.13,0.9842,-2.8,0.6889,-3.4446,-3.5,-0.757,2.1,2.6,-1.333,STOP,PROVING,1,0.1,0.1,0.1448,Fast downward momentum - shallow pullback in a falling move now turning back
2026-10-01,EURJPY,SHORT,session_breakout,65.2,1790848943000,1790848943298,1790849075512,298,132.2,178.442,178.532,178.532,178.496,9.0,0.21,1.0046,-5.4,1.1129,-6.5378,-6.508,-0.6,2.4,5.2,-2.25,THESIS_DEAD,THESIS_DEAD,0,0.3,1.1,0.1849,Fast ragged downward momentum - breaking below the Asian session's low
2026-10-01,GBPUSD,SHORT,breakout,64.1,1790849010000,1790849010397,1790849050395,397,40.0,1.31934,1.3197,1.3197,1.31954,3.6,0.13,0.9842,-2.0,0.6889,-2.6572,-2.7,-0.556,0.2,1.9,-10.0,THESIS_DEAD,THESIS_DEAD,0,0.1,0.1,0.1314,Steady clean downward momentum - breaking below its 20-minute range
2026-10-01,AUDUSD,SHORT,first_retest,61.9,1790849143000,1790849143504,1790849175258,504,31.8,0.69306,0.69326,0.69326,0.69322,2.0,0.13,0.9842,-1.6,0.6889,-2.2636,-2.3,-0.8,0.0,1.5,,THESIS_DEAD,THESIS_DEAD,0,0.2,0.1,0.2125,Steady clean downward momentum - first retest of the low held and price is moving on
2026-10-01,GBPJPY,SHORT,first_retest,60.1,1790849149000,1790849149339,1790849164394,339,15.1,208.9,208.967,208.967,208.944,6.7,0.21,1.0046,-4.4,1.1129,-5.5332,-5.508,-0.657,0.0,5.0,,THESIS_DEAD,THESIS_DEAD,0,0.3,0.8,0.1279,Steady ragged downward momentum - first retest of the low held and price is moving on
2026-10-01,USDJPY,SHORT,breakout,62.5,1790850364000,1790850364414,1790850383301,414,18.9,158.198,158.234,158.234,158.227,3.6,0.21,1.0046,-2.9,1.1129,-4.0263,-4.008,-0.806,0.0,2.9,,THESIS_DEAD,THESIS_DEAD,0,0.1,0.2,0.2135,Fast clean downward momentum - breaking below its 20-minute range
2026-10-01,USDJPY,SHORT,first_retest,60.2,1790850503000,1790850505639,1790850548270,2639,42.6,158.194,158.217,158.217,158.214,2.3,0.21,1.0046,-2.0,1.1129,-3.1221,-3.108,-0.87,0.5,1.9,-4.0,THESIS_DEAD,THESIS_DEAD,0,-0.7,0.1,0.2382,Steady clean downward momentum - first retest of the low held and price is moving on
2026-10-01,USDJPY,SHORT,breakout,62.9,1790851926000,1790851926381,1790851961393,381,35.0,158.094,158.128,158.128,158.132,3.4,0.21,1.0046,-3.8,1.1129,-4.9304,-4.908,-1.118,1.0,3.6,-3.8,STOP,INITIAL,0,0.3,0.0,0.1675,Fast clean downward momentum - breaking below its 20-minute range
2026-10-01,USDJPY,SHORT,first_retest,62.3,1790852052000,1790852052717,1790852076251,717,23.5,158.076,158.114,158.114,158.104,3.8,0.21,1.0046,-2.8,1.1129,-3.9258,-3.908,-0.737,0.0,2.8,,THESIS_DEAD,THESIS_DEAD,0,0.4,0.2,0.2108,Fast ragged downward momentum - first retest of the low held and price is moving on
2026-10-01,USDJPY,SHORT,breakout,68.9,1790852618000,1790852619010,1790852651403,1010,32.4,158.065,158.126,158.126,158.093,6.1,0.21,1.0046,-2.8,1.1129,-3.9258,-3.908,-0.459,0.4,2.7,-7.0,THESIS_DEAD,THESIS_DEAD,0,0.1,0.0,0.2418,Very fast clean downward momentum - breaking below its 20-minute range
2026-10-01,EURUSD,SHORT,sweep,60.9,1790853362000,1790853362418,1790854043725,418,681.3,1.12857,1.1289,1.12824,1.12826,3.3,0.13,0.9842,3.1,0.6889,2.362,2.4,0.939,4.3,0.5,0.721,STOP,MOMENTUM_DECAY,5,0.4,0.1,0.1875,Fast downward momentum - swept the highs and snapped back below
2026-10-01,EURJPY,SHORT,session_breakout,66.3,1790854363000,1790854363366,1790854394297,366,30.9,178.414,178.447,178.447,178.447,3.3,0.21,1.0046,-3.3,1.1129,-4.4281,-4.408,-1.0,0.0,3.1,,THESIS_DEAD,THESIS_DEAD,0,-0.3,0.1,0.1396,Very fast clean downward momentum - breaking below the Asian session's low
2026-10-01,USDJPY,SHORT,breakout,71.1,1790854902000,1790854902266,1790855166927,266,264.7,157.986,158.031,157.946,157.949,4.5,0.21,1.0046,3.7,1.1129,2.6042,2.592,0.822,5.7,2.7,0.649,STOP,SWING_TRAIL,5,0.6,0.1,0.1454,Fast clean downward momentum - breaking below its 20-minute range
2026-10-01,GBPUSD,LONG,breakout,66.7,1790855103000,1790855103370,1790855254961,370,151.6,1.32331,1.3228,1.32361,1.32372,5.1,0.13,0.9842,4.1,0.6889,3.3462,3.4,0.804,5.3,0.5,0.774,PROTECT_LEVEL,EXHAUSTION,3,0.1,0.2,0.1278,Very fast clean upward momentum - breaking above its 20-minute range
2026-10-01,USDJPY,SHORT,first_retest,61.0,1790855266000,1790855267045,1790855324924,1045,57.9,157.915,157.954,157.954,157.944,3.9,0.21,1.0046,-2.9,1.1129,-4.0263,-4.008,-0.744,0.8,3.0,-3.625,THESIS_DEAD,THESIS_DEAD,0,0.2,0.2,0.1591,Steady downward momentum - first retest of the low held and price is moving on
2026-10-01,EURUSD,LONG,breakout,60.3,1790855693000,1790855693298,1790855733107,298,39.8,1.13071,1.13044,1.13084,1.13086,2.7,0.13,0.9842,1.5,0.6889,0.7873,0.8,0.556,2.9,0.3,0.517,PROTECT_LEVEL,EXHAUSTION,3,0.1,0.0,0.2449,Fast upward momentum - breaking above its 20-minute range
2026-10-01,USDJPY,SHORT,sweep,62.0,1790855836000,1790855836283,1790855851569,283,15.3,157.875,157.925,157.925,157.905,5.0,0.21,1.0046,-3.0,1.1129,-4.1267,-4.108,-0.6,0.0,2.9,,THESIS_DEAD,THESIS_DEAD,0,0.1,0.1,0.1528,Fast clean downward momentum - swept the highs and snapped back below
2026-10-01,EURUSD,SHORT,opening_range,65.1,1790858895000,1790858896624,1790859497306,1624,600.7,1.12872,1.12891,1.12857,1.12859,1.9,0.13,0.9842,1.3,0.6889,0.5905,0.6,0.684,2.3,1.2,0.565,STOP,PROFIT_RATCHET,3,0.1,0.0,0.1774,Fast clean downward momentum - breaking below the New York 30-minute opening range
2026-10-01,EURJPY,SHORT,squeeze_release,65.9,1790860321000,1790860321300,1790860439329,300,118.0,178.277,178.31,178.252,178.252,3.3,0.21,1.0046,2.5,1.1129,1.3987,1.392,0.758,4.0,1.1,0.625,PROTECT_LEVEL,SWING_TRAIL,4,0.3,0.6,0.2071,Fast downward momentum - squeeze releasing downward
2026-10-01,GBPJPY,SHORT,opening_range,69.7,1790860364000,1790860364342,1790860440133,342,75.8,208.899,208.931,208.886,208.89,3.2,0.21,1.0046,0.9,1.1129,-0.2087,-0.208,0.281,3.0,0.7,0.3,STOP,COSTS_COVERED,2,-0.1,0.5,0.1662,Very fast clean downward momentum - breaking below the New York 30-minute opening range
2026-10-01,EURJPY,SHORT,breakout,62.9,1790861782000,1790861782519,1790861899446,519,116.9,178.225,178.263,178.248,178.243,3.8,0.21,1.0046,-1.8,1.1129,-2.9212,-2.908,-0.474,3.1,1.6,-0.581,THESIS_DEAD,THESIS_DEAD,1,-0.7,0.9,0.2352,Fast clean downward momentum - breaking below its 20-minute range
2026-10-01,GBPUSD,LONG,sweep,64.2,1790862448000,1790862448261,1790862753289,261,305.0,1.32305,1.32257,1.3232,1.3232,4.8,0.13,0.9842,1.5,0.6889,0.7873,0.8,0.313,3.9,0.9,0.385,PROTECT_LEVEL,SWING_TRAIL,3,0.1,0.4,0.1987,Very fast upward momentum - swept the lows and snapped back above
2026-10-01,USDCHF,SHORT,opening_range,67.8,1790862555000,1790862560373,1790862607380,5373,47.0,0.83456,0.83473,0.83445,0.83448,1.7,0.11,1.0012,0.8,0.5829,0.2181,0.218,0.471,2.2,0.6,0.364,STOP,PROFIT_RATCHET,3,-0.0,0.1,0.1742,Very fast clean downward momentum - breaking below the New York 15-minute opening range
2026-10-01,USDCHF,SHORT,breakout,63.3,1790862724000,1790862726582,1790862805304,2582,78.7,0.83401,0.83425,0.83384,0.83382,2.4,0.11,1.0012,1.9,0.5829,1.3194,1.318,0.792,3.4,0.8,0.559,PROTECT_LEVEL,SWING_TRAIL,4,0.2,0.1,0.1551,Fast clean downward momentum - breaking below its 20-minute range
2026-10-01,USDJPY,LONG,opening_range,60.6,1790863278000,1790863278605,1790863337652,605,59.0,158.072,158.036,158.036,158.037,3.6,0.21,1.0046,-3.5,1.1129,-4.629,-4.608,-0.972,1.6,3.4,-2.188,THESIS_DEAD,THESIS_DEAD,0,0.9,0.2,0.1702,Fast clean upward momentum - breaking above the New York 15-minute opening range
2026-10-01,USDJPY,LONG,sweep,61.5,1790863553000,1790863553666,1790863586427,666,32.8,158.112,158.066,158.066,158.071,4.6,0.21,1.0046,-4.1,1.1129,-5.2318,-5.208,-0.891,0.3,4.0,-13.667,THESIS_DEAD,THESIS_DEAD,0,0.8,0.2,0.1505,Steady upward momentum - swept the lows and snapped back above
2026-10-01,USDCHF,SHORT,breakout,67.9,1790864356000,1790864356935,1790864458773,935,101.8,0.8328,0.83334,0.83237,0.83231,5.4,0.11,1.0012,4.9,0.5829,4.3232,4.318,0.907,6.8,1.9,0.721,PROTECT_LEVEL,EXHAUSTION,4,0.4,0.1,0.1482,Very fast clean downward momentum - breaking below its 20-minute range
2026-10-01,USDCHF,SHORT,session_breakout,62.1,1790864598000,1790864598512,1790864680306,512,81.8,0.83183,0.83237,0.83216,0.83219,5.4,0.11,1.0012,-3.6,0.5829,-4.1874,-4.182,-0.667,4.0,3.4,-0.9,STOP,PROVING,1,0.2,0.1,0.0899,Fast downward momentum - breaking below yesterday's low
2026-10-01,USDCHF,SHORT,first_retest,60.9,1790864810000,1790864810606,1790864861244,606,50.6,0.83133,0.83181,0.83104,0.83106,4.8,0.11,1.0012,2.7,0.5829,2.1204,2.118,0.562,5.9,0.5,0.458,STOP,PROFIT_RATCHET,3,0.3,0.0,0.0748,Steady downward momentum - first retest of the low held and price is moving on
2026-10-01,GBPJPY,SHORT,first_retest,75.4,1790864839000,1790864839333,1790865070627,333,231.3,208.788,208.878,208.748,208.719,9.0,0.21,1.0046,6.9,1.1129,5.819,5.792,0.767,8.7,5.1,0.793,PROTECT_LEVEL,SWING_TRAIL,2,0.2,1.1,0.1778,Very fast clean downward momentum - first retest of the low held and price is moving on
2026-10-01,USDJPY,SHORT,opening_range,73.0,1790864839000,1790864839333,1790864886376,333,47.0,157.865,157.97,157.97,157.909,10.5,0.21,1.0046,-4.4,1.1129,-5.5332,-5.508,-0.419,0.0,4.2,,THESIS_DEAD,THESIS_DEAD,0,0.2,0.2,0.1373,Very fast clean downward momentum - breaking below the New York 15-minute opening range
2026-10-01,EURJPY,SHORT,first_retest,80.3,1790864840000,1790864840340,1790864991261,340,150.9,178.187,178.3,178.3,178.212,11.3,0.21,1.0046,-2.5,1.1129,-3.6244,-3.608,-0.221,1.0,4.4,-2.5,THESIS_DEAD,THESIS_DEAD,0,0.0,0.8,0.1907,Very fast clean downward momentum - first retest of the low held and price is moving on
2026-10-01,EURJPY,SHORT,breakout,65.8,1790865045000,1790865045313,1790865123643,313,78.3,178.136,178.198,178.05,178.0,6.2,0.21,1.0046,13.6,1.1129,12.55,12.492,2.194,14.2,1.4,0.958,PROTECT_LEVEL,SWING_TRAIL,5,1.0,0.9,0.1883,Very fast downward momentum - breaking below its 20-minute range
2026-10-01,USDJPY,SHORT,first_retest,63.8,1790865055000,1790865055360,1790865095319,360,40.0,157.863,157.897,157.85,157.853,3.4,0.21,1.0046,1.0,1.1129,-0.1082,-0.108,0.294,3.6,0.5,0.278,STOP,SWING_TRAIL,2,-0.9,0.3,0.1502,Fast ragged downward momentum - first retest of the low held and price is moving on
2026-10-01,GBPJPY,SHORT,velocity_burst,64.9,1790865120000,1790865120433,1790865135282,433,14.8,208.609,208.713,208.596,208.479,10.4,0.21,1.0046,13.0,1.1129,11.9472,11.892,1.25,20.4,3.9,0.637,PROTECT_LEVEL,PROFIT_RATCHET,2,-0.5,0.8,0.2137,Very fast clean downward momentum
2026-10-01,USDJPY,SHORT,opening_range,73.4,1790865120000,1790865120435,1790865135505,435,15.1,157.769,157.846,157.702,157.621,7.7,0.21,1.0046,14.8,1.1129,13.7555,13.692,1.922,19.5,2.1,0.759,PROTECT_LEVEL,PROFIT_RATCHET,2,-0.2,0.2,0.1248,Very fast clean downward momentum - breaking below the New York 15-minute opening range
2026-10-01,EURJPY,SHORT,velocity_burst,69.0,1790865145000,1790865145828,1790865195812,828,50.0,177.689,177.828,177.595,177.602,13.9,0.21,1.0046,8.7,1.1129,7.6273,7.592,0.626,18.5,12.1,0.47,STOP,PROFIT_RATCHET,3,6.6,0.9,0.0928,Very fast clean downward momentum
2026-10-01,USDJPY,SHORT,session_breakout,65.0,1790865568000,1790865568560,1790865600298,560,31.7,157.501,157.565,157.565,157.561,6.4,0.21,1.0046,-6.0,1.1129,-7.1406,-7.108,-0.938,2.6,6.0,-2.308,THESIS_DEAD,THESIS_DEAD,0,-0.8,0.2,0.0661,Fast downward momentum - breaking below the Asian session's low
2026-10-01,EURUSD,SHORT,breakout,64.1,1790865794000,1790865794402,1790865856327,402,61.9,1.12768,1.12804,1.12737,1.12739,3.6,0.13,0.9842,2.9,0.6889,2.1652,2.2,0.806,5.5,0.6,0.527,STOP,PROFIT_RATCHET,4,0.5,0.3,0.1297,Fast downward momentum - breaking below its 20-minute range
2026-10-01,EURJPY,SHORT,pullback,61.3,1790865846000,1790865846276,1790866172255,276,326.0,177.639,177.778,177.534,177.536,13.9,0.21,1.0046,10.3,1.1129,9.2347,9.192,0.741,14.2,5.7,0.725,STOP,SWING_TRAIL,3,-0.2,0.5,0.1439,Fast downward momentum - shallow pullback in a falling move now turning back
2026-10-01,AUDUSD,SHORT,session_breakout,62.7,1790866006000,1790866006443,1790866392028,443,385.6,0.69375,0.69424,0.69277,0.6928,4.9,0.13,0.9842,9.5,0.6889,8.6606,8.8,1.939,11.6,1.4,0.819,STOP,MOMENTUM_DECAY,9,-0.1,0.1,0.1805,Fast downward momentum - breaking below the Asian session's low
2026-10-01,USDCHF,SHORT,first_retest,73.7,1790866149000,1790866149355,1790866342844,355,193.5,0.82999,0.83068,0.83041,0.83043,6.9,0.11,1.0012,-4.4,0.5829,-4.9884,-4.982,-0.638,5.1,4.2,-0.863,STOP,PROVING,1,-0.2,0.1,0.0874,Very fast clean downward momentum - first retest of the low held and price is moving on
2026-10-01,EURUSD,SHORT,first_retest,65.9,1790866240000,1790866240415,1790867197652,415,957.2,1.1265,1.12703,1.12544,1.12546,5.3,0.13,0.9842,10.4,0.6889,9.5464,9.7,1.962,12.9,2.1,0.806,STOP,SWING_TRAIL,9,0.2,0.1,0.0983,Fast downward momentum - first retest of the low held and price is moving on
2026-10-01,USDCHF,SHORT,first_retest,69.0,1790866393000,1790866393436,1790866424386,436,30.9,0.82945,0.83008,0.83008,0.82989,6.3,0.11,1.0012,-4.4,0.5829,-4.9884,-4.982,-0.698,2.3,4.3,-1.913,THESIS_DEAD,THESIS_DEAD,0,-0.0,0.1,0.0759,Very fast downward momentum - first retest of the low held and price is moving on
2026-10-01,GBPUSD,SHORT,breakout,62.1,1790867149000,1790867149823,1790867211529,823,61.7,1.31985,1.32052,1.32052,1.32027,6.7,0.13,0.9842,-4.2,0.6889,-4.8224,-4.9,-0.627,0.0,4.0,,THESIS_DEAD,THESIS_DEAD,0,-0.2,0.4,0.1255,Very fast clean downward momentum - breaking below its 20-minute range
2026-10-01,GBPJPY,SHORT,first_retest,61.4,1790867963000,1790867963344,1790868047563,344,84.2,208.137,208.191,208.107,208.104,5.4,0.21,1.0046,3.3,1.1129,2.2024,2.192,0.611,6.9,3.8,0.478,PROTECT_LEVEL,SWING_TRAIL,3,0.3,0.6,0.2451,Fast clean downward momentum - first retest of the low held and price is moving on
2026-10-01,EURJPY,SHORT,session_breakout,62.3,1790868036000,1790868036313,1790868085765,313,49.5,177.309,177.374,177.374,177.364,6.5,0.21,1.0046,-5.5,1.1129,-6.6383,-6.608,-0.846,2.4,5.3,-2.292,THESIS_DEAD,THESIS_DEAD,0,-0.2,0.2,0.0781,Fast clean downward momentum - breaking below yesterday's low
2026-10-01,EURJPY,SHORT,session_breakout,60.5,1790868568000,1790868569353,1790868596501,1353,27.1,177.22,177.257,177.207,177.217,3.7,0.21,1.0046,0.3,1.1129,-0.8115,-0.808,0.081,3.5,0.6,0.086,STOP,COSTS_COVERED,2,-0.0,0.4,0.0877,Fast clean downward momentum - breaking below yesterday's low
2026-10-01,EURUSD,SHORT,squeeze_release,81.9,1790868606000,1790868606550,1790868652327,550,45.8,1.12496,1.12544,1.12474,1.12424,4.8,0.13,0.9842,7.2,0.6889,6.3971,6.5,1.5,10.5,0.4,0.686,PROTECT_LEVEL,EXHAUSTION,3,-0.0,0.0,0.1296,Very fast clean downward momentum - squeeze releasing downward
2026-10-01,EURJPY,SHORT,session_breakout,61.0,1790868617000,1790868617785,1790868642489,785,24.7,177.149,177.208,177.053,177.055,5.9,0.21,1.0046,9.4,1.1129,8.3306,8.292,1.593,16.2,0.6,0.58,STOP,PROFIT_RATCHET,4,0.5,0.4,0.1223,Fast clean downward momentum - breaking below the London session's low
2026-10-01,GBPJPY,SHORT,session_breakout,62.1,1790868624000,1790868624418,1790868715274,418,90.9,207.982,208.071,207.924,207.913,8.9,0.21,1.0046,6.9,1.1129,5.819,5.792,0.775,9.6,4.3,0.719,PROTECT_LEVEL,SWING_TRAIL,3,-0.6,0.7,0.0896,Fast downward momentum - breaking below the London session's low
2026-10-01,EURUSD,SHORT,sweep,60.5,1790868677000,1790868677434,1790868808528,434,131.1,1.124,1.12442,1.12364,1.12365,4.2,0.13,0.9842,3.5,0.6889,2.7557,2.8,0.833,6.3,0.4,0.556,PROTECT_LEVEL,EXHAUSTION,4,0.8,0.1,0.1094,Fast clean downward momentum - swept the highs and snapped back below
2026-10-01,EURJPY,SHORT,session_breakout,63.8,1790868693000,1790868693323,1790868725312,323,32.0,176.979,177.064,177.064,177.052,8.5,0.21,1.0046,-7.3,1.1129,-8.4466,-8.408,-0.859,0.0,7.1,,THESIS_DEAD,THESIS_DEAD,0,-0.2,0.9,0.1058,Very fast downward momentum - breaking below the London session's low
2026-10-01,AUDUSD,SHORT,session_breakout,63.5,1790868720000,1790868720286,1790868810938,286,90.7,0.69135,0.69159,0.69126,0.69128,2.4,0.13,0.9842,0.7,0.6889,0.0,0.0,0.292,2.8,1.0,0.25,STOP,COSTS_COVERED,2,0.3,0.1,0.1582,Fast clean downward momentum - breaking below the London session's low
2026-10-01,GBPJPY,SHORT,session_breakout,64.8,1790868738000,1790868738568,1790868889356,568,150.8,207.833,207.964,207.82,207.655,13.1,0.21,1.0046,17.8,1.1129,16.7694,16.692,1.359,23.3,3.7,0.764,PROTECT_LEVEL,SWING_TRAIL,2,0.5,0.8,0.107,Fast downward momentum - breaking below the London session's low
2026-10-01,EURJPY,SHORT,breakout,61.7,1790868796000,1790868796267,1790868817582,267,21.3,176.902,177.008,177.008,176.978,10.6,0.21,1.0046,-7.6,1.1129,-8.748,-8.708,-0.717,0.0,7.7,,THESIS_DEAD,THESIS_DEAD,0,-0.0,0.9,0.1007,Fast clean downward momentum - breaking below its 20-minute range
2026-10-01,EURUSD,SHORT,sweep,61.4,1790868849000,1790868849572,1790868887550,572,38.0,1.12345,1.12391,1.12304,1.12306,4.6,0.13,0.9842,3.9,0.6889,3.1493,3.2,0.848,5.9,0.5,0.661,STOP,SWING_TRAIL,4,-0.1,0.1,0.1053,Fast downward momentum - swept the highs and snapped back below
2026-10-01,USDCAD,LONG,session_breakout,60.5,1790868849000,1790868849971,1790868886346,971,36.4,1.42598,1.4257,1.42613,1.42611,2.8,0.19,1.0073,1.3,1.0069,0.3027,0.3,0.464,2.9,0.6,0.448,PROTECT_LEVEL,SWING_TRAIL,3,0.2,0.3,0.2272,Very fast upward momentum - breaking above the London session's high
2026-10-01,GBPUSD,SHORT,sweep,71.8,1790868861000,1790868861826,1790869007379,826,145.6,1.31889,1.32009,1.32009,1.31956,12.0,0.13,0.9842,-6.7,0.6889,-7.2828,-7.4,-0.558,2.4,6.5,-2.792,THESIS_DEAD,THESIS_DEAD,0,2.2,0.2,0.1234,Very fast downward momentum - swept the highs and snapped back below
2026-10-01,EURJPY,SHORT,first_retest,71.2,1790868887000,1790868887350,1790868892384,350,5.0,176.8,176.889,176.889,176.836,8.9,0.21,1.0046,-3.6,1.1129,-4.7295,-4.708,-0.404,0.0,3.8,,THESIS_DEAD,THESIS_DEAD,0,-0.7,0.9,0.1003,Very fast clean downward momentum - first retest of the low held and price is moving on
2026-10-01,EURUSD,SHORT,breakout,64.8,1790870002000,1790870002310,1790870071855,310,69.5,1.12251,1.12287,1.12203,1.1221,3.6,0.13,0.9842,4.1,0.6889,3.3462,3.4,1.139,7.3,0.7,0.562,STOP,PROFIT_RATCHET,4,0.4,0.2,0.0819,Fast clean downward momentum - breaking below its 20-minute range
2026-10-01,GBPUSD,SHORT,session_breakout,61.8,1790870042000,1790870042306,1790870122301,306,80.0,1.31842,1.31885,1.31885,1.31877,4.3,0.13,0.9842,-3.5,0.6889,-4.1335,-4.2,-0.814,1.3,3.5,-2.692,THESIS_DEAD,THESIS_DEAD,0,0.6,0.2,0.0939,Steady clean downward momentum - breaking below the London session's low
2026-10-01,EURJPY,LONG,first_retest,60.5,1790871988000,1790871988257,1790872074538,257,86.3,177.249,177.194,177.216,177.214,5.5,0.21,1.0046,-3.5,1.1129,-4.629,-4.608,-0.636,2.8,3.3,-1.25,STOP,PROVING,1,0.6,0.1,0.1692,Steady clean upward momentum - first retest of the high held and price is moving on
2026-10-01,GBPUSD,LONG,squeeze_release,64.1,1790871991000,1790871991272,1790872031690,272,40.4,1.32064,1.32032,1.32032,1.32039,3.2,0.13,0.9842,-2.5,0.6889,-3.1493,-3.2,-0.781,0.3,2.3,-8.333,THESIS_DEAD,THESIS_DEAD,0,-0.0,0.1,0.1368,Fast clean upward momentum - squeeze releasing upward
2026-10-01,AUDUSD,LONG,first_retest,61.4,1790871991000,1790871991471,1790872035506,471,44.0,0.6922,0.69185,0.69185,0.692,3.5,0.13,0.9842,-2.0,0.6889,-2.6572,-2.7,-0.571,0.0,1.8,,THESIS_DEAD,THESIS_DEAD,0,0.1,0.0,0.1522,Fast clean upward momentum - first retest of the high held and price is moving on
2026-10-01,USDCHF,LONG,breakout,60.7,1790872857000,1790872857425,1790873008522,425,151.1,0.83233,0.83176,0.83176,0.83226,5.7,0.11,1.0012,-0.7,0.5829,-1.2838,-1.282,-0.123,1.3,2.6,-0.538,THESIS_DEAD,THESIS_DEAD,0,0.3,0.1,0.1041,Very fast clean upward momentum - breaking above its 20-minute range
2026-10-01,EURUSD,SHORT,breakout,62.6,1790872863000,1790872863859,1790872890428,859,26.6,1.12241,1.12263,1.12263,1.12257,2.2,0.13,0.9842,-1.6,0.6889,-2.2636,-2.3,-0.727,0.7,1.7,-2.286,THESIS_DEAD,THESIS_DEAD,0,0.2,0.0,0.1679,Fast clean downward momentum - breaking below its 20-minute range
2026-10-01,EURJPY,SHORT,breakout,60.5,1790874544000,1790874544446,1790874695596,446,151.2,176.96,177.054,177.054,176.978,9.4,0.21,1.0046,-1.8,1.1129,-2.9212,-2.908,-0.191,0.3,2.9,-6.0,THESIS_DEAD,THESIS_DEAD,0,0.0,0.5,0.1375,Fast clean downward momentum - breaking below its 20-minute range
2026-10-01,GBPUSD,SHORT,first_retest,62.3,1790875081000,1790875081394,1790875100722,394,19.3,1.31822,1.31847,1.31847,1.31843,2.5,0.13,0.9842,-2.1,0.6889,-2.7557,-2.8,-0.84,0.2,1.9,-10.5,THESIS_DEAD,THESIS_DEAD,0,-0.0,0.1,0.1112,Fast downward momentum - first retest of the low held and price is moving on
2026-10-01,EURUSD,SHORT,breakout,65.9,1790875081000,1790875081997,1790875140369,997,58.4,1.12157,1.12193,1.12193,1.12191,3.6,0.13,0.9842,-3.4,0.6889,-4.0351,-4.1,-0.944,0.5,3.2,-6.8,THESIS_DEAD,THESIS_DEAD,0,0.1,0.1,0.1123,Very fast clean downward momentum - breaking below its 20-minute range
2026-10-01,USDJPY,SHORT,first_retest,60.4,1790875539000,1790875539288,1790875659286,288,120.0,157.63,157.663,157.663,157.66,3.3,0.21,1.0046,-3.0,1.1129,-4.1267,-4.108,-0.909,0.5,2.9,-6.0,THESIS_DEAD,THESIS_DEAD,0,0.1,0.2,0.2356,Steady clean downward momentum - first retest of the low held and price is moving on
2026-10-01,AUDUSD,LONG,first_retest,60.6,1790875545000,1790875545923,1790875613429,923,67.5,0.69252,0.69241,0.69241,0.69239,1.1,0.13,0.9842,-1.3,0.6889,-1.9683,-2.0,-1.182,0.2,1.1,-6.5,STOP,INITIAL,0,0.2,0.0,0.1618,Steady clean upward momentum - first retest of the high held and price is moving on
2026-10-01,EURUSD,LONG,breakout,60.1,1790875801000,1790875801276,1790875809303,276,8.0,1.12302,1.12263,1.12328,1.12325,3.9,0.13,0.9842,2.3,0.6889,1.5747,1.6,0.59,6.1,1.3,0.377,STOP,SWING_TRAIL,2,-0.6,0.1,0.1905,Very fast ragged upward momentum - breaking above its 20-minute range
2026-10-01,AUDUSD,LONG,breakout,67.6,1790875803000,1790875803282,1790875848502,282,45.2,0.69277,0.69233,0.69292,0.69289,4.4,0.13,0.9842,1.2,0.6889,0.4921,0.5,0.273,4.3,2.0,0.279,STOP,EXHAUSTION,2,-0.3,0.1,0.1766,Very fast clean upward momentum - breaking above its 20-minute range
2026-10-01,USDCAD,SHORT,session_breakout,63.9,1790875860000,1790875860365,1790875884287,365,23.9,1.42311,1.42328,1.42328,1.42326,1.7,0.19,1.0073,-1.5,1.0069,-2.5179,-2.5,-0.882,0.2,1.5,-7.5,THESIS_DEAD,THESIS_DEAD,0,-0.3,0.2,0.1787,Very fast clean downward momentum - breaking below the London session's low
2026-10-01,USDCHF,LONG,first_retest,67.6,1790877296000,1790877296439,1790877348475,439,52.0,0.83253,0.83228,0.83228,0.83232,2.5,0.11,1.0012,-2.1,0.5829,-2.6855,-2.682,-0.84,0.7,1.9,-3.0,THESIS_DEAD,THESIS_DEAD,0,0.0,0.1,0.1204,Very fast upward momentum - first retest of the high held and price is moving on
2026-10-01,USDJPY,LONG,breakout,60.2,1790877310000,1790877310302,1790877372595,302,62.3,157.934,157.89,157.89,157.905,4.4,0.21,1.0046,-2.9,1.1129,-4.0263,-4.008,-0.659,0.9,2.7,-3.222,THESIS_DEAD,THESIS_DEAD,0,0.5,0.2,0.2372,Fast upward momentum - breaking above its 20-minute range
2026-10-01,USDCHF,LONG,first_retest,62.4,1790877435000,1790877435327,1790877659421,327,224.1,0.83255,0.83219,0.83262,0.8326,3.6,0.11,1.0012,0.5,0.5829,-0.0823,-0.082,0.139,3.1,1.4,0.161,STOP,COSTS_COVERED,2,0.4,0.1,0.1195,Fast ragged upward momentum - first retest of the high held and price is moving on
2026-10-01,AUDUSD,SHORT,first_retest,66.5,1790877454000,1790877454402,1790877706658,402,252.3,0.69152,0.69167,0.69161,0.69163,1.5,0.13,0.9842,-1.1,0.6889,-1.7715,-1.8,-0.733,1.4,0.9,-0.786,STOP,PROVING,2,0.1,0.1,0.2056,Very fast clean downward momentum - first retest of the low held and price is moving on
2026-10-01,GBPJPY,LONG,breakout,61.2,1790877595000,1790877595323,1790877602563,323,7.2,208.382,208.359,208.395,208.413,2.3,0.21,1.0046,3.1,1.1129,2.0015,1.992,1.348,5.7,1.3,0.544,PROTECT_LEVEL,PROFIT_RATCHET,1,-0.1,0.7,0.2391,Very fast upward momentum - breaking above its 20-minute range
2026-10-01,USDJPY,LONG,breakout,62.2,1790877701000,1790877701638,1790877705452,638,3.8,158.141,158.102,158.102,158.113,3.9,0.21,1.0046,-2.8,1.1129,-3.9258,-3.908,-0.718,0.0,2.7,,THESIS_DEAD,THESIS_DEAD,0,0.2,0.2,0.1111,Fast upward momentum - breaking above its 20-minute range
2026-10-01,EURJPY,LONG,breakout,68.5,1790877707000,1790877707266,1790877717318,266,10.1,177.51,177.474,177.474,177.477,3.6,0.21,1.0046,-3.3,1.1129,-4.4281,-4.408,-0.917,0.0,3.2,,THESIS_DEAD,THESIS_DEAD,0,0.3,1.1,0.1553,Very fast clean upward momentum - breaking above its 20-minute range
2026-10-01,GBPJPY,LONG,breakout,67.9,1790877708000,1790877708267,1790877715312,267,7.0,208.491,208.47,208.47,208.465,2.1,0.21,1.0046,-2.6,1.1129,-3.7249,-3.708,-1.238,0.0,2.4,,STOP,THESIS_DEAD,0,-1.3,0.7,0.1309,Very fast clean upward momentum - breaking above its 20-minute range
2026-10-01,USDJPY,LONG,first_retest,60.2,1790877837000,1790877839075,1790878207337,2075,368.3,158.174,158.127,158.238,158.235,4.7,0.21,1.0046,6.1,1.1129,5.0153,4.992,1.298,8.3,1.7,0.735,STOP,SWING_TRAIL,6,0.5,0.1,0.1046,Steady upward momentum - first retest of the high held and price is moving on
2026-10-01,GBPJPY,LONG,breakout,60.4,1790878178000,1790878178381,1790878262373,381,84.0,208.629,208.558,208.558,208.572,7.1,0.21,1.0046,-5.7,1.1129,-6.8392,-6.808,-0.803,2.0,6.0,-2.85,THESIS_DEAD,THESIS_DEAD,0,0.3,0.8,0.1265,Fast clean upward momentum - breaking above its 20-minute range
2026-10-01,EURJPY,LONG,breakout,65.0,1790878178000,1790878178592,1790878329461,592,150.9,177.637,177.569,177.569,177.606,6.8,0.21,1.0046,-3.1,1.1129,-4.2272,-4.208,-0.456,0.9,3.7,-3.444,THESIS_DEAD,THESIS_DEAD,0,0.3,0.9,0.1841,Very fast clean upward momentum - breaking above its 20-minute range
2026-10-01,EURUSD,LONG,breakout,60.0,1790879695000,1790879695394,1790879836716,394,141.3,1.12355,1.12318,1.12318,1.12326,3.7,0.13,0.9842,-2.9,0.6889,-3.543,-3.6,-0.784,1.2,2.7,-2.417,THESIS_DEAD,THESIS_DEAD,0,0.9,0.2,0.1846,Very fast clean upward momentum - breaking above its 20-minute range
2026-10-01,USDJPY,SHORT,breakout,67.5,1790879696000,1790879696396,1790879848757,396,152.4,158.106,158.176,158.176,158.144,7.0,0.21,1.0046,-3.8,1.1129,-4.9304,-4.908,-0.543,0.0,4.2,,THESIS_DEAD,THESIS_DEAD,0,0.5,0.2,0.1442,Very fast clean downward momentum - breaking below its 20-minute range
2026-10-01,USDCHF,SHORT,sweep,68.4,1790881719000,1790881720413,1790882659775,1413,939.4,0.83121,0.83141,0.83107,0.83107,2.0,0.11,1.0012,1.4,0.5829,0.8188,0.818,0.7,2.1,1.1,0.667,PROTECT_LEVEL,SWING_TRAIL,4,0.2,0.1,0.1834,Fast clean downward momentum - swept the highs and snapped back below
2026-10-01,USDCHF,SHORT,breakout,68.7,1790883026000,1790883026411,1790883110336,411,83.9,0.83062,0.83073,0.83051,0.83047,1.1,0.11,1.0012,1.5,0.5829,0.9189,0.918,1.364,1.9,0.6,0.789,PROTECT_LEVEL,EXHAUSTION,3,0.1,0.0,0.2081,Very fast clean downward momentum - breaking below its 20-minute range
2026-10-01,USDJPY,SHORT,breakout,65.9,1790883096000,1790883096656,1790883141484,656,44.8,157.996,158.012,158.012,158.015,1.6,0.21,1.0046,-1.9,1.1129,-3.0216,-3.008,-1.188,0.0,1.7,,STOP,INITIAL,0,0.1,0.2,0.2232,Very fast clean downward momentum - breaking below its 20-minute range
2026-10-01,EURJPY,LONG,breakout,60.0,1790883624000,1790883624795,1790883876689,795,251.9,177.712,177.692,177.728,177.733,2.0,0.21,1.0046,2.1,1.1129,0.9968,0.992,1.05,3.6,0.5,0.583,PROTECT_LEVEL,PROFIT_RATCHET,2,-0.1,0.3,0.1873,Fast clean upward momentum - breaking above its 20-minute range
2026-10-01,AUDUSD,LONG,sweep,69.7,1790884233000,1790884233701,1790884242127,701,8.4,0.69323,0.69316,0.69316,0.69314,0.7,0.13,0.9842,-0.9,0.6889,-1.5747,-1.6,-1.286,0.1,0.7,-9.0,STOP,INITIAL,0,0.2,0.1,0.238,Very fast clean upward momentum - swept the lows and snapped back above
2026-10-01,GBPJPY,LONG,sweep,67.1,1790884741000,1790884741250,1790885098535,250,357.3,208.676,208.593,208.725,208.712,8.3,0.21,1.0046,3.6,1.1129,2.5038,2.492,0.434,7.1,4.5,0.507,STOP,SWING_TRAIL,2,0.2,0.8,0.2239,Very fast upward momentum - swept the lows and snapped back above
2026-10-01,USDJPY,LONG,sweep,78.3,1790884741000,1790884741850,1790884893405,850,151.6,158.156,158.081,158.081,158.112,7.5,0.21,1.0046,-4.4,1.1129,-5.5332,-5.508,-0.587,0.0,4.2,,THESIS_DEAD,THESIS_DEAD,0,0.3,0.2,0.1834,Very fast clean upward momentum - swept the lows and snapped back above
2026-10-01,GBPJPY,SHORT,sweep,66.7,1790897465000,1790897466484,1790897471121,1484,4.6,208.334,208.356,208.356,208.371,2.2,0.21,1.0046,-3.7,1.1129,-4.83,-4.808,-1.682,0.0,3.5,,STOP,INITIAL,0,-0.1,0.9,0.2123,Very fast downward momentum - swept the highs and snapped back below
2026-10-01,USDJPY,SHORT,sweep,69.7,1790897465000,1790897466484,1790897471121,1484,4.6,157.855,157.869,157.869,157.882,1.4,0.21,1.0046,-2.7,1.1129,-3.8253,-3.808,-1.929,0.0,2.5,,STOP,INITIAL,0,-0.0,0.2,0.2262,Very fast downward momentum - swept the highs and snapped back below
2026-10-01,USDJPY,SHORT,sweep,68.4,1790897736000,1790897736696,1790897914938,696,178.2,157.853,157.879,157.869,157.888,2.6,0.21,1.0046,-3.5,1.1129,-4.629,-4.608,-1.346,1.8,3.3,-1.944,STOP,PROVING,1,0.1,0.1,0.2458,Fast ragged downward momentum - swept the highs and snapped back below
2026-10-02,GBPJPY,SHORT,first_retest,62.1,1790899757000,1790899757450,1790899944482,450,187.0,208.242,208.301,208.199,208.19,5.9,0.21,1.0046,5.2,1.1129,4.1112,4.092,0.881,7.6,2.3,0.684,PROTECT_LEVEL,PROFIT_RATCHET,4,1.5,0.7,0.2037,Fast clean downward momentum - first retest of the low held and price is moving on
2026-10-02,EURJPY,SHORT,sweep,63.4,1790899757000,1790899757456,1790899881326,456,123.9,177.478,177.529,177.444,177.443,5.1,0.21,1.0046,3.5,1.1129,2.4033,2.392,0.686,5.0,2.0,0.7,PROTECT_LEVEL,SWING_TRAIL,3,1.2,0.8,0.2381,Fast clean downward momentum - swept the highs and snapped back below
2026-10-02,USDJPY,SHORT,sweep,65.9,1790899784000,1790899785212,1790899939658,1212,154.4,157.816,157.849,157.803,157.803,3.3,0.21,1.0046,1.3,1.1129,0.1931,0.192,0.394,2.7,1.7,0.481,PROTECT_LEVEL,SWING_TRAIL,2,-0.1,0.2,0.1869,Very fast downward momentum - swept the highs and snapped back below
2026-10-02,EURJPY,SHORT,sweep,60.9,1790899902000,1790899902646,1790900045691,646,143.0,177.419,177.458,177.443,177.449,3.9,0.21,1.0046,-3.0,1.1129,-4.1267,-4.108,-0.769,1.6,2.8,-1.875,STOP,PROVING,1,0.0,0.6,0.2041,Steady downward momentum - swept the highs and snapped back below
2026-10-02,USDJPY,LONG,breakout,65.4,1790903331000,1790903331308,1790903423646,308,92.3,158.194,158.145,158.145,158.156,4.9,0.21,1.0046,-3.8,1.1129,-4.9304,-4.908,-0.776,0.0,3.7,,THESIS_DEAD,THESIS_DEAD,0,0.5,0.1,0.2313,Very fast clean upward momentum - breaking above its 20-minute range
2026-10-02,USDJPY,SHORT,breakout,61.0,1790906855000,1790906855639,1790906933301,639,77.7,157.954,158.011,157.902,157.872,5.7,0.21,1.0046,8.2,1.1129,7.125,7.092,1.439,13.5,1.4,0.607,PROTECT_LEVEL,SWING_TRAIL,3,0.2,0.2,0.1759,Fast clean downward momentum - breaking below its 20-minute range
2026-10-02,GBPJPY,SHORT,sweep,63.1,1790906882000,1790906882988,1790906930861,988,47.9,208.432,208.47,208.393,208.34,3.8,0.21,1.0046,9.2,1.1129,8.1297,8.092,2.421,14.8,1.0,0.622,PROTECT_LEVEL,PROFIT_RATCHET,3,-0.0,0.8,0.2244,Fast downward momentum - swept the highs and snapped back below
2026-10-02,USDJPY,SHORT,sweep,65.8,1790911692000,1790911692820,1790911920161,820,227.3,157.904,157.93,157.887,157.886,2.6,0.21,1.0046,1.8,1.1129,0.6955,0.692,0.692,3.2,0.8,0.563,PROTECT_LEVEL,PROFIT_RATCHET,3,-0.1,0.1,0.2115,Very fast downward momentum - swept the highs and snapped back below
2026-10-02,USDJPY,SHORT,breakout,72.2,1790915538000,1790915538318,1790915580170,318,41.9,157.785,157.819,157.819,157.806,3.4,0.21,1.0046,-2.1,1.1129,-3.2226,-3.208,-0.618,1.0,2.4,-2.1,THESIS_DEAD,THESIS_DEAD,0,0.1,0.2,0.2172,Very fast clean downward momentum - breaking below its 20-minute range
2026-10-02,GBPJPY,SHORT,breakout,74.8,1790920481000,1790920481533,1790920501651,533,20.1,208.406,208.458,208.458,208.439,5.2,0.21,1.0046,-3.3,1.1129,-4.4281,-4.408,-0.635,0.0,3.1,,THESIS_DEAD,THESIS_DEAD,0,-0.2,0.6,0.2438,Very fast clean downward momentum - breaking below its 20-minute range
2026-10-02,USDJPY,SHORT,breakout,64.0,1790920820000,1790920820259,1790921025906,259,205.6,157.767,157.817,157.692,157.695,5.0,0.21,1.0046,7.2,1.1129,6.1204,6.092,1.44,9.9,1.0,0.727,STOP,SWING_TRAIL,6,0.1,0.2,0.2234,Very fast downward momentum - breaking below its 20-minute range
2026-10-02,GBPJPY,SHORT,breakout,63.7,1790920821000,1790920821267,1790920856649,267,35.4,208.373,208.412,208.412,208.413,3.9,0.21,1.0046,-4.0,1.1129,-5.1313,-5.108,-1.026,0.0,3.8,,THESIS_DEAD,THESIS_DEAD,0,0.8,0.8,0.2412,Very fast downward momentum - breaking below its 20-minute range
2026-10-02,USDCHF,SHORT,sweep,69.0,1790920978000,1790920979473,1790921138079,1473,158.6,0.82877,0.82918,0.82789,0.82791,4.1,0.11,1.0012,8.6,0.5829,8.0278,8.018,2.098,12.0,0.7,0.717,STOP,EXHAUSTION,8,0.2,0.1,0.2353,Very fast clean downward momentum - swept the highs and snapped back below
2026-10-02,USDJPY,SHORT,breakout,60.1,1790921089000,1790921089665,1790921164419,665,74.8,157.653,157.69,157.676,157.668,3.7,0.21,1.0046,-1.5,1.1129,-2.6198,-2.608,-0.405,2.9,2.2,-0.517,THESIS_DEAD,THESIS_DEAD,1,0.1,0.2,0.1842,Fast downward momentum - breaking below its 20-minute range
2026-10-02,USDCHF,SHORT,velocity_burst,60.2,1790921177000,1790921177890,1790921301385,890,123.5,0.82766,0.828,0.82704,0.82705,3.4,0.11,1.0012,6.1,0.5829,5.5247,5.518,1.794,7.5,1.0,0.813,PROTECT_LEVEL,SWING_TRAIL,5,-0.0,0.1,0.1653,Very fast downward momentum - the US dollar is falling against most currencies
2026-10-02,USDJPY,SHORT,first_retest,62.3,1790921233000,1790921233803,1790921385036,803,151.2,157.636,157.693,157.693,157.655,5.7,0.21,1.0046,-1.9,1.1129,-3.0216,-3.008,-0.333,1.4,2.9,-1.357,THESIS_DEAD,THESIS_DEAD,0,0.3,0.2,0.1701,Fast ragged downward momentum - first retest of the low held and price is moving on
2026-10-02,USDCHF,SHORT,velocity_burst,67.6,1790921460000,1790921460375,1790921678580,375,218.2,0.82687,0.8275,0.8275,0.82753,6.3,0.11,1.0012,-6.6,0.5829,-7.1912,-7.182,-1.048,2.2,6.4,-3.0,STOP,INITIAL,0,-0.2,0.1,0.1098,Very fast clean downward momentum
2026-10-02,EURJPY,SHORT,breakout,62.0,1790921567000,1790921567338,1790921654081,338,86.7,177.396,177.43,177.417,177.423,3.4,0.21,1.0046,-2.7,1.1129,-3.8253,-3.808,-0.794,1.9,2.5,-1.421,STOP,PROVING,1,-0.3,0.4,0.2055,Fast clean downward momentum - breaking below its 20-minute range
2026-10-02,USDJPY,SHORT,breakout,70.3,1790921567000,1790921567340,1790921652674,340,85.3,157.574,157.619,157.601,157.603,4.5,0.21,1.0046,-2.9,1.1129,-4.0263,-4.008,-0.644,3.3,2.7,-0.879,STOP,PROVING,1,-0.1,0.2,0.2308,Very fast clean downward momentum - breaking below its 20-minute range
2026-10-02,EURUSD,LONG,sweep,63.5,1790922097000,1790922097396,1790922141640,396,44.2,1.12597,1.12574,1.12574,1.12582,2.3,0.13,0.9842,-1.5,0.6889,-2.1652,-2.2,-0.652,0.0,1.5,,THESIS_DEAD,THESIS_DEAD,0,0.0,0.0,0.2369,Fast clean upward momentum - swept the lows and snapped back above
2026-10-02,EURUSD,LONG,sweep,73.2,1790925218000,1790925218686,1790925320667,686,102.0,1.12621,1.1258,1.1265,1.12646,4.1,0.13,0.9842,2.5,0.6889,1.7715,1.8,0.61,4.4,0.4,0.568,STOP,SWING_TRAIL,3,0.2,0.1,0.2237,Very fast clean upward momentum - swept the lows and snapped back above
2026-10-02,EURJPY,LONG,sweep,61.9,1790925243000,1790925244078,1790925270402,1078,26.3,177.77,177.732,177.732,177.735,3.8,0.21,1.0046,-3.5,1.1129,-4.629,-4.608,-0.921,0.0,3.3,,THESIS_DEAD,THESIS_DEAD,0,0.5,1.1,0.2407,Fast clean upward momentum - swept the lows and snapped back above
2026-10-02,EURJPY,LONG,session_breakout,64.7,1790925291000,1790925291335,1790925321671,335,30.3,177.813,177.732,177.732,177.77,8.1,0.21,1.0046,-4.3,1.1129,-5.4327,-5.408,-0.531,0.2,4.3,-21.5,THESIS_DEAD,THESIS_DEAD,0,0.9,1.1,0.2407,Fast upward momentum - breaking above the Asian session's high
2026-10-02,EURJPY,LONG,session_breakout,60.2,1790925370000,1790925370350,1790925397686,350,27.3,177.809,177.759,177.759,177.771,5.0,0.21,1.0046,-3.8,1.1129,-4.9304,-4.908,-0.76,0.0,3.8,,THESIS_DEAD,THESIS_DEAD,0,0.2,1.1,0.2168,Steady ragged upward momentum - breaking above the Asian session's high
2026-10-02,EURJPY,LONG,first_retest,71.8,1790925500000,1790925500395,1790925606936,395,106.5,177.829,177.77,177.77,177.787,5.9,0.21,1.0046,-4.2,1.1129,-5.3323,-5.308,-0.712,1.2,4.5,-3.5,THESIS_DEAD,THESIS_DEAD,0,0.1,1.1,0.2088,Fast upward momentum - first retest of the high held and price is moving on
2026-10-02,USDCHF,SHORT,session_breakout,60.3,1790925619000,1790925620599,1790926112352,1599,491.8,0.82854,0.82891,0.82836,0.82838,3.7,0.11,1.0012,1.6,0.5829,1.0191,1.018,0.432,3.7,1.8,0.432,STOP,MOMENTUM_DECAY,3,0.0,0.0,0.124,Fast downward momentum - breaking below the Asian session's low
2026-10-02,EURUSD,LONG,sweep,60.8,1790926004000,1790926004686,1790926028588,686,23.9,1.12669,1.12635,1.12635,1.1265,3.4,0.13,0.9842,-1.9,0.6889,-2.5588,-2.6,-0.559,0.0,1.7,,THESIS_DEAD,THESIS_DEAD,0,0.2,0.1,0.185,Fast upward momentum - swept the lows and snapped back above
2026-10-02,GBPJPY,LONG,opening_range,63.2,1790926039000,1790926039638,1790926045060,638,5.4,208.653,208.613,208.613,208.618,4.0,0.21,1.0046,-3.5,1.1129,-4.629,-4.608,-0.875,0.0,3.3,,THESIS_DEAD,THESIS_DEAD,0,0.0,0.7,0.1779,Fast upward momentum - breaking above the London 15-minute opening range
2026-10-02,USDCHF,SHORT,opening_range,61.1,1790926414000,1790926414539,1790926658290,539,243.8,0.82761,0.82792,0.8278,0.82782,3.1,0.11,1.0012,-2.1,0.5829,-2.6855,-2.682,-0.677,2.0,1.9,-1.05,STOP,PROVING,1,0.3,0.0,0.128,Fast clean downward momentum - breaking below the London 30-minute opening range
2026-10-02,GBPJPY,SHORT,opening_range,60.0,1790926512000,1790926512600,1790926517427,600,4.8,208.379,208.456,208.456,208.43,7.7,0.21,1.0046,-5.1,1.1129,-6.2364,-6.208,-0.662,0.0,4.9,,THESIS_DEAD,THESIS_DEAD,0,-0.0,0.7,0.1536,Fast clean downward momentum - breaking below the London 15-minute opening range
2026-10-02,USDJPY,SHORT,opening_range,61.9,1790926875000,1790926875499,1790926935409,499,59.9,157.723,157.77,157.77,157.763,4.7,0.21,1.0046,-4.0,1.1129,-5.1313,-5.108,-0.851,1.2,3.8,-3.333,THESIS_DEAD,THESIS_DEAD,0,0.3,0.1,0.1462,Fast clean downward momentum - breaking below the London 15-minute opening range
2026-10-02,GBPJPY,SHORT,opening_range,60.5,1790926875000,1790926875500,1790926933807,500,58.3,208.371,208.421,208.401,208.406,5.0,0.21,1.0046,-3.5,1.1129,-4.629,-4.608,-0.7,3.4,3.3,-1.029,STOP,PROVING,1,0.5,0.7,0.1469,Fast clean downward momentum - breaking below the London 15-minute opening range
2026-10-02,GBPJPY,SHORT,opening_range,62.1,1790926984000,1790926984426,1790927834622,426,850.2,208.335,208.416,208.238,208.233,8.1,0.21,1.0046,10.2,1.1129,9.1343,9.092,1.259,11.7,2.3,0.872,PROTECT_LEVEL,SWING_TRAIL,4,0.5,0.7,0.1615,Fast clean downward momentum - breaking below the London 15-minute opening range
2026-10-02,USDJPY,SHORT,session_breakout,60.1,1790926988000,1790926988259,1790927148435,259,160.2,157.706,157.766,157.766,157.731,6.0,0.21,1.0046,-2.5,1.1129,-3.6244,-3.608,-0.417,2.0,2.3,-1.25,THESIS_DEAD,THESIS_DEAD,0,0.1,0.1,0.1767,Fast downward momentum - breaking below the Asian session's low
2026-10-02,USDJPY,SHORT,breakout,61.4,1790927765000,1790927765423,1790927872432,423,107.0,157.612,157.65,157.577,157.561,3.8,0.21,1.0046,5.1,1.1129,4.0107,3.992,1.342,9.0,1.1,0.567,PROTECT_LEVEL,SWING_TRAIL,5,0.1,0.0,0.2187,Fast downward momentum - breaking below its 20-minute range
2026-10-02,USDJPY,SHORT,first_retest,61.8,1790928217000,1790928217540,1790928256328,540,38.8,157.486,157.527,157.527,157.52,4.1,0.21,1.0046,-3.4,1.1129,-4.5286,-4.508,-0.829,1.0,3.2,-3.4,THESIS_DEAD,THESIS_DEAD,0,1.3,0.2,0.1476,Fast clean downward momentum - first retest of the low held and price is moving on
2026-10-02,GBPJPY,SHORT,session_breakout,62.3,1790928218000,1790928218345,1790928242470,345,24.1,208.1,208.155,208.155,208.142,5.5,0.21,1.0046,-4.2,1.1129,-5.3323,-5.308,-0.764,0.6,4.0,-7.0,THESIS_DEAD,THESIS_DEAD,0,-0.0,0.9,0.2219,Fast clean downward momentum - breaking below the Asian session's low
2026-10-02,EURJPY,SHORT,session_breakout,62.3,1790928218000,1790928218552,1790928255327,552,36.8,177.359,177.411,177.411,177.4,5.2,0.21,1.0046,-4.1,1.1129,-5.2318,-5.208,-0.788,0.1,3.9,-41.0,THESIS_DEAD,THESIS_DEAD,0,-0.2,1.1,0.1886,Fast downward momentum - breaking below the Asian session's low
2026-10-02,GBPUSD,LONG,opening_range,69.7,1790928477000,1790928477374,1790928628523,374,151.1,1.32201,1.32153,1.32153,1.32171,4.8,0.13,0.9842,-3.0,0.6889,-3.6414,-3.7,-0.625,1.5,3.0,-2.0,THESIS_DEAD,THESIS_DEAD,0,0.6,0.2,0.2077,Very fast upward momentum - breaking above the London 30-minute opening range
2026-10-02,EURUSD,LONG,sweep,73.1,1790928477000,1790928477578,1790928519373,578,41.8,1.12685,1.12639,1.12639,1.1265,4.6,0.13,0.9842,-3.5,0.6889,-4.1335,-4.2,-0.761,1.0,3.4,-3.5,THESIS_DEAD,THESIS_DEAD,0,1.5,0.0,0.1978,Very fast upward momentum - swept the lows and snapped back above
2026-10-02,USDCHF,SHORT,breakout,69.4,1790928479000,1790928479376,1790928628518,376,149.1,0.82661,0.82701,0.82701,0.82692,4.0,0.11,1.0012,-3.1,0.5829,-3.6868,-3.682,-0.775,0.0,2.9,,THESIS_DEAD,THESIS_DEAD,0,0.2,0.1,0.1234,Very fast downward momentum - breaking below its 20-minute range
2026-10-02,GBPUSD,SHORT,opening_range,62.7,1790929986000,1790929986584,1790930037271,584,50.7,1.32051,1.32097,1.32097,1.32074,4.6,0.13,0.9842,-2.3,0.6889,-2.9525,-3.0,-0.5,0.0,2.1,,THESIS_DEAD,THESIS_DEAD,0,0.1,0.2,0.2453,Fast clean downward momentum - breaking below the London 15-minute opening range
2026-10-02,EURJPY,SHORT,sweep,60.1,1790930354000,1790930354550,1790930380676,550,26.1,177.328,177.389,177.389,177.36,6.1,0.21,1.0046,-3.2,1.1129,-4.3276,-4.308,-0.525,0.2,3.1,-16.0,THESIS_DEAD,THESIS_DEAD,0,0.3,0.1,0.1234,Fast downward momentum - swept the highs and snapped back below
2026-10-02,EURJPY,SHORT,session_breakout,62.2,1790930464000,1790930464365,1790931012304,365,547.9,177.316,177.365,177.346,177.348,4.9,0.21,1.0046,-3.2,1.1129,-4.3276,-4.308,-0.653,3.8,3.0,-0.842,STOP,PROVING,1,0.4,0.1,0.1249,Fast downward momentum - breaking below the Asian session's low
2026-10-02,USDJPY,LONG,sweep,67.6,1790930822000,1790930822966,1790930973343,966,150.4,157.659,157.616,157.616,157.648,4.3,0.21,1.0046,-1.1,1.1129,-2.2179,-2.208,-0.256,0.4,2.5,-2.75,THESIS_DEAD,THESIS_DEAD,0,0.2,0.0,0.1692,Fast upward momentum - swept the lows and snapped back above
2026-10-02,EURJPY,SHORT,breakout,67.0,1790932404000,1790932404299,1790932498300,299,94.0,177.172,177.238,177.238,177.214,6.6,0.21,1.0046,-4.2,1.1129,-5.3323,-5.308,-0.636,0.0,4.0,,THESIS_DEAD,THESIS_DEAD,0,1.1,1.0,0.2165,Very fast downward momentum - breaking below its 20-minute range
2026-10-02,USDJPY,LONG,breakout,60.5,1790933906000,1790933908637,1790934014975,2637,106.3,157.666,157.634,157.634,157.638,3.2,0.21,1.0046,-2.8,1.1129,-3.9258,-3.908,-0.875,0.4,2.6,-7.0,THESIS_DEAD,THESIS_DEAD,0,0.2,0.1,0.1827,Fast clean upward momentum - breaking above its 20-minute range
2026-10-02,USDCHF,SHORT,sweep,60.0,1790935735000,1790935735403,1790935802385,403,67.0,0.82786,0.82805,0.82805,0.82802,1.9,0.11,1.0012,-1.6,0.5829,-2.1849,-2.182,-0.842,0.1,1.4,-16.0,THESIS_DEAD,THESIS_DEAD,0,0.1,0.0,0.2327,Fast clean downward momentum - swept the highs and snapped back below
2026-10-02,EURUSD,SHORT,squeeze_release,62.5,1790935834000,1790935834543,1790936151250,543,316.7,1.12452,1.1248,1.12377,1.12379,2.8,0.13,0.9842,7.3,0.6889,6.4955,6.6,2.607,8.3,0.4,0.88,STOP,SWING_TRAIL,12,0.3,0.2,0.1928,Fast clean downward momentum - squeeze releasing downward
2026-10-02,EURJPY,SHORT,breakout,60.9,1790936411000,1790936411608,1790936510349,608,98.7,177.113,177.155,177.067,177.056,4.2,0.21,1.0046,5.7,1.1129,4.6135,4.592,1.357,7.1,1.3,0.803,PROTECT_LEVEL,SWING_TRAIL,4,0.6,1.1,0.2403,Fast clean downward momentum - breaking below its 20-minute range
2026-10-02,EURUSD,SHORT,breakout,73.0,1790936445000,1790936445369,1790936561482,369,116.1,1.12317,1.12334,1.12303,1.12305,1.7,0.13,0.9842,1.2,0.6889,0.4921,0.5,0.706,2.6,1.0,0.462,STOP,PROFIT_RATCHET,3,-0.0,0.1,0.1759,Very fast clean downward momentum - breaking below its 20-minute range
2026-10-02,GBPUSD,SHORT,breakout,60.1,1790936581000,1790936581291,1790936590345,291,9.1,1.31997,1.32024,1.32024,1.32017,2.7,0.13,0.9842,-2.0,0.6889,-2.6572,-2.7,-0.741,0.0,1.8,,THESIS_DEAD,THESIS_DEAD,0,0.3,0.2,0.1817,Steady downward momentum - breaking below its 20-minute range
2026-10-02,EURUSD,SHORT,session_breakout,64.1,1790936582000,1790936582585,1790936590413,585,7.8,1.12285,1.12312,1.12312,1.123,2.7,0.13,0.9842,-1.5,0.6889,-2.1652,-2.2,-0.556,0.0,1.3,,THESIS_DEAD,THESIS_DEAD,0,0.1,0.1,0.1912,Steady downward momentum - breaking below the Asian session's low
2026-10-02,EURJPY,SHORT,first_retest,75.3,1790936591000,1790936591552,1790936609257,552,17.7,176.989,177.091,177.091,177.062,10.2,0.21,1.0046,-7.3,1.1129,-8.4466,-8.408,-0.716,0.0,7.2,,THESIS_DEAD,THESIS_DEAD,0,-0.0,1.1,0.2394,Very fast downward momentum - first retest of the low held and price is moving on
2026-10-02,EURUSD,SHORT,session_breakout,64.5,1790939012000,1790939012577,1790939039710,577,27.1,1.12283,1.12322,1.12322,1.12305,3.9,0.13,0.9842,-2.2,0.6889,-2.8541,-2.9,-0.564,0.1,2.0,-22.0,THESIS_DEAD,THESIS_DEAD,0,0.2,0.0,0.1816,Fast clean downward momentum - breaking below the Asian session's low
2026-10-02,EURUSD,SHORT,session_breakout,60.4,1790939103000,1790939104273,1790939114538,1273,10.3,1.12273,1.12284,1.12284,1.1228,1.1,0.13,0.9842,-0.7,0.6889,-1.3778,-1.4,-0.636,0.0,1.0,,THESIS_DEAD,THESIS_DEAD,0,-0.1,0.1,0.1723,Steady clean downward momentum - breaking below the Asian session's low
2026-10-02,USDJPY,LONG,breakout,61.0,1790939846000,1790939846697,1790939972404,697,125.7,157.78,157.736,157.736,157.746,4.4,0.21,1.0046,-3.4,1.1129,-4.5286,-4.508,-0.773,0.7,3.3,-4.857,THESIS_DEAD,THESIS_DEAD,0,0.4,0.1,0.1693,Very fast upward momentum - breaking above its 20-minute range
2026-10-02,GBPJPY,LONG,sweep,63.0,1790939862000,1790939862268,1790939871328,268,9.1,208.37,208.316,208.316,208.332,5.4,0.21,1.0046,-3.8,1.1129,-4.9304,-4.908,-0.704,0.0,3.9,,THESIS_DEAD,THESIS_DEAD,0,0.5,1.0,0.1685,Very fast upward momentum - swept the lows and snapped back above
2026-10-02,GBPJPY,LONG,sweep,69.4,1790940066000,1790940066411,1790940356035,411,289.6,208.397,208.346,208.445,208.459,5.1,0.21,1.0046,6.2,1.1129,5.1158,5.092,1.216,7.4,2.4,0.838,PROTECT_LEVEL,SWING_TRAIL,5,0.4,0.6,0.175,Very fast clean upward momentum - swept the lows and snapped back above
2026-10-02,EURUSD,LONG,sweep,62.5,1790940068000,1790940068337,1790940166296,337,98.0,1.124,1.12379,1.12379,1.12375,2.1,0.13,0.9842,-2.5,0.6889,-3.1493,-3.2,-1.19,0.2,2.3,-12.5,STOP,INITIAL,0,-0.3,0.1,0.2087,Fast upward momentum - swept the lows and snapped back above
2026-10-02,EURJPY,SHORT,velocity_burst,60.9,1790941680000,1790941680458,1790941746442,458,66.0,177.162,177.265,177.149,177.064,10.3,0.21,1.0046,9.8,1.1129,8.7324,8.692,0.951,12.5,2.1,0.784,PROTECT_LEVEL,SWING_TRAIL,2,-0.1,0.9,0.2131,Very fast clean downward momentum - broad move: euro falling and yen rising across the board
2026-10-02,USDCHF,SHORT,breakout,65.3,1790941880000,1790941880820,1790941952763,820,71.9,0.82734,0.82762,0.8272,0.82723,2.8,0.11,1.0012,1.1,0.5829,0.5184,0.518,0.393,3.1,1.3,0.355,STOP,SWING_TRAIL,3,0.2,0.0,0.1318,Very fast clean downward momentum - breaking below its 20-minute range
2026-10-02,USDCHF,SHORT,breakout,62.8,1790942008000,1790942009040,1790942016670,1040,7.6,0.82662,0.82693,0.82693,0.82681,3.1,0.11,1.0012,-1.9,0.5829,-2.4853,-2.482,-0.613,0.0,1.7,,THESIS_DEAD,THESIS_DEAD,0,-0.0,0.1,0.1443,Very fast downward momentum - breaking below its 20-minute range
2026-10-02,USDCHF,SHORT,breakout,65.1,1790942087000,1790942087825,1790942123639,825,35.8,0.82635,0.82684,0.82684,0.82675,4.9,0.11,1.0012,-4.0,0.5829,-4.5879,-4.582,-0.816,0.3,3.8,-13.333,THESIS_DEAD,THESIS_DEAD,0,0.3,0.1,0.1408,Very fast downward momentum - breaking below its 20-minute range
2026-10-02,USDCHF,SHORT,first_retest,62.5,1790942166000,1790942166269,1790942249599,269,83.3,0.82623,0.82659,0.82659,0.82655,3.6,0.11,1.0012,-3.2,0.5829,-3.7869,-3.782,-0.889,1.3,3.1,-2.462,THESIS_DEAD,THESIS_DEAD,0,0.6,0.1,0.1119,Steady ragged downward momentum - first retest of the low held and price is moving on
2026-10-02,EURUSD,SHORT,session_breakout,63.5,1790942753000,1790942753506,1790943117904,506,364.4,1.12266,1.123,1.12247,1.12252,3.4,0.13,0.9842,1.4,0.6889,0.6889,0.7,0.412,3.1,1.1,0.452,STOP,SWING_TRAIL,3,0.2,0.1,0.1459,Fast downward momentum - breaking below the Asian session's low
2026-10-02,GBPUSD,SHORT,first_retest,60.1,1790943325000,1790943326179,1790943477352,1179,151.2,1.31969,1.31995,1.31995,1.31983,2.6,0.13,0.9842,-1.4,0.6889,-2.0667,-2.1,-0.538,0.6,1.7,-2.333,THESIS_DEAD,THESIS_DEAD,0,0.3,0.2,0.2052,Fast downward momentum - first retest of the low held and price is moving on
2026-10-02,USDCHF,SHORT,sweep,65.0,1790944202000,1790944202382,1790944212021,382,9.6,0.82444,0.82512,0.82485,0.825,6.8,0.11,1.0012,-5.6,0.5829,-6.1899,-6.182,-0.824,5.4,5.4,-1.037,STOP,PROVING,1,-3.0,1.3,0.0806,Very fast clean downward momentum - swept the highs and snapped back below
2026-10-02,AUDUSD,LONG,velocity_burst,67.7,1790944202000,1790944202506,1790944207889,506,5.4,0.6965,0.69625,0.69659,0.69648,2.5,0.13,0.9842,-0.2,0.6889,-0.8857,-0.9,-0.08,6.0,0.7,-0.033,STOP,RUNNER,1,-2.9,0.5,0.0792,Very fast clean upward momentum - the US dollar is falling against most currencies
2026-10-02,USDJPY,SHORT,session_breakout,74.1,1790944203000,1790944203392,1790944207404,392,4.0,157.204,157.295,157.295,157.308,9.1,0.21,1.0046,-10.4,1.1129,-11.5609,-11.508,-1.143,0.6,10.2,-17.333,STOP,INITIAL,0,-0.2,1.0,0.1211,Very fast clean downward momentum - breaking below yesterday's low
2026-10-02,EURUSD,LONG,session_breakout,76.9,1790944203000,1790944203466,1790944210685,466,7.2,1.12576,1.12497,1.12497,1.12468,7.9,0.13,0.9842,-10.8,0.6889,-11.3179,-11.5,-1.367,2.4,10.6,-4.5,STOP,INITIAL,0,-0.2,0.5,0.0552,Very fast clean upward momentum - breaking above the Asian session's high
2026-10-02,GBPUSD,LONG,velocity_burst,67.4,1790944208000,1790944208805,1790944211818,805,3.0,1.32307,1.32248,1.32248,1.32218,5.9,0.13,0.9842,-8.9,0.6889,-9.448,-9.6,-1.508,0.0,8.7,,STOP,INITIAL,0,-1.9,0.5,0.0907,Very fast clean upward momentum - broad move: pound rising and US dollar falling across the board
2026-10-02,USDCHF,SHORT,sweep,60.2,1790944243000,1790944243321,1790944253349,321,10.0,0.82401,0.82448,0.8243,0.82432,4.7,0.11,1.0012,-3.1,0.5829,-3.6868,-3.682,-0.66,2.5,2.9,-1.24,STOP,PROVING,1,0.3,0.1,0.0395,Very fast downward momentum - swept the highs and snapped back below
2026-10-02,USDCAD,SHORT,session_breakout,61.1,1790944260000,1790944260409,1790944291304,409,30.9,1.4219,1.42225,1.42158,1.42157,3.5,0.19,1.0073,3.3,1.0069,2.3173,2.3,0.943,5.4,2.6,0.611,PROTECT_LEVEL,EXHAUSTION,4,0.2,0.3,0.206,Very fast downward momentum - breaking below yesterday's low
2026-10-02,USDJPY,SHORT,session_breakout,61.8,1790944267000,1790944267630,1790944292307,630,24.7,157.178,157.221,157.076,157.067,4.3,0.21,1.0046,11.1,1.1129,10.0384,9.992,2.581,14.6,0.4,0.76,PROTECT_LEVEL,SWING_TRAIL,2,0.7,0.2,0.0953,Fast downward momentum - breaking below yesterday's low
2026-10-02,GBPJPY,SHORT,sweep,61.4,1790944271000,1790944271292,1790944319878,292,48.6,207.861,207.929,207.807,207.83,6.8,0.21,1.0046,3.1,1.1129,2.0015,1.992,0.456,10.3,5.1,0.301,STOP,PROFIT_RATCHET,3,0.9,0.9,0.0937,Fast clean downward momentum - swept the highs and snapped back below
2026-10-02,EURJPY,SHORT,sweep,63.7,1790944272000,1790944272295,1790944276305,295,4.0,176.721,176.784,176.784,176.765,6.3,0.21,1.0046,-4.4,1.1129,-5.5332,-5.508,-0.698,0.0,4.4,,THESIS_DEAD,THESIS_DEAD,0,0.8,0.9,0.1087,Very fast downward momentum - swept the highs and snapped back below
2026-10-02,USDCHF,SHORT,sweep,63.6,1790944277000,1790944277624,1790944297284,624,19.7,0.82368,0.82429,0.82429,0.82405,6.1,0.11,1.0012,-3.7,0.5829,-4.2875,-4.282,-0.607,2.2,4.3,-1.682,THESIS_DEAD,THESIS_DEAD,0,0.4,0.2,0.0597,Very fast clean downward momentum - swept the highs and snapped back below
2026-10-02,EURJPY,SHORT,session_breakout,60.0,1790944314000,1790944314254,1790944386536,254,72.3,176.672,176.759,176.725,176.732,8.7,0.21,1.0046,-6.0,1.1129,-7.1406,-7.108,-0.69,5.7,5.8,-1.053,STOP,PROVING,1,0.4,0.9,0.1334,Very fast downward momentum - breaking below yesterday's low
2026-10-02,USDCHF,SHORT,sweep,64.8,1790944318000,1790944318560,1790944355080,560,36.5,0.82348,0.82407,0.82312,0.82315,5.9,0.11,1.0012,3.3,0.5829,2.7212,2.718,0.559,7.1,2.0,0.465,STOP,PROFIT_RATCHET,3,-0.4,0.1,0.0672,Very fast downward momentum - swept the highs and snapped back below
2026-10-02,USDJPY,SHORT,breakout,67.6,1790944319000,1790944319588,1790944332822,588,13.2,157.017,157.065,157.058,157.051,4.8,0.21,1.0046,-3.4,1.1129,-4.5286,-4.508,-0.708,3.4,3.5,-1.0,THESIS_DEAD,THESIS_DEAD,1,-3.4,0.2,0.0739,Very fast clean downward momentum - breaking below its 20-minute range
2026-10-02,AUDUSD,LONG,session_breakout,61.5,1790944327000,1790944327374,1790944331388,374,4.0,0.69678,0.69648,0.69648,0.69654,3.0,0.13,0.9842,-2.4,0.6889,-3.0509,-3.1,-0.8,0.0,2.6,,THESIS_DEAD,THESIS_DEAD,0,0.2,0.1,0.1152,Fast ragged upward momentum - breaking above yesterday's high
2026-10-02,USDJPY,SHORT,session_breakout,60.2,1790944483000,1790944483797,1790944509289,797,25.5,157.109,157.198,157.198,157.174,8.9,0.21,1.0046,-6.5,1.1129,-7.6429,-7.608,-0.73,3.1,7.0,-2.097,THESIS_DEAD,THESIS_DEAD,0,-0.3,0.2,0.1596,Steady ragged downward momentum - breaking below yesterday's low
2026-10-02,AUDUSD,LONG,session_breakout,60.6,1790944666000,1790944666362,1790944759396,362,93.0,0.69615,0.69571,0.69588,0.69591,4.4,0.13,0.9842,-2.4,0.6889,-3.0509,-3.1,-0.545,1.9,2.5,-1.263,THESIS_DEAD,THESIS_DEAD,1,0.0,0.1,0.1224,Steady ragged upward momentum - breaking above yesterday's high
2026-10-02,USDCAD,SHORT,session_breakout,60.3,1790944695000,1790944695296,1790944734289,296,39.0,1.42179,1.42287,1.42287,1.42216,10.8,0.19,1.0073,-3.7,1.0069,-4.734,-4.7,-0.343,0.1,3.9,-37.0,THESIS_DEAD,THESIS_DEAD,0,0.4,0.1,0.2191,Steady clean downward momentum - breaking below yesterday's low
2026-10-02,GBPUSD,LONG,sweep,65.1,1790947706000,1790947706440,1790947983150,440,276.7,1.3227,1.3223,1.32246,1.32244,4.0,0.13,0.9842,-2.6,0.6889,-3.2477,-3.3,-0.65,2.9,2.4,-0.897,STOP,PROVING,1,0.4,0.2,0.1429,Very fast clean upward momentum - swept the lows and snapped back above
2026-10-02,AUDUSD,LONG,sweep,65.2,1790947714000,1790947714286,1790947853782,286,139.5,0.69715,0.69689,0.69699,0.69695,2.6,0.13,0.9842,-2.0,0.6889,-2.6572,-2.7,-0.769,1.4,1.8,-1.429,STOP,PROVING,1,0.2,0.1,0.1565,Fast clean upward momentum - swept the lows and snapped back above
2026-10-02,AUDUSD,LONG,breakout,67.5,1790948265000,1790948265866,1790948290771,866,24.9,0.69734,0.697,0.697,0.69702,3.4,0.13,0.9842,-3.2,0.6889,-3.8382,-3.9,-0.941,0.0,3.0,,THESIS_DEAD,THESIS_DEAD,0,-0.2,0.1,0.1528,Very fast clean upward momentum - breaking above its 20-minute range
2026-10-02,EURJPY,LONG,breakout,60.3,1790948599000,1790948600164,1790948722667,1164,122.5,177.284,177.218,177.34,177.344,6.6,0.21,1.0046,6.0,1.1129,4.9149,4.892,0.909,8.7,1.5,0.69,PROTECT_LEVEL,SWING_TRAIL,5,0.1,0.3,0.2009,Fast upward momentum - breaking above its 20-minute range
2026-10-02,EURUSD,LONG,breakout,60.4,1790948971000,1790948971562,1790949088281,562,116.7,1.12648,1.12602,1.1266,1.1266,4.6,0.13,0.9842,1.2,0.6889,0.4921,0.5,0.261,4.1,0.3,0.293,PROTECT_LEVEL,SWING_TRAIL,2,0.4,0.1,0.1023,Fast upward momentum - breaking above its 20-minute range
2026-10-02,EURJPY,LONG,breakout,69.4,1790949004000,1790949004517,1790949079848,517,75.3,177.5,177.433,177.433,177.46,6.7,0.21,1.0046,-4.0,1.1129,-5.1313,-5.108,-0.597,1.0,4.0,-4.0,THESIS_DEAD,THESIS_DEAD,0,0.0,0.3,0.0997,Fast clean upward momentum - breaking above its 20-minute range
2026-10-02,GBPUSD,LONG,breakout,62.5,1790949059000,1790949059757,1790949133671,757,73.9,1.32448,1.3241,1.3241,1.32416,3.8,0.13,0.9842,-3.2,0.6889,-3.8382,-3.9,-0.842,0.0,3.3,,THESIS_DEAD,THESIS_DEAD,0,0.7,0.2,0.2167,Fast clean upward momentum - breaking above its 20-minute range
2026-10-02,EURJPY,LONG,breakout,60.0,1790949392000,1790949392487,1790949417604,487,25.1,177.545,177.485,177.485,177.511,6.0,0.21,1.0046,-3.4,1.1129,-4.5286,-4.508,-0.567,0.2,3.3,-17.0,THESIS_DEAD,THESIS_DEAD,0,0.1,0.5,0.1134,Steady clean upward momentum - breaking above its 20-minute range
2026-10-02,EURUSD,LONG,breakout,60.3,1790949463000,1790949463386,1790949603952,386,140.6,1.1272,1.12677,1.1274,1.12738,4.3,0.13,0.9842,1.8,0.6889,1.0826,1.1,0.419,3.9,2.3,0.462,STOP,SWING_TRAIL,2,2.3,0.1,0.1069,Very fast clean upward momentum - breaking above its 20-minute range
2026-10-02,GBPJPY,LONG,session_breakout,63.9,1790949606000,1790949606365,1790949629258,365,22.9,208.682,208.615,208.615,208.628,6.7,0.21,1.0046,-5.4,1.1129,-6.5378,-6.508,-0.806,0.0,5.3,,THESIS_DEAD,THESIS_DEAD,0,0.2,0.8,0.1233,Very fast ragged upward momentum - breaking above the Asian session's high
2026-10-02,GBPJPY,LONG,session_breakout,60.2,1790949716000,1790949716620,1790949788351,620,71.7,208.671,208.569,208.569,208.596,10.2,0.21,1.0046,-7.5,1.1129,-8.6475,-8.608,-0.735,0.0,7.5,,THESIS_DEAD,THESIS_DEAD,0,0.3,0.9,0.1182,Very fast ragged upward momentum - breaking above the Asian session's high
2026-10-02,EURUSD,LONG,breakout,61.1,1790949905000,1790949905440,1790949935795,440,30.4,1.12826,1.12787,1.12787,1.12796,3.9,0.13,0.9842,-3.0,0.6889,-3.6414,-3.7,-0.769,0.7,3.2,-4.286,THESIS_DEAD,THESIS_DEAD,0,0.2,0.0,0.0923,Fast clean upward momentum - breaking above its 20-minute range
2026-10-02,EURJPY,LONG,breakout,64.8,1790950038000,1790950038882,1790950331213,882,292.3,177.78,177.706,177.735,177.732,7.4,0.21,1.0046,-4.8,1.1129,-5.935,-5.908,-0.649,4.7,4.6,-1.021,STOP,PROVING,1,0.6,0.9,0.1329,Fast clean upward momentum - breaking above its 20-minute range
2026-10-02,GBPJPY,LONG,session_breakout,63.1,1790951413000,1790951413271,1790951474529,271,61.3,208.715,208.657,208.754,208.765,5.8,0.21,1.0046,5.0,1.1129,3.9102,3.892,0.862,8.0,1.5,0.625,PROTECT_LEVEL,SWING_TRAIL,3,-0.5,0.5,0.1029,Fast upward momentum - breaking above the Asian session's high
2026-10-02,GBPUSD,LONG,sweep,63.5,1790951457000,1790951457252,1790951592290,252,135.0,1.32516,1.32473,1.32473,1.32474,4.3,0.13,0.9842,-4.2,0.6889,-4.8224,-4.9,-0.977,0.7,4.0,-6.0,THESIS_DEAD,THESIS_DEAD,0,0.3,0.3,0.1016,Fast upward momentum - swept the lows and snapped back above
2026-10-02,GBPJPY,LONG,breakout,62.5,1790952743000,1790952743640,1790952938687,640,195.0,208.878,208.816,208.921,208.918,6.2,0.21,1.0046,4.0,1.1129,2.9056,2.892,0.645,6.8,1.9,0.588,STOP,SWING_TRAIL,4,0.3,0.8,0.1718,Very fast upward momentum - breaking above its 20-minute range
2026-10-02,EURJPY,LONG,session_breakout,60.3,1790952926000,1790952926436,1790952966803,436,40.4,177.83,177.787,177.787,177.796,4.3,0.21,1.0046,-3.4,1.1129,-4.5286,-4.508,-0.791,0.0,3.2,,THESIS_DEAD,THESIS_DEAD,0,-0.3,0.9,0.1404,Fast ragged upward momentum - breaking above the Asian session's high
2026-10-02,EURJPY,LONG,first_retest,61.8,1790953060000,1790953060482,1790953211417,482,150.9,177.842,177.76,177.76,177.809,8.2,0.21,1.0046,-3.3,1.1129,-4.4281,-4.408,-0.402,0.2,3.6,-16.5,THESIS_DEAD,THESIS_DEAD,0,0.4,0.9,0.1446,Fast ragged upward momentum - first retest of the high held and price is moving on
2026-10-02,USDCAD,LONG,breakout,65.7,1790954545000,1790954545267,1790954748292,267,203.0,1.42538,1.42507,1.42571,1.42578,3.1,0.19,1.0073,4.0,1.0069,3.0225,3.0,1.29,5.4,0.9,0.741,PROTECT_LEVEL,EXHAUSTION,6,0.4,0.2,0.1652,Very fast clean upward momentum - breaking above its 20-minute range
2026-10-02,EURUSD,SHORT,breakout,61.3,1790954697000,1790954697291,1790954762571,291,65.3,1.12552,1.1258,1.1258,1.12575,2.8,0.13,0.9842,-2.3,0.6889,-2.9525,-3.0,-0.821,0.0,2.1,,THESIS_DEAD,THESIS_DEAD,0,0.4,0.1,0.2124,Very fast clean downward momentum - breaking below its 20-minute range
2026-10-02,AUDUSD,SHORT,breakout,65.7,1790954698000,1790954698294,1790954750101,294,51.8,0.69496,0.69521,0.69521,0.69512,2.5,0.13,0.9842,-1.6,0.6889,-2.2636,-2.3,-0.64,0.3,1.4,-5.333,THESIS_DEAD,THESIS_DEAD,0,0.2,0.0,0.1846,Very fast clean downward momentum - breaking below its 20-minute range
2026-10-02,USDJPY,LONG,breakout,63.2,1790956650000,1790956650290,1790956715392,290,65.1,157.834,157.769,157.769,157.802,6.5,0.21,1.0046,-3.2,1.1129,-4.3276,-4.308,-0.492,0.6,3.0,-5.333,THESIS_DEAD,THESIS_DEAD,0,0.3,0.0,0.163,Very fast clean upward momentum - breaking above its 20-minute range
2026-10-02,AUDUSD,SHORT,first_retest,61.7,1790958246000,1790958246488,1790958267813,488,21.3,0.69488,0.69502,0.69502,0.695,1.4,0.13,0.9842,-1.2,0.6889,-1.8699,-1.9,-0.857,0.0,1.2,,THESIS_DEAD,THESIS_DEAD,0,0.2,0.0,0.2067,Fast downward momentum - first retest of the low held and price is moving on
2026-10-02,AUDUSD,SHORT,first_retest,65.7,1790958289000,1790958289334,1790958313249,334,23.9,0.69477,0.69487,0.69487,0.69489,1.0,0.13,0.9842,-1.2,0.6889,-1.8699,-1.9,-1.2,0.4,1.0,-3.0,STOP,THESIS_DEAD,0,-0.0,0.0,0.2067,Very fast ragged downward momentum - first retest of the low held and price is moving on
2026-10-02,AUDUSD,SHORT,sweep,63.2,1790961885000,1790961886414,1790962324357,1414,437.9,0.69468,0.69482,0.69477,0.69479,1.4,0.13,0.9842,-1.1,0.6889,-1.7715,-1.8,-0.786,1.7,1.1,-0.647,STOP,PROVING,1,0.3,0.1,0.244,Fast clean downward momentum - swept the highs and snapped back below
2026-10-02,GBPUSD,LONG,sweep,60.9,1790962466000,1790962466267,1790962618078,267,151.8,1.32376,1.32347,1.32347,1.32369,2.9,0.13,0.9842,-0.7,0.6889,-1.3778,-1.4,-0.241,0.5,0.9,-1.4,THESIS_DEAD,THESIS_DEAD,0,0.1,0.2,0.1581,Fast clean upward momentum - swept the lows and snapped back above
2026-10-02,USDCHF,SHORT,breakout,62.7,1790964421000,1790964421776,1790964469420,776,47.6,0.82862,0.82877,0.82877,0.82876,1.5,0.11,1.0012,-1.4,0.5829,-1.9847,-1.982,-0.933,0.0,1.2,,THESIS_DEAD,THESIS_DEAD,0,0.2,0.0,0.1822,Fast clean downward momentum - breaking below its 20-minute range
2026-10-02,USDCHF,SHORT,breakout,61.9,1790965755000,1790965757771,1790965857284,2771,99.5,0.82848,0.82871,0.82871,0.82863,2.3,0.11,1.0012,-1.5,0.5829,-2.0848,-2.082,-0.652,0.0,1.4,,THESIS_DEAD,THESIS_DEAD,0,0.1,0.1,0.19,Fast clean downward momentum - breaking below its 20-minute range
2026-10-02,EURUSD,SHORT,sweep,71.4,1790967261000,1790967261285,1790967525105,285,263.8,1.12498,1.12509,1.12505,1.12508,1.1,0.13,0.9842,-1.0,0.6889,-1.6731,-1.7,-0.909,1.5,0.8,-0.667,STOP,PROVING,1,-0.0,0.0,0.243,Very fast clean downward momentum - swept the highs and snapped back below
2026-10-02,USDCHF,SHORT,breakout,64.7,1790968954000,1790968954282,1790969225032,282,270.8,0.82836,0.82857,0.82849,0.82851,2.1,0.11,1.0012,-1.5,0.5829,-2.0848,-2.082,-0.714,1.0,1.3,-1.5,STOP,PROVING,1,0.1,0.1,0.2342,Very fast clean downward momentum - breaking below its 20-minute range
2026-10-05,GBPJPY,SHORT,breakout,63.8,1791158586000,1791158586420,1791158604302,420,17.9,208.737,208.801,208.801,208.783,6.4,0.21,1.0046,-4.6,1.1129,-5.7341,-5.708,-0.719,0.0,4.6,,THESIS_DEAD,THESIS_DEAD,0,-0.0,0.8,0.203,Very fast clean downward momentum - breaking below its 20-minute range
2026-10-05,GBPJPY,SHORT,breakout,60.9,1791158711000,1791158711439,1791158813796,439,102.4,208.722,208.782,208.782,208.766,6.0,0.21,1.0046,-4.4,1.1129,-5.5332,-5.508,-0.733,0.0,4.3,,THESIS_DEAD,THESIS_DEAD,0,0.7,0.7,0.1925,Fast downward momentum - breaking below its 20-minute range
2026-10-05,USDJPY,SHORT,sweep,60.4,1791158711000,1791158712040,1791158801520,1040,89.5,157.614,157.648,157.648,157.638,3.4,0.21,1.0046,-2.4,1.1129,-3.524,-3.508,-0.706,0.7,2.5,-3.429,THESIS_DEAD,THESIS_DEAD,0,0.6,0.2,0.1915,Fast clean downward momentum - swept the highs and snapped back below
2026-10-05,EURJPY,SHORT,sweep,71.3,1791158712000,1791158712849,1791158863357,849,150.5,177.395,177.442,177.442,177.41,4.7,0.21,1.0046,-1.5,1.1129,-2.6198,-2.608,-0.319,0.6,2.8,-2.5,THESIS_DEAD,THESIS_DEAD,0,0.3,0.6,0.1731,Fast clean downward momentum - swept the highs and snapped back below
2026-10-05,EURJPY,SHORT,sweep,63.2,1791162238000,1791162238326,1791162382429,326,144.1,177.294,177.343,177.281,177.27,4.9,0.21,1.0046,2.4,1.1129,1.2982,1.292,0.49,4.4,1.3,0.545,PROTECT_LEVEL,SWING_TRAIL,2,0.3,1.0,0.2293,Very fast clean downward momentum - swept the highs and snapped back below
2026-10-05,EURJPY,SHORT,sweep,65.5,1791162406000,1791162406397,1791162415435,397,9.0,177.216,177.274,177.274,177.272,5.8,0.21,1.0046,-5.6,1.1129,-6.7387,-6.708,-0.966,0.0,5.4,,THESIS_DEAD,THESIS_DEAD,0,0.4,1.2,0.2299,Very fast downward momentum - swept the highs and snapped back below
2026-10-05,GBPJPY,SHORT,sweep,64.9,1791162406000,1791162406397,1791162415437,397,9.0,208.701,208.77,208.77,208.764,6.9,0.21,1.0046,-6.3,1.1129,-7.442,-7.408,-0.913,0.0,6.1,,THESIS_DEAD,THESIS_DEAD,0,0.5,0.9,0.1812,Very fast downward momentum - swept the highs and snapped back below
2026-10-05,EURJPY,SHORT,breakout,64.6,1791162760000,1791162762433,1791162818494,2433,56.1,177.184,177.224,177.158,177.152,4.0,0.21,1.0046,3.2,1.1129,2.1019,2.092,0.8,5.4,0.6,0.593,PROTECT_LEVEL,PROFIT_RATCHET,3,0.6,0.4,0.1582,Fast clean downward momentum - breaking below its 20-minute range
2026-10-05,GBPJPY,SHORT,breakout,66.6,1791162764000,1791162764437,1791162845193,437,80.8,208.644,208.707,208.611,208.613,6.3,0.21,1.0046,3.1,1.1129,2.0015,1.992,0.492,5.6,1.6,0.554,STOP,COSTS_COVERED,2,0.5,0.7,0.1756,Fast clean downward momentum - breaking below its 20-minute range
2026-10-05,USDJPY,SHORT,breakout,60.0,1791162880000,1791162880568,1791162944675,568,64.1,157.57,157.608,157.527,157.529,3.8,0.21,1.0046,4.1,1.1129,3.0061,2.992,1.079,6.9,0.7,0.594,STOP,SWING_TRAIL,5,0.3,0.2,0.2308,Fast clean downward momentum - breaking below its 20-minute range
2026-10-05,GBPJPY,SHORT,breakout,72.5,1791162903000,1791162903476,1791163051297,476,147.8,208.496,208.6,208.432,208.427,10.4,0.21,1.0046,6.9,1.1129,5.819,5.792,0.663,10.0,1.4,0.69,PROTECT_LEVEL,SWING_TRAIL,3,-0.5,1.0,0.1743,Very fast clean downward momentum - breaking below its 20-minute range
2026-10-05,EURJPY,SHORT,breakout,77.0,1791162919000,1791162919350,1791163093334,350,174.0,176.985,177.094,177.094,176.992,10.9,0.21,1.0046,-0.7,1.1129,-1.8161,-1.808,-0.064,2.9,3.9,-0.241,THESIS_DEAD,THESIS_DEAD,0,-0.2,1.2,0.2051,Very fast clean downward momentum - breaking below its 20-minute range
2026-10-05,USDJPY,SHORT,breakout,62.9,1791163039000,1791163039648,1791163058505,648,18.9,157.475,157.543,157.543,157.528,6.8,0.21,1.0046,-5.3,1.1129,-6.4374,-6.408,-0.779,0.0,5.1,,THESIS_DEAD,THESIS_DEAD,0,0.5,0.2,0.151,Very fast downward momentum - breaking below its 20-minute range
2026-10-05,USDJPY,SHORT,breakout,61.0,1791163483000,1791163483312,1791163634813,312,151.5,157.454,157.53,157.53,157.481,7.6,0.21,1.0046,-2.7,1.1129,-3.8253,-3.808,-0.355,0.4,3.6,-6.75,THESIS_DEAD,THESIS_DEAD,0,0.3,0.1,0.1404,Very fast clean downward momentum - breaking below its 20-minute range
2026-10-05,EURJPY,LONG,squeeze_release,63.2,1791165962000,1791165962381,1791166745390,381,783.0,177.052,176.951,176.991,176.989,10.1,0.21,1.0046,-6.3,1.1129,-7.442,-7.408,-0.624,5.7,6.1,-1.105,STOP,PROVING,1,-0.4,1.2,0.2436,Very fast clean upward momentum - squeeze releasing upward
2026-10-05,EURUSD,SHORT,velocity_burst,73.6,1791166757000,1791166757255,1791166835594,255,78.3,1.12135,1.12171,1.12157,1.12159,3.6,0.13,0.9842,-2.4,0.6889,-3.0509,-3.1,-0.667,1.8,2.2,-1.333,STOP,PROVING,1,0.6,0.2,0.2034,Very fast clean downward momentum - broad move: euro falling and US dollar rising across the board
2026-10-05,EURUSD,SHORT,breakout,69.9,1791166864000,1791166864399,1791166942254,399,77.9,1.12102,1.12154,1.12154,1.12138,5.2,0.13,0.9842,-3.6,0.6889,-4.2319,-4.3,-0.692,1.3,3.5,-2.769,THESIS_DEAD,THESIS_DEAD,0,1.0,0.1,0.2002,Very fast downward momentum - breaking below its 20-minute range
2026-10-05,GBPUSD,SHORT,breakout,68.0,1791166864000,1791166864399,1791166930409,399,66.0,1.32178,1.32217,1.32217,1.3221,3.9,0.13,0.9842,-3.2,0.6889,-3.8382,-3.9,-0.821,0.7,3.0,-4.571,THESIS_DEAD,THESIS_DEAD,0,0.9,0.2,0.2484,Very fast downward momentum - breaking below its 20-minute range
2026-10-05,EURJPY,SHORT,sweep,67.2,1791166877000,1791166877277,1791166891171,277,13.9,176.898,176.941,176.941,176.944,4.3,0.21,1.0046,-4.6,1.1129,-5.7341,-5.708,-1.07,0.0,4.4,,STOP,THESIS_DEAD,0,-0.2,1.2,0.2182,Very fast downward momentum - swept the highs and snapped back below
2026-10-05,EURUSD,SHORT,breakout,60.6,1791167720000,1791167720335,1791168213313,335,493.0,1.12082,1.12115,1.12055,1.12052,3.3,0.13,0.9842,3.0,0.6889,2.2636,2.3,0.909,4.9,1.5,0.612,PROTECT_LEVEL,PROFIT_RATCHET,3,-0.0,0.1,0.22,Fast clean downward momentum - breaking below its 20-minute range
2026-10-05,USDJPY,LONG,sweep,60.4,1791167831000,1791167831315,1791167844172,315,12.9,157.84,157.802,157.802,157.82,3.8,0.21,1.0046,-2.0,1.1129,-3.1221,-3.108,-0.526,0.0,1.9,,THESIS_DEAD,THESIS_DEAD,0,0.3,0.1,0.1517,Fast clean upward momentum - swept the lows and snapped back above
2026-10-05,USDJPY,LONG,sweep,62.7,1791167883000,1791167884195,1791168036659,1195,152.5,157.845,157.807,157.807,157.83,3.8,0.21,1.0046,-1.5,1.1129,-2.6198,-2.608,-0.395,0.0,2.5,,THESIS_DEAD,THESIS_DEAD,0,0.2,0.0,0.1517,Fast ragged upward momentum - swept the lows and snapped back above
2026-10-05,USDCHF,LONG,squeeze_release,62.1,1791168204000,1791168204475,1791168357348,475,152.9,0.83012,0.82993,0.82993,0.83006,1.9,0.11,1.0012,-0.6,0.5829,-1.1837,-1.182,-0.316,0.1,1.3,-6.0,THESIS_DEAD,THESIS_DEAD,0,0.3,0.1,0.2461,Fast upward momentum - squeeze releasing upward
2026-10-05,EURUSD,SHORT,breakout,74.9,1791168548000,1791168548711,1791168654372,711,105.7,1.11941,1.12055,1.1201,1.11945,11.4,0.13,0.9842,-0.4,0.6889,-1.0826,-1.1,-0.035,8.7,1.9,-0.046,THESIS_DEAD,THESIS_DEAD,1,5.6,0.2,0.1824,Very fast clean downward momentum - breaking below its 20-minute range
2026-10-05,GBPUSD,SHORT,squeeze_release,76.1,1791168549000,1791168549315,1791168623180,315,73.9,1.32137,1.32186,1.32105,1.32108,4.9,0.13,0.9842,2.9,0.6889,2.1652,2.2,0.592,4.6,1.9,0.63,STOP,SWING_TRAIL,3,-0.6,0.3,0.2281,Very fast clean downward momentum - squeeze releasing downward
2026-10-05,EURJPY,SHORT,breakout,70.6,1791168549000,1791168549447,1791168585438,447,36.0,176.739,176.839,176.726,176.685,10.0,0.21,1.0046,5.4,1.1129,4.3121,4.292,0.54,9.9,2.5,0.545,PROTECT_LEVEL,SWING_TRAIL,1,-0.0,1.2,0.1879,Very fast clean downward momentum - breaking below its 20-minute range
2026-10-05,USDJPY,LONG,breakout,61.0,1791168550000,1791168550323,1791168597425,323,47.1,157.885,157.855,157.898,157.92,3.0,0.21,1.0046,3.5,1.1129,2.4033,2.392,1.167,5.7,1.3,0.614,PROTECT_LEVEL,SWING_TRAIL,2,0.4,0.5,0.1696,Fast clean upward momentum - breaking above its 20-minute range
2026-10-05,USDCHF,LONG,pullback,70.0,1791168586000,1791168586379,1791168620955,379,34.6,0.83069,0.83057,0.83057,0.83055,1.2,0.11,1.0012,-1.4,0.5829,-1.9847,-1.982,-1.167,0.3,1.2,-4.667,STOP,INITIAL,0,0.3,0.1,0.1899,Very fast clean upward momentum - shallow pullback in a rising move now turning back
2026-10-05,GBPUSD,SHORT,breakout,69.5,1791168773000,1791168773694,1791168811278,694,37.6,1.32071,1.32093,1.32093,1.32082,2.2,0.13,0.9842,-1.1,0.6889,-1.7715,-1.8,-0.5,0.7,1.7,-1.571,THESIS_DEAD,THESIS_DEAD,0,0.2,0.2,0.1696,Fast downward momentum - breaking below its 20-minute range
2026-10-05,USDCHF,LONG,breakout,62.3,1791168791000,1791168791574,1791168939513,574,147.9,0.8308,0.83062,0.83107,0.83105,1.8,0.11,1.0012,2.5,0.5829,1.9202,1.918,1.389,3.4,0.6,0.735,STOP,SWING_TRAIL,6,0.1,0.1,0.2327,Fast upward momentum - breaking above its 20-minute range
2026-10-05,EURUSD,SHORT,breakout,60.9,1791168885000,1791168886002,1791168940557,1002,54.6,1.11849,1.1188,1.11792,1.11766,3.1,0.13,0.9842,8.3,0.6889,7.4796,7.6,2.677,11.2,1.5,0.741,PROTECT_LEVEL,SWING_TRAIL,4,-0.0,0.0,0.1157,Fast downward momentum - breaking below its 20-minute range
2026-10-05,EURJPY,SHORT,breakout,60.0,1791168903000,1791168903268,1791168942108,268,38.8,176.613,176.686,176.6,176.561,7.3,0.21,1.0046,5.2,1.1129,4.1112,4.092,0.712,7.9,1.0,0.658,PROTECT_LEVEL,SWING_TRAIL,2,0.4,0.8,0.1832,Fast downward momentum - breaking below its 20-minute range
2026-10-05,USDCHF,LONG,breakout,60.1,1791168964000,1791168964273,1791169071351,273,107.1,0.83125,0.83109,0.83147,0.8315,1.6,0.11,1.0012,2.5,0.5829,1.9202,1.918,1.562,3.6,0.8,0.694,PROTECT_LEVEL,EXHAUSTION,4,0.1,0.0,0.2006,Fast upward momentum - breaking above its 20-minute range
2026-10-05,EURUSD,SHORT,breakout,67.4,1791168967000,1791168967509,1791168997280,509,29.8,1.11727,1.11753,1.11753,1.11749,2.6,0.13,0.9842,-2.2,0.6889,-2.8541,-2.9,-0.846,0.0,2.0,,THESIS_DEAD,THESIS_DEAD,0,0.2,0.2,0.098,Fast clean downward momentum - breaking below its 20-minute range
2026-10-05,GBPUSD,SHORT,breakout,60.3,1791169003000,1791169003337,1791169008367,337,5.0,1.31999,1.32022,1.32022,1.32013,2.3,0.13,0.9842,-1.4,0.6889,-2.0667,-2.1,-0.609,0.0,1.2,,THESIS_DEAD,THESIS_DEAD,0,-0.3,0.2,0.1689,Steady clean downward momentum - breaking below its 20-minute range
2026-10-05,USDJPY,LONG,breakout,60.4,1791169023000,1791169023453,1791169074383,453,50.9,158.007,157.976,157.988,157.978,3.1,0.21,1.0046,-2.9,1.1129,-4.0263,-4.008,-0.935,2.1,2.7,-1.381,STOP,PROVING,1,0.1,0.2,0.1687,Fast clean upward momentum - breaking above its 20-minute range
2026-10-05,EURUSD,SHORT,breakout,61.0,1791169036000,1791169036334,1791169089314,334,53.0,1.11711,1.11765,1.11744,1.11749,5.4,0.13,0.9842,-3.8,0.6889,-4.4287,-4.5,-0.704,4.4,3.6,-0.864,STOP,PROVING,1,0.4,0.1,0.0907,Fast downward momentum - breaking below its 20-minute range
2026-10-05,GBPUSD,SHORT,breakout,63.9,1791169036000,1791169036335,1791169070350,335,34.0,1.31982,1.3201,1.31973,1.31976,2.8,0.13,0.9842,0.6,0.6889,-0.0984,-0.1,0.214,2.7,0.7,0.222,STOP,COSTS_COVERED,1,0.5,0.2,0.1509,Fast downward momentum - breaking below its 20-minute range
2026-10-05,GBPUSD,SHORT,first_retest,60.8,1791169141000,1791169141623,1791169211605,623,70.0,1.31968,1.31994,1.31987,1.31992,2.6,0.13,0.9842,-2.4,0.6889,-3.0509,-3.1,-0.923,1.3,2.2,-1.846,STOP,PROVING,1,-0.1,0.2,0.1486,Steady downward momentum - first retest of the low held and price is moving on
2026-10-05,AUDUSD,SHORT,breakout,70.5,1791169154000,1791169154508,1791169177229,508,22.7,0.69326,0.6936,0.6936,0.69343,3.4,0.13,0.9842,-1.7,0.6889,-2.362,-2.4,-0.5,0.0,1.6,,THESIS_DEAD,THESIS_DEAD,0,0.3,0.1,0.2428,Very fast clean downward momentum - breaking below its 20-minute range
2026-10-05,GBPUSD,SHORT,breakout,60.9,1791169580000,1791169580256,1791169642298,256,62.0,1.31935,1.31966,1.31923,1.31925,3.1,0.13,0.9842,1.0,0.6889,0.2952,0.3,0.323,2.9,0.4,0.345,STOP,SWING_TRAIL,2,0.1,0.2,0.1327,Fast clean downward momentum - breaking below its 20-minute range
2026-10-05,EURUSD,SHORT,first_retest,67.0,1791169601000,1791169601396,1791169766212,396,164.8,1.11666,1.11747,1.11715,1.11711,8.1,0.13,0.9842,-4.5,0.6889,-5.1176,-5.2,-0.556,5.3,4.3,-0.849,THESIS_DEAD,THESIS_DEAD,1,-0.0,0.1,0.1005,Fast clean downward momentum - first retest of the low held and price is moving on
2026-10-05,USDJPY,LONG,sweep,70.7,1791169621000,1791169621309,1791169755760,309,134.5,158.055,157.99,157.99,158.005,6.5,0.21,1.0046,-5.0,1.1129,-6.136,-6.108,-0.769,0.3,4.8,-16.667,THESIS_DEAD,THESIS_DEAD,0,1.7,0.1,0.1563,Very fast clean upward momentum - swept the lows and snapped back above
2026-10-05,EURJPY,SHORT,breakout,62.0,1791169636000,1791169636494,1791169643762,494,7.3,176.401,176.489,176.489,176.45,8.8,0.21,1.0046,-4.9,1.1129,-6.0355,-6.008,-0.557,0.0,6.3,,THESIS_DEAD,THESIS_DEAD,0,0.6,0.5,0.1152,Fast downward momentum - breaking below its 20-minute range
2026-10-05,EURUSD,SHORT,sweep,64.5,1791171488000,1791171488740,1791171639729,740,151.0,1.11762,1.11808,1.11808,1.11768,4.6,0.13,0.9842,-0.6,0.6889,-1.2794,-1.3,-0.13,1.4,1.9,-0.429,THESIS_DEAD,THESIS_DEAD,0,0.2,0.1,0.1224,Very fast downward momentum - swept the highs and snapped back below
2026-10-05,USDJPY,LONG,breakout,73.3,1791171844000,1791171846710,1791171881678,2710,35.0,158.068,158.028,158.028,158.039,4.0,0.21,1.0046,-2.9,1.1129,-4.0263,-4.008,-0.725,0.0,2.8,,THESIS_DEAD,THESIS_DEAD,0,-0.1,0.2,0.1884,Very fast clean upward momentum - breaking above its 20-minute range
2026-10-05,USDJPY,LONG,breakout,61.3,1791171907000,1791171907612,1791171948409,612,40.8,158.082,158.036,158.036,158.055,4.6,0.21,1.0046,-2.7,1.1129,-3.8253,-3.808,-0.587,0.1,2.6,-27.0,THESIS_DEAD,THESIS_DEAD,0,0.5,0.1,0.1757,Fast upward momentum - breaking above its 20-minute range
2026-10-05,EURJPY,SHORT,first_retest,61.4,1791173012000,1791173012385,1791173041520,385,29.1,176.497,176.529,176.529,176.521,3.2,0.21,1.0046,-2.4,1.1129,-3.524,-3.508,-0.75,0.4,2.3,-6.0,THESIS_DEAD,THESIS_DEAD,0,0.2,0.2,0.1807,Fast downward momentum - first retest of the low held and price is moving on
2026-10-05,EURJPY,LONG,sweep,66.4,1791175820000,1791175820437,1791175977784,437,157.3,176.774,176.739,176.739,176.763,3.5,0.21,1.0046,-1.1,1.1129,-2.2179,-2.208,-0.314,0.0,1.3,,THESIS_DEAD,THESIS_DEAD,0,0.2,0.4,0.1515,Fast clean upward momentum - swept the lows and snapped back above
2026-10-05,EURUSD,LONG,first_retest,64.2,1791176330000,1791176330385,1791176435569,385,105.2,1.11821,1.11796,1.1184,1.11839,2.5,0.13,0.9842,1.8,0.6889,1.0826,1.1,0.72,2.9,1.0,0.621,PROTECT_LEVEL,SWING_TRAIL,4,0.4,0.1,0.22,Fast clean upward momentum - first retest of the high held and price is moving on
2026-10-05,GBPUSD,LONG,breakout,70.8,1791176407000,1791176410057,1791176458291,3057,48.2,1.32103,1.32081,1.32081,1.32085,2.2,0.13,0.9842,-1.8,0.6889,-2.4604,-2.5,-0.818,0.4,1.9,-4.5,THESIS_DEAD,THESIS_DEAD,0,0.2,0.2,0.1832,Very fast clean upward momentum - breaking above its 20-minute range
2026-10-05,USDCHF,SHORT,breakout,66.0,1791176422000,1791176422919,1791176464520,919,41.6,0.82996,0.83004,0.83004,0.83003,0.8,0.11,1.0012,-0.7,0.5829,-1.2838,-1.282,-0.875,0.1,0.6,-7.0,THESIS_DEAD,THESIS_DEAD,0,0.3,0.1,0.2456,Very fast clean downward momentum - breaking below its 20-minute range
2026-10-05,EURUSD,LONG,breakout,61.1,1791177758000,1791177759233,1791177778707,1233,19.5,1.11872,1.1186,1.1186,1.11861,1.2,0.13,0.9842,-1.1,0.6889,-1.7715,-1.8,-0.917,0.0,0.9,,THESIS_DEAD,THESIS_DEAD,0,-0.4,0.1,0.1582,Fast clean upward momentum - breaking above its 20-minute range
2026-10-05,USDJPY,SHORT,breakout,63.1,1791179893000,1791179893372,1791179977445,372,84.1,157.833,157.857,157.848,157.85,2.4,0.21,1.0046,-1.7,1.1129,-2.8207,-2.808,-0.708,1.8,1.5,-0.944,STOP,PROVING,1,0.2,0.1,0.2088,Very fast clean downward momentum - breaking below its 20-minute range
2026-10-05,EURUSD,LONG,sweep,68.5,1791179901000,1791179902220,1791180169736,1220,267.5,1.11925,1.11903,1.11939,1.11944,2.2,0.13,0.9842,1.9,0.6889,1.181,1.2,0.864,2.9,1.0,0.655,PROTECT_LEVEL,PROFIT_RATCHET,3,0.1,0.1,0.1862,Very fast clean upward momentum - swept the lows and snapped back above
2026-10-05,EURJPY,SHORT,breakout,62.3,1791180003000,1791180003397,1791180139429,397,136.0,176.623,176.685,176.685,176.679,6.2,0.21,1.0046,-5.6,1.1129,-6.7387,-6.708,-0.903,0.3,5.5,-18.667,THESIS_DEAD,THESIS_DEAD,0,-0.4,1.1,0.2279,Very fast ragged downward momentum - breaking below its 20-minute range
2026-10-05,USDJPY,SHORT,breakout,65.2,1791180692000,1791180692323,1791180711251,323,18.9,157.712,157.746,157.746,157.742,3.4,0.21,1.0046,-3.0,1.1129,-4.1267,-4.108,-0.882,0.0,2.9,,THESIS_DEAD,THESIS_DEAD,0,0.1,0.1,0.1729,Very fast clean downward momentum - breaking below its 20-minute range
2026-10-05,EURUSD,SHORT,first_retest,62.0,1791181901000,1791181901729,1791181927258,729,25.5,1.11836,1.1186,1.1186,1.11858,2.4,0.13,0.9842,-2.2,0.6889,-2.8541,-2.9,-0.917,0.3,2.3,-7.333,THESIS_DEAD,THESIS_DEAD,0,0.1,0.1,0.1738,Fast clean downward momentum - first retest of the low held and price is moving on
2026-10-05,EURUSD,SHORT,first_retest,64.6,1791182030000,1791182030993,1791182082861,993,51.9,1.11805,1.11838,1.11762,1.11765,3.3,0.13,0.9842,4.0,0.6889,3.2477,3.3,1.212,6.4,0.3,0.625,STOP,SWING_TRAIL,3,0.3,0.1,0.1738,Very fast downward momentum - first retest of the low held and price is moving on
2026-10-05,EURJPY,SHORT,breakout,60.2,1791182032000,1791182032595,1791182166583,595,134.0,176.381,176.45,176.305,176.302,6.9,0.21,1.0046,7.9,1.1129,6.8236,6.792,1.145,13.5,2.1,0.585,PROTECT_LEVEL,SWING_TRAIL,4,-0.2,1.1,0.2152,Fast downward momentum - breaking below its 20-minute range
2026-10-05,EURUSD,SHORT,breakout,68.0,1791182122000,1791182122302,1791182163363,302,41.1,1.11726,1.11752,1.11711,1.11716,2.6,0.13,0.9842,1.0,0.6889,0.2952,0.3,0.385,3.3,1.3,0.303,STOP,PROFIT_RATCHET,3,0.2,0.1,0.1523,Very fast clean downward momentum - breaking below its 20-minute range
2026-10-05,GBPJPY,SHORT,sweep,61.0,1791182158000,1791182158329,1791182181276,329,22.9,208.366,208.439,208.439,208.423,7.3,0.21,1.0046,-5.7,1.1129,-6.8392,-6.808,-0.781,0.0,5.9,,THESIS_DEAD,THESIS_DEAD,0,0.2,0.7,0.1671,Very fast ragged downward momentum - swept the highs and snapped back below
2026-10-05,GBPJPY,SHORT,breakout,60.4,1791182232000,1791182232623,1791182257570,623,24.9,208.335,208.368,208.322,208.295,3.3,0.21,1.0046,4.0,1.1129,2.9056,2.892,1.212,6.1,1.4,0.656,PROTECT_LEVEL,PROFIT_RATCHET,2,0.0,0.8,0.1781,Very fast downward momentum - breaking below its 20-minute range
2026-10-05,USDJPY,SHORT,sweep,64.6,1791182238000,1791182238445,1791182261380,445,22.9,157.7,157.731,157.687,157.682,3.1,0.21,1.0046,1.8,1.1129,0.6955,0.692,0.581,4.1,0.5,0.439,PROTECT_LEVEL,PROFIT_RATCHET,2,1.2,0.2,0.1788,Very fast downward momentum - swept the highs and snapped back below
2026-10-05,EURJPY,SHORT,first_retest,74.4,1791182246000,1791182246292,1791182282499,292,36.2,176.239,176.314,176.314,176.284,7.5,0.21,1.0046,-4.5,1.1129,-5.6337,-5.608,-0.6,0.6,4.3,-7.5,THESIS_DEAD,THESIS_DEAD,0,-0.0,1.1,0.1724,Very fast downward momentum - first retest of the low held and price is moving on
2026-10-05,GBPJPY,SHORT,breakout,62.4,1791182361000,1791182361316,1791182513133,316,151.8,208.249,208.334,208.334,208.262,8.5,0.21,1.0046,-1.3,1.1129,-2.4189,-2.408,-0.153,0.8,3.4,-1.625,THESIS_DEAD,THESIS_DEAD,0,0.2,0.6,0.1465,Fast downward momentum - breaking below its 20-minute range
2026-10-05,GBPUSD,LONG,opening_range,62.8,1791186065000,1791186066096,1791186513398,1096,447.3,1.32265,1.32229,1.32229,1.32227,3.6,0.13,0.9842,-3.8,0.6889,-4.4287,-4.5,-1.056,1.4,3.6,-2.714,STOP,INITIAL,0,0.1,0.1,0.1546,Fast clean upward momentum - breaking above the London 15-minute opening range
2026-10-05,EURUSD,LONG,first_retest,63.8,1791186075000,1791186075353,1791187191641,353,1116.3,1.12041,1.11993,1.12012,1.1201,4.8,0.13,0.9842,-3.1,0.6889,-3.7398,-3.8,-0.646,3.6,2.9,-0.861,STOP,PROVING,1,0.3,0.0,0.1296,Fast clean upward momentum - first retest of the high held and price is moving on
2026-10-05,USDCHF,SHORT,first_retest,64.1,1791186646000,1791186646361,1791186822489,361,176.1,0.82878,0.82925,0.82907,0.829,4.7,0.11,1.0012,-2.2,0.5829,-2.7857,-2.782,-0.468,2.2,2.0,-1.0,THESIS_DEAD,THESIS_DEAD,1,0.1,0.0,0.1499,Fast clean downward momentum - first retest of the low held and price is moving on
2026-10-05,GBPUSD,LONG,breakout,63.0,1791187573000,1791187573510,1791187633836,510,60.3,1.32331,1.3229,1.3229,1.32297,4.1,0.13,0.9842,-3.4,0.6889,-4.0351,-4.1,-0.829,0.7,3.2,-4.857,THESIS_DEAD,THESIS_DEAD,0,0.6,0.4,0.1586,Fast clean upward momentum - breaking above its 20-minute range
2026-10-05,GBPJPY,LONG,breakout,67.1,1791188703000,1791188703414,1791189546551,414,843.1,208.793,208.72,208.857,208.861,7.3,0.21,1.0046,6.8,1.1129,5.7186,5.692,0.932,8.6,6.3,0.791,PROTECT_LEVEL,SWING_TRAIL,3,0.6,0.7,0.1537,Very fast clean upward momentum - breaking above its 20-minute range
2026-10-05,USDJPY,LONG,opening_range,60.4,1791189381000,1791189381593,1791189491298,593,109.7,157.843,157.812,157.824,157.821,3.1,0.21,1.0046,-2.2,1.1129,-3.323,-3.308,-0.71,1.3,2.0,-1.692,STOP,PROVING,1,0.0,0.2,0.1735,Fast upward momentum - breaking above the London 30-minute opening range
2026-10-05,EURJPY,LONG,breakout,71.1,1791190012000,1791190012424,1791190109661,424,97.2,177.009,176.955,177.03,177.028,5.4,0.21,1.0046,1.9,1.1129,0.7959,0.792,0.352,4.5,1.0,0.422,STOP,SWING_TRAIL,2,0.6,0.7,0.1411,Fast clean upward momentum - breaking above its 20-minute range
2026-10-05,GBPJPY,LONG,session_breakout,73.7,1791190030000,1791190030923,1791190055032,923,24.1,209.003,208.966,208.966,208.964,3.7,0.21,1.0046,-3.9,1.1129,-5.0309,-5.008,-1.054,0.0,3.7,,STOP,THESIS_DEAD,0,0.0,0.9,0.1571,Very fast clean upward momentum - breaking above the Asian session's high
2026-10-05,EURUSD,LONG,breakout,62.9,1791190033000,1791190033747,1791190125527,747,91.8,1.12131,1.12102,1.12102,1.12107,2.9,0.13,0.9842,-2.4,0.6889,-3.0509,-3.1,-0.828,0.3,2.3,-8.0,THESIS_DEAD,THESIS_DEAD,0,0.2,0.0,0.1359,Fast clean upward momentum - breaking above its 20-minute range
2026-10-05,EURUSD,LONG,first_retest,61.9,1791190146000,1791190146414,1791190192656,414,46.2,1.12144,1.12122,1.12122,1.12122,2.2,0.13,0.9842,-2.2,0.6889,-2.8541,-2.9,-1.0,0.3,2.0,-7.333,THESIS_DEAD,THESIS_DEAD,0,0.4,0.1,0.1359,Fast upward momentum - first retest of the high held and price is moving on
2026-10-05,EURUSD,LONG,sweep,63.6,1791191494000,1791191494834,1791191655738,834,160.9,1.12174,1.1214,1.1214,1.12171,3.4,0.13,0.9842,-0.3,0.6889,-0.9842,-1.0,-0.088,0.4,1.1,-0.75,THESIS_DEAD,THESIS_DEAD,0,0.1,0.1,0.1284,Very fast upward momentum - swept the lows and snapped back above
2026-10-05,AUDUSD,LONG,breakout,63.6,1791191527000,1791191527390,1791191680296,390,152.9,0.69663,0.69648,0.69648,0.69659,1.5,0.13,0.9842,-0.4,0.6889,-1.0826,-1.1,-0.267,0.3,0.9,-1.333,THESIS_DEAD,THESIS_DEAD,0,0.1,0.1,0.2474,Very fast clean upward momentum - breaking above its 20-minute range
2026-10-05,EURJPY,LONG,breakout,60.2,1791191951000,1791191952184,1791192021247,1184,69.1,177.062,177.028,177.028,177.035,3.4,0.21,1.0046,-2.7,1.1129,-3.8253,-3.808,-0.794,0.0,2.5,,THESIS_DEAD,THESIS_DEAD,0,0.2,0.5,0.1401,Fast clean upward momentum - breaking above its 20-minute range
2026-10-05,EURJPY,LONG,breakout,63.0,1791192404000,1791192404325,1791192504204,325,99.9,177.147,177.093,177.093,177.112,5.4,0.21,1.0046,-3.5,1.1129,-4.629,-4.608,-0.648,0.0,3.3,,THESIS_DEAD,THESIS_DEAD,0,0.1,1.0,0.1887,Fast clean upward momentum - breaking above its 20-minute range
2026-10-05,EURUSD,SHORT,breakout,61.6,1791193499000,1791193499537,1791193548186,537,48.6,1.12071,1.12092,1.12051,1.12051,2.1,0.13,0.9842,2.0,0.6889,1.2794,1.3,0.952,2.9,0.2,0.69,PROTECT_LEVEL,SWING_TRAIL,4,0.1,0.0,0.1655,Steady clean downward momentum - breaking below its 20-minute range
2026-10-05,GBPUSD,SHORT,breakout,61.9,1791193502000,1791193504137,1791193566267,2137,62.1,1.32195,1.32223,1.32223,1.32211,2.8,0.13,0.9842,-1.6,0.6889,-2.2636,-2.3,-0.571,0.3,1.5,-5.333,THESIS_DEAD,THESIS_DEAD,0,0.2,0.2,0.1718,Fast clean downward momentum - breaking below its 20-minute range
2026-10-05,USDCHF,LONG,breakout,66.8,1791197159000,1791197160026,1791197290705,1026,130.7,0.83005,0.82986,0.82986,0.82991,1.9,0.11,1.0012,-1.4,0.5829,-1.9847,-1.982,-0.737,0.0,1.6,,THESIS_DEAD,THESIS_DEAD,0,0.2,0.1,0.1886,Very fast clean upward momentum - breaking above its 20-minute range
2026-10-05,EURJPY,SHORT,breakout,61.9,1791197569000,1791197569576,1791197685507,576,115.9,176.923,176.941,176.934,176.936,1.8,0.21,1.0046,-1.3,1.1129,-2.4189,-2.408,-0.722,2.1,1.1,-0.619,STOP,PROVING,1,-0.2,0.1,0.1651,Steady clean downward momentum - breaking below its 20-minute range
2026-10-05,USDJPY,SHORT,breakout,71.3,1791197737000,1791197737740,1791197748396,740,10.7,157.877,157.909,157.909,157.893,3.2,0.21,1.0046,-1.6,1.1129,-2.7203,-2.708,-0.5,0.1,2.0,-16.0,THESIS_DEAD,THESIS_DEAD,0,0.0,0.2,0.2422,Very fast clean downward momentum - breaking below its 20-minute range
2026-10-05,GBPJPY,SHORT,first_retest,62.5,1791197935000,1791197935487,1791197954595,487,19.1,208.753,208.776,208.776,208.776,2.3,0.21,1.0046,-2.3,1.1129,-3.4235,-3.408,-1.0,0.0,2.1,,THESIS_DEAD,THESIS_DEAD,0,-0.1,0.7,0.2019,Steady clean downward momentum - first retest of the low held and price is moving on
2026-10-05,EURJPY,SHORT,breakout,61.5,1791197952000,1791197952392,1791197958417,392,6.0,176.843,176.861,176.861,176.861,1.8,0.21,1.0046,-1.8,1.1129,-2.9212,-2.908,-1.0,0.1,1.6,-18.0,THESIS_DEAD,THESIS_DEAD,0,-0.1,0.1,0.1641,Steady clean downward momentum - breaking below its 20-minute range
2026-10-05,USDCHF,LONG,sweep,65.5,1791198477000,1791198477459,1791198655304,459,177.8,0.83035,0.83017,0.83017,0.83028,1.8,0.11,1.0012,-0.7,0.5829,-1.2838,-1.282,-0.389,0.4,1.0,-1.75,THESIS_DEAD,THESIS_DEAD,0,0.2,0.1,0.1671,Fast clean upward momentum - swept the lows and snapped back above
2026-10-05,USDJPY,LONG,sweep,69.7,1791198960000,1791198960426,1791198974694,426,14.3,158.02,157.98,158.033,158.051,4.0,0.21,1.0046,3.1,1.1129,2.0015,1.992,0.775,6.6,0.4,0.47,PROTECT_LEVEL,SWING_TRAIL,1,-2.2,0.2,0.1616,Very fast clean upward momentum - swept the lows and snapped back above
2026-10-05,GBPJPY,LONG,session_breakout,74.4,1791198971000,1791198971384,1791198975432,384,4.0,209.027,208.947,208.947,208.992,8.0,0.21,1.0046,-3.5,1.1129,-4.629,-4.608,-0.438,0.0,4.8,,THESIS_DEAD,THESIS_DEAD,0,0.6,0.9,0.1109,Very fast clean upward momentum - breaking above the Asian session's high
2026-10-05,USDCHF,LONG,breakout,60.0,1791199001000,1791199001590,1791199013667,590,12.1,0.83053,0.8303,0.8303,0.83038,2.3,0.11,1.0012,-1.5,0.5829,-2.0848,-2.082,-0.652,0.0,1.3,,THESIS_DEAD,THESIS_DEAD,0,0.1,0.0,0.1898,Steady upward momentum - breaking above its 20-minute range
2026-10-05,USDJPY,LONG,sweep,69.2,1791199114000,1791199114287,1791199145417,287,31.1,158.195,158.146,158.146,158.164,4.9,0.21,1.0046,-3.1,1.1129,-4.2272,-4.208,-0.633,0.9,3.3,-3.444,THESIS_DEAD,THESIS_DEAD,0,0.7,0.2,0.1602,Very fast clean upward momentum - swept the lows and snapped back above
2026-10-05,EURJPY,LONG,sweep,61.5,1791199115000,1791199115299,1791199120917,299,5.6,177.2,177.147,177.147,177.163,5.3,0.21,1.0046,-3.7,1.1129,-4.83,-4.808,-0.698,0.0,3.6,,THESIS_DEAD,THESIS_DEAD,0,0.6,0.9,0.154,Fast upward momentum - swept the lows and snapped back above
2026-10-05,GBPJPY,LONG,breakout,60.4,1791199115000,1791199115299,1791199120316,299,5.0,209.187,209.123,209.123,209.146,6.4,0.21,1.0046,-4.1,1.1129,-5.2318,-5.208,-0.641,0.0,4.1,,THESIS_DEAD,THESIS_DEAD,0,0.6,0.9,0.1488,Very fast clean upward momentum - breaking above its 20-minute range
2026-10-05,USDCHF,LONG,breakout,63.2,1791199139000,1791199139796,1791199369037,796,229.2,0.83061,0.83038,0.83084,0.83082,2.3,0.11,1.0012,2.1,0.5829,1.5197,1.518,0.913,3.1,0.8,0.677,STOP,SWING_TRAIL,4,-0.1,0.1,0.1898,Very fast upward momentum - breaking above its 20-minute range
2026-10-05,EURJPY,LONG,pullback,64.3,1791199360000,1791199360365,1791199989993,365,629.6,177.244,177.122,177.312,177.309,12.2,0.21,1.0046,6.5,1.1129,5.4172,5.392,0.533,10.9,8.7,0.596,STOP,SWING_TRAIL,4,2.8,0.6,0.1332,Fast clean upward momentum - shallow pullback in a rising move now turning back
2026-10-05,USDJPY,LONG,session_breakout,73.4,1791199360000,1791199360365,1791199509420,365,149.1,158.24,158.182,158.182,158.192,5.8,0.21,1.0046,-4.8,1.1129,-5.935,-5.908,-0.828,0.3,4.6,-16.0,THESIS_DEAD,THESIS_DEAD,0,1.7,0.2,0.1541,Fast clean upward momentum - breaking above the Asian session's high
2026-10-05,GBPJPY,LONG,breakout,77.5,1791199361000,1791199361368,1791199537193,368,175.8,209.204,209.112,209.148,209.138,9.2,0.21,1.0046,-6.6,1.1129,-7.7434,-7.708,-0.717,4.4,6.4,-1.5,STOP,PROVING,1,-0.9,0.9,0.1281,Very fast clean upward momentum - breaking above its 20-minute range
2026-10-05,EURUSD,LONG,breakout,63.1,1791199712000,1791199712271,1791199771996,271,59.7,1.12099,1.12065,1.12129,1.12127,3.4,0.13,0.9842,2.8,0.6889,2.0667,2.1,0.824,4.1,0.7,0.683,STOP,SWING_TRAIL,3,0.2,0.2,0.1538,Very fast upward momentum - breaking above its 20-minute range
2026-10-05,GBPUSD,LONG,squeeze_release,67.3,1791199805000,1791199805390,1791199834149,390,28.8,1.32323,1.32281,1.32281,1.3229,4.2,0.13,0.9842,-3.3,0.6889,-3.9367,-4.0,-0.786,0.4,3.2,-8.25,THESIS_DEAD,THESIS_DEAD,0,0.5,0.2,0.2449,Very fast upward momentum - squeeze releasing upward
2026-10-05,GBPUSD,SHORT,breakout,63.4,1791200571000,1791200571726,1791200644274,726,72.5,1.32171,1.32215,1.32215,1.322,4.4,0.13,0.9842,-2.9,0.6889,-3.543,-3.6,-0.659,0.8,2.8,-3.625,THESIS_DEAD,THESIS_DEAD,0,-0.1,0.2,0.1524,Very fast clean downward momentum - breaking below its 20-minute range
2026-10-05,GBPJPY,SHORT,first_retest,61.2,1791202899000,1791202899559,1791202999304,559,99.7,209.122,209.172,209.09,209.091,5.0,0.21,1.0046,3.1,1.1129,2.0015,1.992,0.62,5.0,1.2,0.62,PROTECT_LEVEL,SWING_TRAIL,3,0.1,0.6,0.192,Very fast downward momentum - first retest of the low held and price is moving on
2026-10-05,EURUSD,LONG,opening_range,62.3,1791203398000,1791203400095,1791203910299,2095,510.2,1.12107,1.12072,1.12086,1.12084,3.5,0.13,0.9842,-2.3,0.6889,-2.9525,-3.0,-0.657,2.8,2.1,-0.821,STOP,PROVING,1,0.2,0.1,0.1875,Steady clean upward momentum - breaking above the New York 15-minute opening range
2026-10-05,USDJPY,SHORT,sweep,62.9,1791203571000,1791203571420,1791203646273,420,74.9,158.167,158.218,158.218,158.19,5.1,0.21,1.0046,-2.3,1.1129,-3.4235,-3.408,-0.451,1.3,2.1,-1.769,THESIS_DEAD,THESIS_DEAD,0,-0.1,0.1,0.179,Very fast downward momentum - swept the highs and snapped back below
2026-10-05,GBPUSD,SHORT,opening_range,61.9,1791204421000,1791204421417,1791204450930,417,29.5,1.32144,1.32163,1.32163,1.32165,1.9,0.13,0.9842,-2.1,0.6889,-2.7557,-2.8,-1.105,0.0,1.9,-945755921747.0,STOP,THESIS_DEAD,0,-0.3,0.2,0.1698,Fast clean downward momentum - breaking below the New York 30-minute opening range
2026-10-05,GBPUSD,SHORT,opening_range,60.1,1791205776000,1791205777455,1791205872429,1455,95.0,1.32121,1.32138,1.32112,1.32114,1.7,0.13,0.9842,0.7,0.6889,0.0,0.0,0.412,1.9,1.2,0.368,STOP,COSTS_COVERED,2,0.3,0.1,0.1652,Steady downward momentum - breaking below the New York 30-minute opening range
2026-10-05,GBPUSD,SHORT,first_retest,67.6,1791206200000,1791206200426,1791206213295,426,12.9,1.32059,1.32087,1.32087,1.32085,2.8,0.13,0.9842,-2.6,0.6889,-3.2477,-3.3,-0.929,0.0,2.4,,THESIS_DEAD,THESIS_DEAD,0,0.1,0.4,0.2419,Very fast clean downward momentum - first retest of the low held and price is moving on
2026-10-05,GBPJPY,SHORT,breakout,60.5,1791207064000,1791207064302,1791207107272,302,43.0,208.914,208.959,208.959,208.95,4.5,0.21,1.0046,-3.6,1.1129,-4.7295,-4.708,-0.8,0.0,3.6,,THESIS_DEAD,THESIS_DEAD,0,0.1,0.5,0.1587,Fast downward momentum - breaking below its 20-minute range
2026-10-05,USDCHF,LONG,session_breakout,62.1,1791207188000,1791207189851,1791207348610,1851,158.8,0.83175,0.83162,0.83198,0.83196,1.3,0.11,1.0012,2.1,0.5829,1.5197,1.518,1.615,3.0,0.6,0.7,STOP,SWING_TRAIL,6,0.3,0.1,0.2116,Steady upward momentum - breaking above the Asian session's high
2026-10-05,GBPJPY,SHORT,breakout,61.1,1791207209000,1791207210373,1791207442513,1373,232.1,208.908,208.966,208.798,208.8,5.8,0.21,1.0046,10.8,1.1129,9.737,9.692,1.862,13.7,2.0,0.788,STOP,SWING_TRAIL,6,0.3,0.5,0.1714,Steady clean downward momentum - breaking below its 20-minute range
2026-10-05,EURUSD,SHORT,opening_range,62.7,1791207362000,1791207363089,1791207409939,1089,46.9,1.1195,1.1198,1.11936,1.1194,3.0,0.13,0.9842,1.0,0.6889,0.2952,0.3,0.333,2.4,0.2,0.417,STOP,SWING_TRAIL,2,0.1,0.0,0.1544,Steady downward momentum - breaking below the New York 30-minute opening range
2026-10-05,GBPUSD,SHORT,breakout,60.4,1791207377000,1791207377343,1791207981392,343,604.0,1.31963,1.32016,1.31926,1.31925,5.3,0.13,0.9842,3.8,0.6889,3.0509,3.1,0.717,5.5,2.8,0.691,PROTECT_LEVEL,SWING_TRAIL,3,0.2,0.4,0.2273,Very fast downward momentum - breaking below its 20-minute range
2026-10-05,EURJPY,SHORT,opening_range,62.9,1791207377000,1791207377746,1791207437291,746,59.5,177.121,177.159,177.108,177.097,3.8,0.21,1.0046,2.4,1.1129,1.2982,1.292,0.632,4.0,0.7,0.6,PROTECT_LEVEL,EXHAUSTION,2,0.8,0.4,0.1965,Fast downward momentum - breaking below the New York 30-minute opening range
2026-10-05,GBPJPY,SHORT,breakout,63.4,1791207513000,1791207513444,1791207710635,444,197.2,208.739,208.787,208.768,208.77,4.8,0.21,1.0046,-3.1,1.1129,-4.2272,-4.208,-0.646,3.7,2.9,-0.838,STOP,PROVING,1,0.6,0.6,0.1722,Fast clean downward momentum - breaking below its 20-minute range
2026-10-05,EURUSD,SHORT,first_retest,63.8,1791207513000,1791207513446,1791207639896,446,126.5,1.11924,1.11945,1.11938,1.1194,2.1,0.13,0.9842,-1.6,0.6889,-2.2636,-2.3,-0.762,1.1,1.4,-1.455,STOP,PROVING,1,-0.3,0.1,0.1544,Steady downward momentum - first retest of the low held and price is moving on
2026-10-05,EURUSD,SHORT,breakout,70.9,1791207950000,1791207950829,1791208074127,829,123.3,1.11894,1.11921,1.11911,1.11913,2.7,0.13,0.9842,-1.9,0.6889,-2.5588,-2.6,-0.704,1.8,1.7,-1.056,STOP,THESIS_DEAD,1,-0.0,0.1,0.1586,Very fast clean downward momentum - breaking below its 20-minute range
2026-10-05,USDJPY,SHORT,opening_range,60.2,1791208002000,1791208002525,1791208080761,525,78.2,158.142,158.178,158.129,158.131,3.6,0.21,1.0046,1.1,1.1129,-0.0078,-0.008,0.306,3.1,1.1,0.355,STOP,COSTS_COVERED,2,0.3,0.2,0.2045,Fast downward momentum - breaking below the New York 15-minute opening range
2026-10-05,USDJPY,SHORT,sweep,66.5,1791208838000,1791208838416,1791208854304,416,15.9,158.093,158.126,158.126,158.123,3.3,0.21,1.0046,-3.0,1.1129,-4.1267,-4.108,-0.909,0.7,2.9,-4.286,THESIS_DEAD,THESIS_DEAD,0,0.4,0.2,0.2422,Very fast downward momentum - swept the highs and snapped back below
2026-10-05,GBPJPY,LONG,sweep,61.4,1791209035000,1791209035359,1791209143311,359,108.0,208.815,208.741,208.741,208.775,7.4,0.21,1.0046,-4.0,1.1129,-5.1313,-5.108,-0.541,1.6,3.9,-2.5,THESIS_DEAD,THESIS_DEAD,0,0.2,0.6,0.181,Very fast clean upward momentum - swept the lows and snapped back above
2026-10-05,USDCAD,LONG,opening_range,63.0,1791209315000,1791209315915,1791209332778,915,16.9,1.42644,1.42614,1.42614,1.42608,3.0,0.19,1.0073,-3.6,1.0069,-4.6333,-4.6,-1.2,0.6,3.4,-6.0,STOP,INITIAL,0,0.4,0.1,0.2393,Fast clean upward momentum - breaking above the New York 15-minute opening range
2026-10-05,EURJPY,SHORT,sweep,60.4,1791210131000,1791210131605,1791210198183,605,66.6,176.902,176.937,176.889,176.891,3.5,0.21,1.0046,1.1,1.1129,-0.0078,-0.008,0.314,3.6,3.2,0.306,STOP,COSTS_COVERED,2,0.4,0.1,0.2473,Fast clean downward momentum - swept the highs and snapped back below
2026-10-05,USDCAD,SHORT,opening_range,60.5,1791211749000,1791211749349,1791211887752,349,138.4,1.42471,1.42498,1.4246,1.42466,2.7,0.19,1.0073,0.5,1.0069,-0.5032,-0.5,0.185,2.8,0.6,0.179,STOP,COSTS_COVERED,2,0.5,0.1,0.2215,Fast downward momentum - breaking below the New York 15-minute opening range
2026-10-05,USDCAD,SHORT,first_retest,64.1,1791212005000,1791212005314,1791212195252,314,189.9,1.42424,1.42452,1.42407,1.42404,2.8,0.19,1.0073,2.0,1.0069,1.0078,1.0,0.714,2.8,0.6,0.714,PROTECT_LEVEL,EXHAUSTION,3,0.1,0.2,0.2244,Fast clean downward momentum - first retest of the low held and price is moving on
2026-10-05,USDJPY,SHORT,first_retest,61.4,1791212411000,1791212411286,1791212532428,286,121.1,157.968,158.01,157.949,157.951,4.2,0.21,1.0046,1.7,1.1129,0.595,0.592,0.405,4.7,0.7,0.362,STOP,SWING_TRAIL,3,0.5,0.0,0.1614,Very fast downward momentum - first retest of the low held and price is moving on
2026-10-05,AUDUSD,LONG,squeeze_release,61.9,1791214126000,1791214126428,1791214561197,428,434.8,0.6972,0.69695,0.69705,0.69703,2.5,0.13,0.9842,-1.7,0.6889,-2.362,-2.4,-0.68,1.7,1.5,-1.0,STOP,PROVING,1,0.0,0.1,0.2431,Very fast upward momentum - squeeze releasing upward
2026-10-05,GBPUSD,SHORT,first_retest,62.2,1791216693000,1791216693438,1791217405820,438,712.4,1.32082,1.32137,1.32115,1.32117,5.5,0.13,0.9842,-3.5,0.6889,-4.1335,-4.2,-0.636,3.5,3.3,-1.0,STOP,PROVING,1,0.1,0.1,0.1545,Fast clean downward momentum - first retest of the low held and price is moving on
2026-10-05,USDJPY,LONG,sweep,63.7,1791219601000,1791219601634,1791220234317,634,632.7,158.106,158.086,158.132,158.135,2.0,0.21,1.0046,2.9,1.1129,1.8005,1.792,1.45,4.0,1.0,0.725,PROTECT_LEVEL,MOMENTUM_DECAY,5,0.2,0.1,0.2402,Fast upward momentum - swept the lows and snapped back above
2026-10-05,EURUSD,SHORT,breakout,70.2,1791220168000,1791220169237,1791220236733,1237,67.5,1.11976,1.11985,1.11985,1.11985,0.9,0.13,0.9842,-0.9,0.6889,-1.5747,-1.6,-1.0,0.2,0.8,-4.5,THESIS_DEAD,THESIS_DEAD,0,0.1,0.1,0.2204,Very fast clean downward momentum - breaking below its 20-minute range
2026-10-06,USDJPY,SHORT,sweep,67.0,1791248394000,1791248394256,1791248526043,256,131.8,157.818,157.876,157.853,157.862,5.8,0.21,1.0046,-4.4,1.1129,-5.5332,-5.508,-0.759,2.9,4.2,-1.517,STOP,PROVING,1,0.6,0.2,0.2382,Very fast clean downward momentum - swept the highs and snapped back below
2026-10-06,EURUSD,LONG,breakout,76.0,1791248424000,1791248424284,1791248436151,284,11.9,1.12266,1.12243,1.12275,1.12273,2.3,0.13,0.9842,0.7,0.6889,0.0,0.0,0.304,2.4,0.3,0.292,STOP,COSTS_COVERED,2,0.6,0.1,0.2182,Very fast clean upward momentum - breaking above its 20-minute range
2026-10-06,GBPJPY,LONG,sweep,73.0,1791248532000,1791248532293,1791248560956,293,28.7,208.87,208.795,208.795,208.803,7.5,0.21,1.0046,-6.7,1.1129,-7.8438,-7.808,-0.893,3.3,6.5,-2.03,THESIS_DEAD,THESIS_DEAD,0,1.1,0.9,0.1709,Very fast clean upward momentum - swept the lows and snapped back above
2026-10-06,EURJPY,LONG,velocity_burst,73.0,1791248532000,1791248532327,1791248561197,327,28.9,177.311,177.247,177.247,177.247,6.4,0.21,1.0046,-6.4,1.1129,-7.5424,-7.508,-1.0,2.1,6.2,-3.048,THESIS_DEAD,THESIS_DEAD,0,-1.1,1.2,0.2184,Very fast clean upward momentum - broad move: euro rising and yen falling across the board
2026-10-06,USDJPY,LONG,sweep,63.7,1791255474000,1791255474316,1791255589438,316,115.1,158.008,157.989,157.989,157.991,1.9,0.21,1.0046,-1.7,1.1129,-2.8207,-2.808,-0.895,0.4,1.5,-4.25,THESIS_DEAD,THESIS_DEAD,0,0.4,0.2,0.2454,Very fast upward momentum - swept the lows and snapped back above
2026-10-06,USDCHF,LONG,sweep,65.0,1791270601000,1791270602536,1791270745122,1536,142.6,0.83248,0.8323,0.83237,0.83235,1.8,0.11,1.0012,-1.3,0.5829,-1.8845,-1.882,-0.722,1.1,1.1,-1.182,STOP,PROVING,1,0.1,0.1,0.2394,Very fast upward momentum - swept the lows and snapped back above
2026-10-06,GBPJPY,LONG,session_breakout,65.1,1791270902000,1791270902390,1791271053272,390,150.9,209.132,209.068,209.068,209.116,6.4,0.21,1.0046,-1.6,1.1129,-2.7203,-2.708,-0.25,1.8,2.4,-0.889,THESIS_DEAD,THESIS_DEAD,0,0.3,1.0,0.2208,Very fast upward momentum - breaking above the Asian session's high
2026-10-06,GBPUSD,LONG,opening_range,71.8,1791270916000,1791270916294,1791270921325,294,5.0,1.32247,1.32219,1.32219,1.32228,2.8,0.13,0.9842,-1.9,0.6889,-2.5588,-2.6,-0.679,0.0,1.8,,THESIS_DEAD,THESIS_DEAD,0,0.1,0.2,0.1884,Very fast clean upward momentum - breaking above the London 15-minute opening range
2026-10-06,GBPJPY,LONG,first_retest,67.8,1791271299000,1791271299471,1791271375426,471,76.0,209.192,209.146,209.146,209.156,4.6,0.21,1.0046,-3.6,1.1129,-4.7295,-4.708,-0.783,0.3,3.4,-12.0,THESIS_DEAD,THESIS_DEAD,0,0.2,0.7,0.1796,Fast clean upward momentum - first retest of the high held and price is moving on
2026-10-06,USDCHF,LONG,session_breakout,60.3,1791271907000,1791271907924,1791271971197,924,63.3,0.83264,0.83254,0.83254,0.83247,1.0,0.11,1.0012,-1.7,0.5829,-2.285,-2.282,-1.7,0.1,1.5,-17.0,STOP,INITIAL,0,-0.1,0.1,0.2065,Fast clean upward momentum - breaking above yesterday's high
2026-10-06,GBPJPY,LONG,opening_range,60.1,1791272048000,1791272048340,1791272194177,340,145.8,209.236,209.198,209.249,209.247,3.8,0.21,1.0046,1.1,1.1129,-0.0078,-0.008,0.289,3.1,2.5,0.355,STOP,COSTS_COVERED,2,0.1,0.6,0.2282,Fast clean upward momentum - breaking above the London 30-minute opening range
2026-10-06,EURJPY,LONG,opening_range,69.6,1791272050000,1791272050742,1791272081107,742,30.4,177.505,177.463,177.518,177.516,4.2,0.21,1.0046,1.1,1.1129,-0.0078,-0.008,0.262,4.1,0.7,0.268,STOP,COSTS_COVERED,1,0.2,0.5,0.1636,Fast clean upward momentum - breaking above the London 30-minute opening range
2026-10-06,EURJPY,LONG,opening_range,62.2,1791272106000,1791272106845,1791272283977,845,177.1,177.551,177.51,177.526,177.52,4.1,0.21,1.0046,-3.1,1.1129,-4.2272,-4.208,-0.756,1.8,2.9,-1.722,STOP,PROVING,1,0.5,0.8,0.185,Steady clean upward momentum - breaking above the London 30-minute opening range
2026-10-06,EURJPY,LONG,breakout,60.3,1791272420000,1791272420389,1791272543075,389,122.7,177.61,177.55,177.55,177.564,6.0,0.21,1.0046,-4.6,1.1129,-5.7341,-5.708,-0.767,1.1,4.4,-4.182,THESIS_DEAD,THESIS_DEAD,0,0.6,1.0,0.2085,Fast upward momentum - breaking above its 20-minute range
2026-10-06,EURUSD,LONG,breakout,80.5,1791272428000,1791272428489,1791272477903,489,49.4,1.12314,1.12295,1.12295,1.12311,1.9,0.13,0.9842,-0.3,0.6889,-0.9842,-1.0,-0.158,0.0,1.8,-135107988820.0,THESIS_DEAD,THESIS_DEAD,0,0.3,0.1,0.1548,Very fast clean upward momentum - breaking above its 20-minute range
2026-10-06,GBPUSD,LONG,first_retest,68.8,1791272679000,1791272679473,1791272718429,473,39.0,1.32349,1.32313,1.32313,1.3232,3.6,0.13,0.9842,-2.9,0.6889,-3.543,-3.6,-0.806,0.1,2.8,-29.0,THESIS_DEAD,THESIS_DEAD,0,0.2,0.2,0.1873,Fast clean upward momentum - first retest of the high held and price is moving on
2026-10-06,EURUSD,LONG,first_retest,76.0,1791273202000,1791273202253,1791273554565,253,352.3,1.12356,1.12313,1.12411,1.12413,4.3,0.13,0.9842,5.7,0.6889,4.9208,5.0,1.326,7.2,2.4,0.792,PROTECT_LEVEL,MOMENTUM_DECAY,9,0.4,0.2,0.1744,Very fast clean upward momentum - first retest of the high held and price is moving on
2026-10-06,EURJPY,LONG,sweep,64.3,1791273206000,1791273206496,1791273321780,496,115.3,177.631,177.541,177.541,177.567,9.0,0.21,1.0046,-6.4,1.1129,-7.5424,-7.508,-0.711,0.2,6.8,-32.0,THESIS_DEAD,THESIS_DEAD,0,-0.2,1.0,0.2074,Very fast upward momentum - swept the lows and snapped back above
2026-10-06,GBPUSD,LONG,session_breakout,60.9,1791273376000,1791273376360,1791273396279,360,19.9,1.3237,1.32352,1.32352,1.32354,1.8,0.13,0.9842,-1.6,0.6889,-2.2636,-2.3,-0.889,0.0,1.4,,THESIS_DEAD,THESIS_DEAD,0,-0.1,0.2,0.167,Fast upward momentum - breaking above the Asian session's high
2026-10-06,EURJPY,LONG,breakout,62.7,1791273457000,1791273457574,1791273733900,574,276.3,177.713,177.653,177.769,177.77,6.0,0.21,1.0046,5.7,1.1129,4.6135,4.592,0.95,8.0,1.4,0.712,PROTECT_LEVEL,SWING_TRAIL,4,0.7,1.1,0.1885,Fast upward momentum - breaking above its 20-minute range
2026-10-06,GBPUSD,LONG,first_retest,65.5,1791273499000,1791273499256,1791273621829,256,122.6,1.3239,1.32356,1.32356,1.3236,3.4,0.13,0.9842,-3.0,0.6889,-3.6414,-3.7,-0.882,0.8,2.9,-3.75,THESIS_DEAD,THESIS_DEAD,0,0.2,0.4,0.167,Very fast ragged upward momentum - first retest of the high held and price is moving on
2026-10-06,GBPJPY,LONG,sweep,61.4,1791273499000,1791273499258,1791273594337,258,95.1,209.328,209.289,209.289,209.29,3.9,0.21,1.0046,-3.8,1.1129,-4.9304,-4.908,-0.974,1.3,3.7,-2.923,THESIS_DEAD,THESIS_DEAD,0,-0.8,1.0,0.1768,Fast upward momentum - swept the lows and snapped back above
2026-10-06,GBPJPY,LONG,session_breakout,64.6,1791273703000,1791273703289,1791273979876,289,276.6,209.36,209.275,209.275,209.272,8.5,0.21,1.0046,-8.8,1.1129,-9.9535,-9.908,-1.035,3.3,8.6,-2.667,STOP,INITIAL,0,0.7,0.7,0.1687,Very fast upward momentum - breaking above yesterday's high
2026-10-06,EURJPY,LONG,sweep,70.0,1791275518000,1791275520010,1791275883227,2010,363.2,177.717,177.655,177.77,177.768,6.2,0.21,1.0046,5.1,1.1129,4.0107,3.992,0.823,6.8,0.6,0.75,STOP,SWING_TRAIL,3,0.2,0.1,0.1914,Very fast clean upward momentum - swept the lows and snapped back above
2026-10-06,GBPUSD,LONG,breakout,60.1,1791275910000,1791275910387,1791275949841,387,39.5,1.32405,1.32367,1.32367,1.32385,3.8,0.13,0.9842,-2.0,0.6889,-2.6572,-2.7,-0.526,0.3,1.9,-6.667,THESIS_DEAD,THESIS_DEAD,0,0.1,0.4,0.1875,Fast upward momentum - breaking above its 20-minute range
2026-10-06,EURJPY,LONG,first_retest,68.3,1791276069000,1791276069517,1791276456823,517,387.3,177.847,177.787,177.811,177.808,6.0,0.21,1.0046,-3.9,1.1129,-5.0309,-5.008,-0.65,4.3,3.7,-0.907,STOP,PROVING,1,1.6,0.1,0.1192,Fast clean upward momentum - first retest of the high held and price is moving on
2026-10-06,EURUSD,LONG,first_retest,67.5,1791276070000,1791276070324,1791276486780,324,416.5,1.12441,1.12405,1.12419,1.12417,3.6,0.13,0.9842,-2.4,0.6889,-3.0509,-3.1,-0.667,2.8,2.2,-0.857,STOP,PROVING,1,0.4,0.2,0.189,Fast clean upward momentum - first retest of the high held and price is moving on
2026-10-06,GBPUSD,LONG,first_retest,60.9,1791276070000,1791276070720,1791276529422,720,458.7,1.3242,1.32381,1.32396,1.32391,3.9,0.13,0.9842,-2.9,0.6889,-3.543,-3.6,-0.744,2.8,2.7,-1.036,STOP,PROVING,1,0.3,0.2,0.1699,Fast upward momentum - first retest of the high held and price is moving on
2026-10-06,GBPJPY,LONG,breakout,60.1,1791277203000,1791277203463,1791277288006,463,84.5,209.519,209.465,209.552,209.549,5.4,0.21,1.0046,3.0,1.1129,1.901,1.892,0.556,4.9,0.9,0.612,STOP,SWING_TRAIL,3,0.3,0.5,0.1615,Fast upward momentum - breaking above its 20-minute range
2026-10-06,EURJPY,LONG,session_breakout,60.0,1791277226000,1791277226389,1791277454248,389,227.9,177.9,177.836,177.861,177.858,6.4,0.21,1.0046,-4.2,1.1129,-5.3323,-5.308,-0.656,3.4,4.0,-1.235,STOP,PROVING,1,0.1,0.1,0.1584,Fast clean upward momentum - breaking above yesterday's high
2026-10-06,USDCHF,SHORT,opening_range,61.0,1791279266000,1791279266352,1791279338428,352,72.1,0.83127,0.83143,0.83117,0.83116,1.6,0.11,1.0012,1.1,0.5829,0.5184,0.518,0.687,2.2,1.2,0.5,PROTECT_LEVEL,PROFIT_RATCHET,3,-0.0,0.1,0.2229,Very fast ragged downward momentum - breaking below the London 30-minute opening range
2026-10-06,USDCHF,SHORT,sweep,65.6,1791280312000,1791280312620,1791280315840,620,3.2,0.83103,0.83112,0.83112,0.83114,0.9,0.11,1.0012,-1.1,0.5829,-1.6843,-1.682,-1.222,0.0,0.9,,STOP,INITIAL,0,-0.1,0.1,0.2284,Very fast downward momentum - swept the highs and snapped back below
2026-10-06,GBPJPY,LONG,sweep,70.1,1791285175000,1791285175903,1791285259402,903,83.5,209.616,209.574,209.645,209.641,4.2,0.21,1.0046,2.5,1.1129,1.3987,1.392,0.595,4.6,1.2,0.543,STOP,SWING_TRAIL,3,0.4,0.5,0.2467,Very fast upward momentum - swept the lows and snapped back above
2026-10-06,EURUSD,LONG,sweep,71.4,1791285208000,1791285208496,1791285385105,496,176.6,1.12502,1.1246,1.12529,1.12526,4.2,0.13,0.9842,2.4,0.6889,1.6731,1.7,0.571,4.1,0.3,0.585,STOP,SWING_TRAIL,3,0.2,0.0,0.2099,Very fast clean upward momentum - swept the lows and snapped back above
2026-10-06,GBPUSD,LONG,sweep,62.8,1791285292000,1791285293193,1791285347717,1193,54.5,1.32555,1.32537,1.32568,1.32569,1.8,0.13,0.9842,1.4,0.6889,0.6889,0.7,0.778,2.6,0.5,0.538,PROTECT_LEVEL,PROFIT_RATCHET,3,0.2,0.2,0.2378,Very fast clean upward momentum - swept the lows and snapped back above
2026-10-06,GBPUSD,LONG,sweep,72.3,1791285368000,1791285368410,1791285378261,410,9.9,1.3259,1.32569,1.32569,1.32572,2.1,0.13,0.9842,-1.8,0.6889,-2.4604,-2.5,-0.857,0.0,1.6,,THESIS_DEAD,THESIS_DEAD,0,0.1,0.1,0.2138,Very fast clean upward momentum - swept the lows and snapped back above
2026-10-06,GBPUSD,LONG,sweep,65.9,1791285407000,1791285407424,1791285414256,424,6.8,1.32588,1.3257,1.3257,1.3257,1.8,0.13,0.9842,-1.8,0.6889,-2.4604,-2.5,-1.0,0.0,1.7,,THESIS_DEAD,THESIS_DEAD,0,0.2,0.1,0.2316,Fast upward momentum - swept the lows and snapped back above
2026-10-06,GBPUSD,LONG,first_retest,61.8,1791285501000,1791285501263,1791285553978,263,52.7,1.32578,1.32561,1.32587,1.32593,1.7,0.13,0.9842,1.5,0.6889,0.7873,0.8,0.882,3.2,0.3,0.469,PROTECT_LEVEL,PROFIT_RATCHET,2,0.2,0.1,0.2138,Fast ragged upward momentum - first retest of the high held and price is moving on
2026-10-06,EURUSD,LONG,first_retest,61.0,1791285503000,1791285504899,1791285758594,1899,253.7,1.12556,1.12535,1.12579,1.12586,2.1,0.13,0.9842,3.0,0.6889,2.2636,2.3,1.429,4.1,0.8,0.732,PROTECT_LEVEL,EXHAUSTION,4,0.6,0.0,0.1935,Steady upward momentum - first retest of the high held and price is moving on
2026-10-06,GBPUSD,LONG,first_retest,61.1,1791285725000,1791285726444,1791285912087,1444,185.6,1.32617,1.32583,1.32635,1.32633,3.4,0.13,0.9842,1.6,0.6889,0.8857,0.9,0.471,2.8,1.0,0.571,STOP,SWING_TRAIL,3,0.2,0.1,0.2233,Steady upward momentum - first retest of the high held and price is moving on
2026-10-06,EURJPY,LONG,first_retest,72.4,1791285934000,1791285934610,1791285993374,610,58.8,178.05,177.99,178.063,178.099,6.0,0.21,1.0046,4.9,1.1129,3.8098,3.792,0.817,6.3,1.2,0.778,PROTECT_LEVEL,SWING_TRAIL,2,0.5,0.9,0.2379,Very fast upward momentum - first retest of the high held and price is moving on
2026-10-06,EURUSD,LONG,first_retest,76.3,1791285934000,1791285934668,1791285986387,668,51.7,1.12621,1.12591,1.12633,1.12636,3.0,0.13,0.9842,1.5,0.6889,0.7873,0.8,0.5,3.2,0.4,0.469,PROTECT_LEVEL,EXHAUSTION,3,0.3,0.1,0.1693,Very fast clean upward momentum - first retest of the high held and price is moving on
2026-10-06,GBPUSD,LONG,first_retest,68.9,1791285938000,1791285938858,1791285990744,858,51.9,1.32658,1.32634,1.32667,1.32665,2.4,0.13,0.9842,0.7,0.6889,0.0,0.0,0.292,2.3,0.5,0.304,STOP,COSTS_COVERED,2,-0.2,0.2,0.2155,Fast upward momentum - first retest of the high held and price is moving on
2026-10-06,GBPJPY,LONG,breakout,67.1,1791285950000,1791285950530,1791285993375,530,42.8,209.74,209.724,209.753,209.774,1.6,0.21,1.0046,3.4,1.1129,2.3029,2.292,2.125,4.8,1.2,0.708,PROTECT_LEVEL,PROFIT_RATCHET,1,-0.3,0.8,0.239,Very fast upward momentum - breaking above its 20-minute range
2026-10-06,EURUSD,LONG,session_breakout,60.2,1791286045000,1791286045702,1791286098586,702,52.9,1.12652,1.12634,1.12641,1.12635,1.8,0.13,0.9842,-1.7,0.6889,-2.362,-2.4,-0.944,1.6,1.5,-1.062,STOP,PROVING,2,0.4,0.1,0.177,Steady ragged upward momentum - breaking above yesterday's high
2026-10-06,GBPUSD,LONG,breakout,69.4,1791286052000,1791286052306,1791286077862,306,25.6,1.32695,1.32671,1.32671,1.32669,2.4,0.13,0.9842,-2.6,0.6889,-3.2477,-3.3,-1.083,0.0,2.4,,STOP,INITIAL,0,0.6,0.3,0.21,Very fast upward momentum - breaking above its 20-minute range
2026-10-06,EURJPY,LONG,breakout,61.2,1791286059000,1791286059339,1791286072627,339,13.3,178.133,178.092,178.092,178.102,4.1,0.21,1.0046,-3.1,1.1129,-4.2272,-4.208,-0.756,0.0,3.1,,THESIS_DEAD,THESIS_DEAD,0,0.5,0.9,0.2482,Fast upward momentum - breaking above its 20-minute range
2026-10-06,GBPUSD,LONG,first_retest,70.6,1791286812000,1791286812637,1791287008176,637,195.5,1.327,1.32648,1.32794,1.32792,5.2,0.13,0.9842,9.2,0.6889,8.3654,8.5,1.769,10.7,0.5,0.86,STOP,EXHAUSTION,6,0.3,0.2,0.1883,Very fast clean upward momentum - first retest of the high held and price is moving on
2026-10-06,USDJPY,SHORT,breakout,75.1,1791286849000,1791286849830,1791287101295,830,251.5,157.972,158.015,157.954,157.959,4.3,0.21,1.0046,1.3,1.1129,0.1931,0.192,0.302,3.5,2.9,0.371,STOP,MOMENTUM_DECAY,3,0.3,0.2,0.241,Very fast clean downward momentum - breaking below its 20-minute range
2026-10-06,EURUSD,LONG,sweep,71.5,1791286850000,1791286850439,1791286903356,439,52.9,1.12672,1.12632,1.12632,1.12648,4.0,0.13,0.9842,-2.4,0.6889,-3.0509,-3.1,-0.6,0.0,2.3,,THESIS_DEAD,THESIS_DEAD,0,0.1,0.1,0.179,Very fast clean upward momentum - swept the lows and snapped back above
2026-10-06,USDCAD,SHORT,session_breakout,60.5,1791286860000,1791286860720,1791286864531,720,3.8,1.42502,1.42509,1.42509,1.42509,0.7,0.19,1.0073,-0.7,1.0069,-1.712,-1.7,-1.0,0.0,0.6,,THESIS_DEAD,THESIS_DEAD,0,-0.6,0.1,0.2389,Fast clean downward momentum - breaking below the Asian session's low
2026-10-06,EURUSD,LONG,sweep,65.3,1791286936000,1791286936335,1791287029489,335,93.2,1.12676,1.12636,1.12697,1.12695,4.0,0.13,0.9842,1.9,0.6889,1.181,1.2,0.475,3.2,0.8,0.594,STOP,SWING_TRAIL,2,0.0,0.0,0.1657,Fast ragged upward momentum - swept the lows and snapped back above
2026-10-06,USDCHF,SHORT,session_breakout,70.4,1791286957000,1791286957445,1791287101494,445,144.0,0.82995,0.83012,0.83006,0.83009,1.7,0.11,1.0012,-1.4,0.5829,-1.9847,-1.982,-0.824,1.3,1.2,-1.077,STOP,PROVING,1,0.3,0.0,0.2042,Very fast ragged downward momentum - breaking below the Asian session's low
2026-10-06,GBPJPY,LONG,breakout,60.4,1791287521000,1791287521342,1791287841685,342,320.3,209.811,209.746,209.746,209.744,6.5,0.21,1.0046,-6.7,1.1129,-7.8438,-7.808,-1.031,2.5,6.5,-2.68,STOP,INITIAL,0,-0.6,0.6,0.1717,Very fast upward momentum - breaking above its 20-minute range
2026-10-06,GBPUSD,LONG,breakout,61.8,1791287521000,1791287521342,1791287666338,342,145.0,1.32817,1.32783,1.32783,1.32791,3.4,0.13,0.9842,-2.6,0.6889,-3.2477,-3.3,-0.765,0.0,2.9,,THESIS_DEAD,THESIS_DEAD,0,-0.2,0.2,0.1566,Very fast upward momentum - breaking above its 20-minute range
2026-10-06,EURUSD,LONG,breakout,62.4,1791288199000,1791288199843,1791288286521,843,86.7,1.12747,1.1273,1.12756,1.12754,1.7,0.13,0.9842,0.7,0.6889,0.0,0.0,0.412,2.0,0.7,0.35,STOP,COSTS_COVERED,2,0.2,0.1,0.1697,Fast upward momentum - breaking above its 20-minute range
2026-10-06,EURJPY,LONG,breakout,63.1,1791288208000,1791288208289,1791288307263,289,99.0,178.153,178.109,178.18,178.179,4.4,0.21,1.0046,2.6,1.1129,1.4992,1.492,0.591,4.3,0.9,0.605,PROTECT_LEVEL,SWING_TRAIL,3,0.3,0.7,0.1779,Very fast clean upward momentum - breaking above its 20-minute range
2026-10-06,GBPJPY,LONG,breakout,60.3,1791288217000,1791288217339,1791288369054,339,151.7,209.882,209.823,209.846,209.853,5.9,0.21,1.0046,-2.9,1.1129,-4.0263,-4.008,-0.492,2.9,3.0,-1.0,THESIS_DEAD,THESIS_DEAD,1,0.3,0.5,0.1613,Fast upward momentum - breaking above its 20-minute range
2026-10-06,EURJPY,LONG,opening_range,69.3,1791288740000,1791288740600,1791288878635,600,138.0,178.267,178.199,178.309,178.312,6.8,0.21,1.0046,4.5,1.1129,3.4079,3.392,0.662,7.0,1.3,0.643,PROTECT_LEVEL,SWING_TRAIL,3,0.6,0.7,0.1747,Fast clean upward momentum - breaking above the New York 5-minute opening range
2026-10-06,GBPJPY,LONG,breakout,64.7,1791288755000,1791288755319,1791288906647,319,151.3,210.015,209.947,209.947,210.003,6.8,0.21,1.0046,-1.2,1.1129,-2.3184,-2.308,-0.176,0.5,2.9,-2.4,THESIS_DEAD,THESIS_DEAD,0,0.7,0.8,0.1931,Fast clean upward momentum - breaking above its 20-minute range
2026-10-06,GBPUSD,SHORT,opening_range,62.1,1791289627000,1791289630030,1791289782487,3030,152.5,1.32717,1.32757,1.32757,1.32722,4.0,0.13,0.9842,-0.5,0.6889,-1.181,-1.2,-0.125,0.4,1.6,-1.25,THESIS_DEAD,THESIS_DEAD,0,0.3,0.4,0.1891,Very fast downward momentum - breaking below the New York 15-minute opening range
2026-10-06,USDJPY,SHORT,first_retest,65.2,1791290719000,1791290719396,1791290867430,396,148.0,158.105,158.143,158.143,158.134,3.8,0.21,1.0046,-2.9,1.1129,-4.0263,-4.008,-0.763,0.4,3.0,-7.25,THESIS_DEAD,THESIS_DEAD,0,0.2,0.2,0.2457,Very fast clean downward momentum - first retest of the low held and price is moving on
2026-10-06,USDCAD,SHORT,opening_range,64.0,1791290855000,1791290856972,1791290867230,1972,10.3,1.42436,1.42452,1.42452,1.42454,1.6,0.19,1.0073,-1.8,1.0069,-2.8201,-2.8,-1.125,0.0,1.6,,STOP,INITIAL,0,0.1,0.2,0.2461,Very fast clean downward momentum - breaking below the New York 15-minute opening range
2026-10-06,EURUSD,SHORT,first_retest,62.0,1791290983000,1791290986075,1791291020051,3075,34.0,1.12578,1.12604,1.12604,1.12613,2.6,0.13,0.9842,-3.5,0.6889,-4.1335,-4.2,-1.346,0.5,3.3,-7.0,STOP,INITIAL,0,-0.3,0.1,0.1589,Fast clean downward momentum - first retest of the low held and price is moving on
2026-10-06,USDCAD,SHORT,session_breakout,61.0,1791291947000,1791291948627,1791292003470,1627,54.8,1.42333,1.42372,1.42372,1.42352,3.9,0.19,1.0073,-1.9,1.0069,-2.9208,-2.9,-0.487,0.0,1.8,,THESIS_DEAD,THESIS_DEAD,0,0.2,0.1,0.2356,Fast clean downward momentum - breaking below yesterday's low
2026-10-06,USDJPY,SHORT,breakout,73.0,1791292263000,1791292263559,1791292491751,559,228.2,157.964,158.047,158.014,158.02,8.3,0.21,1.0046,-5.6,1.1129,-6.7387,-6.708,-0.675,4.6,5.4,-1.217,STOP,PROVING,1,2.6,0.2,0.2247,Very fast clean downward momentum - breaking below its 20-minute range
2026-10-06,GBPJPY,SHORT,sweep,67.1,1791292290000,1791292290652,1791292314978,652,24.3,209.774,209.829,209.807,209.814,5.5,0.21,1.0046,-4.0,1.1129,-5.1313,-5.108,-0.727,3.6,3.8,-1.111,STOP,PROVING,1,0.1,0.8,0.1637,Very fast downward momentum - swept the highs and snapped back below
2026-10-06,GBPJPY,SHORT,sweep,61.3,1791292346000,1791292346394,1791292352235,394,5.8,209.756,209.784,209.784,209.788,2.8,0.21,1.0046,-3.2,1.1129,-4.3276,-4.308,-1.143,0.0,3.0,,STOP,INITIAL,0,-0.4,0.7,0.1789,Fast ragged downward momentum - swept the highs and snapped back below
2026-10-06,GBPUSD,SHORT,opening_range,60.6,1791293919000,1791293919369,1791294161359,369,242.0,1.3266,1.32696,1.32645,1.32644,3.6,0.13,0.9842,1.6,0.6889,0.8857,0.9,0.444,3.0,1.6,0.533,PROTECT_LEVEL,SWING_TRAIL,2,0.3,0.1,0.1511,Fast downward momentum - breaking below the New York 30-minute opening range
2026-10-06,USDCHF,LONG,session_breakout,63.8,1791294560000,1791294560661,1791294750194,661,189.5,0.83199,0.83178,0.83224,0.83222,2.1,0.11,1.0012,2.3,0.5829,1.7199,1.718,1.095,3.3,0.8,0.697,STOP,SWING_TRAIL,6,0.0,0.1,0.2367,Very fast clean upward momentum - breaking above the Asian session's high
2026-10-06,USDCHF,LONG,breakout,62.6,1791294936000,1791294937211,1791294966771,1211,29.6,0.83244,0.83233,0.83233,0.8323,1.1,0.11,1.0012,-1.4,0.5829,-1.9847,-1.982,-1.273,0.1,1.2,-14.0,STOP,INITIAL,0,0.1,0.1,0.2051,Very fast upward momentum - breaking above its 20-minute range
2026-10-06,USDCHF,LONG,session_breakout,60.0,1791296670000,1791296670644,1791296698973,644,28.3,0.83261,0.8325,0.8325,0.83247,1.1,0.11,1.0012,-1.4,0.5829,-1.9847,-1.982,-1.273,0.0,1.2,,STOP,INITIAL,0,0.2,0.1,0.1894,Steady clean upward momentum - breaking above yesterday's high
2026-10-06,GBPUSD,SHORT,breakout,65.7,1791296672000,1791296672255,1791296697372,255,25.1,1.32613,1.32643,1.32643,1.32638,3.0,0.13,0.9842,-2.5,0.6889,-3.1493,-3.2,-0.833,0.0,2.3,,THESIS_DEAD,THESIS_DEAD,0,-0.0,0.2,0.1632,Fast clean downward momentum - breaking below its 20-minute range
2026-10-06,USDCAD,SHORT,sweep,63.2,1791297929000,1791297929365,1791298351376,365,422.0,1.42364,1.42389,1.42336,1.42337,2.5,0.19,1.0073,2.7,1.0069,1.7129,1.7,1.08,4.2,1.1,0.643,PROTECT_LEVEL,PROFIT_RATCHET,5,0.2,0.2,0.2385,Fast clean downward momentum - swept the highs and snapped back below
2026-10-06,USDCHF,SHORT,breakout,71.0,1791297930000,1791297930371,1791298108675,371,178.3,0.83151,0.83173,0.83128,0.83128,2.2,0.11,1.0012,2.3,0.5829,1.7199,1.718,1.045,3.5,0.5,0.657,PROTECT_LEVEL,PROFIT_RATCHET,5,0.2,0.1,0.2487,Very fast clean downward momentum - breaking below its 20-minute range
2026-10-06,GBPJPY,LONG,sweep,66.3,1791297960000,1791297960764,1791298068254,764,107.5,209.858,209.795,209.795,209.802,6.3,0.21,1.0046,-5.6,1.1129,-6.7387,-6.708,-0.889,0.0,5.4,,THESIS_DEAD,THESIS_DEAD,0,0.2,1.0,0.2018,Very fast upward momentum - swept the lows and snapped back above
2026-10-06,USDCHF,SHORT,first_retest,64.3,1791298313000,1791298313983,1791298479185,983,165.2,0.8311,0.83124,0.83088,0.8309,1.4,0.11,1.0012,2.0,0.5829,1.4196,1.418,1.429,3.2,0.2,0.625,STOP,SWING_TRAIL,5,0.1,0.0,0.2066,Steady clean downward momentum - first retest of the low held and price is moving on
2026-10-06,USDCAD,SHORT,breakout,70.3,1791298413000,1791298413641,1791298477376,641,63.7,1.42292,1.42339,1.42267,1.42267,4.7,0.19,1.0073,2.5,1.0069,1.5115,1.5,0.532,3.9,0.4,0.641,PROTECT_LEVEL,EXHAUSTION,3,0.2,0.2,0.2387,Very fast clean downward momentum - breaking below its 20-minute range
2026-10-06,GBPJPY,LONG,sweep,60.5,1791298657000,1791298657313,1791298669562,313,12.2,209.871,209.821,209.821,209.845,5.0,0.21,1.0046,-2.6,1.1129,-3.7249,-3.708,-0.52,0.0,2.7,,THESIS_DEAD,THESIS_DEAD,0,0.2,0.6,0.1825,Fast ragged upward momentum - swept the lows and snapped back above
2026-10-06,USDCAD,SHORT,first_retest,66.1,1791300079000,1791300081612,1791300103324,2612,21.7,1.42226,1.42252,1.42252,1.42244,2.6,0.19,1.0073,-1.8,1.0069,-2.8201,-2.8,-0.692,0.0,1.7,,THESIS_DEAD,THESIS_DEAD,0,0.2,0.1,0.2382,Fast clean downward momentum - first retest of the low held and price is moving on
2026-10-06,USDCAD,SHORT,first_retest,62.1,1791300252000,1791300254556,1791300517130,2556,262.6,1.42224,1.42237,1.42181,1.42183,1.3,0.19,1.0073,4.1,1.0069,3.1232,3.1,3.154,5.0,0.6,0.82,STOP,SWING_TRAIL,7,0.3,0.2,0.2382,Steady clean downward momentum - first retest of the low held and price is moving on
2026-10-06,GBPJPY,SHORT,breakout,61.9,1791302614000,1791302614301,1791302638991,301,24.7,209.906,209.958,209.958,209.933,5.2,0.21,1.0046,-2.7,1.1129,-3.8253,-3.808,-0.519,0.0,2.5,,THESIS_DEAD,THESIS_DEAD,0,0.7,0.6,0.248,Very fast clean downward momentum - breaking below its 20-minute range
2026-10-06,GBPUSD,SHORT,breakout,68.5,1791302939000,1791302939305,1791303122309,305,183.0,1.32709,1.32747,1.32687,1.32682,3.8,0.13,0.9842,2.7,0.6889,1.9683,2.0,0.711,4.0,0.5,0.675,PROTECT_LEVEL,EXHAUSTION,3,0.2,0.1,0.1841,Very fast clean downward momentum - breaking below its 20-minute range
2026-10-06,USDCHF,LONG,breakout,61.4,1791303085000,1791303085523,1791303391927,523,306.4,0.8312,0.83102,0.83109,0.83107,1.8,0.11,1.0012,-1.3,0.5829,-1.8845,-1.882,-0.722,1.4,1.1,-0.929,STOP,PROVING,1,0.3,0.1,0.1986,Fast clean upward momentum - breaking above its 20-minute range
2026-10-06,EURUSD,SHORT,breakout,62.3,1791304162000,1791304164757,1791304205559,2757,40.8,1.1256,1.12574,1.12574,1.12574,1.4,0.13,0.9842,-1.4,0.6889,-2.0667,-2.1,-1.0,0.0,1.2,,THESIS_DEAD,THESIS_DEAD,0,0.2,0.1,0.2194,Very fast clean downward momentum - breaking below its 20-minute range
2026-10-06,EURUSD,SHORT,breakout,61.7,1791304664000,1791304665123,1791304819152,1123,154.0,1.12548,1.12567,1.12567,1.12553,1.9,0.13,0.9842,-0.5,0.6889,-1.181,-1.2,-0.263,0.4,0.9,-1.25,THESIS_DEAD,THESIS_DEAD,0,0.3,0.1,0.2492,Fast clean downward momentum - breaking below its 20-minute range
2026-10-07,GBPJPY,LONG,breakout,68.2,1791331289000,1791331289538,1791331361336,538,71.8,210.129,210.084,210.084,210.103,4.5,0.21,1.0046,-2.6,1.1129,-3.7249,-3.708,-0.578,1.1,2.6,-2.364,THESIS_DEAD,THESIS_DEAD,0,0.3,0.8,0.2408,Very fast clean upward momentum - breaking above its 20-minute range
2026-10-07,USDJPY,LONG,breakout,63.2,1791331442000,1791331442554,1791331447202,554,4.6,158.399,158.385,158.385,158.387,1.4,0.21,1.0046,-1.2,1.1129,-2.3184,-2.308,-0.857,0.0,1.1,,THESIS_DEAD,THESIS_DEAD,0,0.0,0.1,0.241,Steady clean upward momentum - breaking above its 20-minute range
2026-10-07,USDJPY,LONG,first_retest,61.2,1791335093000,1791335093897,1791335115639,897,21.7,158.504,158.482,158.482,158.485,2.2,0.21,1.0046,-1.9,1.1129,-3.0216,-3.008,-0.864,0.6,1.8,-3.167,THESIS_DEAD,THESIS_DEAD,0,-0.1,0.2,0.2494,Steady upward momentum - first retest of the high held and price is moving on
2026-10-07,USDJPY,SHORT,sweep,70.5,1791336165000,1791336165539,1791336263034,539,97.5,158.389,158.452,158.348,158.351,6.3,0.21,1.0046,3.8,1.1129,2.7047,2.692,0.603,6.9,0.4,0.551,STOP,SWING_TRAIL,4,0.1,0.2,0.2372,Very fast clean downward momentum - swept the highs and snapped back below
2026-10-07,EURJPY,SHORT,sweep,61.0,1791337444000,1791337444378,1791337596723,378,152.3,177.998,178.038,178.038,178.001,4.0,0.21,1.0046,-0.3,1.1129,-1.4142,-1.408,-0.075,0.8,1.7,-0.375,THESIS_DEAD,THESIS_DEAD,0,-0.0,0.8,0.221,Fast clean downward momentum - swept the highs and snapped back below
2026-10-07,GBPJPY,SHORT,breakout,62.6,1791338605000,1791338605359,1791338696182,359,90.8,209.873,209.924,209.846,209.851,5.1,0.21,1.0046,2.2,1.1129,1.0973,1.092,0.431,4.9,0.9,0.449,STOP,SWING_TRAIL,3,1.5,0.7,0.2374,Fast clean downward momentum - breaking below its 20-minute range
2026-10-07,EURJPY,SHORT,breakout,66.7,1791338606000,1791338606965,1791338696376,965,89.4,177.937,177.971,177.908,177.907,3.4,0.21,1.0046,3.0,1.1129,1.901,1.892,0.882,5.3,1.0,0.566,PROTECT_LEVEL,EXHAUSTION,3,0.4,0.7,0.2372,Fast clean downward momentum - breaking below its 20-minute range
2026-10-07,GBPJPY,SHORT,breakout,71.6,1791353243000,1791353243256,1791353306924,256,63.7,209.675,209.749,209.749,209.731,7.4,0.21,1.0046,-5.6,1.1129,-6.7387,-6.708,-0.757,0.0,5.4,,THESIS_DEAD,THESIS_DEAD,0,-0.1,0.6,0.2465,Very fast clean downward momentum - breaking below its 20-minute range
2026-10-07,EURUSD,SHORT,opening_range,69.8,1791357320000,1791357321404,1791357380712,1404,59.3,1.12215,1.12234,1.12198,1.12197,1.9,0.13,0.9842,1.8,0.6889,1.0826,1.1,0.947,3.2,0.3,0.563,PROTECT_LEVEL,PROFIT_RATCHET,3,0.3,0.1,0.2445,Fast clean downward momentum - breaking below the London 15-minute opening range
2026-10-07,GBPUSD,SHORT,session_breakout,74.4,1791357363000,1791357363419,1791357386963,419,23.5,1.32415,1.32454,1.32454,1.32435,3.9,0.13,0.9842,-2.0,0.6889,-2.6572,-2.7,-0.513,0.0,1.8,,THESIS_DEAD,THESIS_DEAD,0,-0.1,0.1,0.208,Very fast clean downward momentum - breaking below the Asian session's low
2026-10-07,EURUSD,SHORT,breakout,69.7,1791357402000,1791357402639,1791357573453,639,170.8,1.12173,1.12186,1.12162,1.12164,1.3,0.13,0.9842,0.9,0.6889,0.1968,0.2,0.692,2.0,0.8,0.45,STOP,PROFIT_RATCHET,2,0.1,0.1,0.2342,Very fast clean downward momentum - breaking below its 20-minute range
2026-10-07,GBPUSD,SHORT,sweep,66.8,1791357430000,1791357431596,1791357453312,1596,21.7,1.3241,1.32436,1.32436,1.32429,2.6,0.13,0.9842,-1.9,0.6889,-2.5588,-2.6,-0.731,0.0,1.7,,THESIS_DEAD,THESIS_DEAD,0,0.2,0.1,0.1962,Fast downward momentum - swept the highs and snapped back below
2026-10-07,EURUSD,SHORT,first_retest,60.9,1791357681000,1791357681370,1791357740650,370,59.3,1.12145,1.1216,1.12131,1.12133,1.5,0.13,0.9842,1.2,0.6889,0.4921,0.5,0.8,2.7,0.4,0.444,STOP,PROFIT_RATCHET,4,0.2,0.1,0.22,Steady clean downward momentum - first retest of the low held and price is moving on
2026-10-07,EURJPY,SHORT,opening_range,62.9,1791358416000,1791358416439,1791358466262,439,49.8,177.491,177.558,177.478,177.431,6.7,0.21,1.0046,6.0,1.1129,4.9149,4.892,0.896,7.7,1.9,0.779,PROTECT_LEVEL,SWING_TRAIL,2,0.2,1.0,0.2324,Fast ragged downward momentum - breaking below the London 30-minute opening range
2026-10-07,EURUSD,SHORT,opening_range,61.0,1791358438000,1791358439361,1791358602532,1361,163.2,1.12113,1.12166,1.12078,1.12077,5.3,0.13,0.9842,3.6,0.6889,2.8541,2.9,0.679,4.6,0.3,0.783,PROTECT_LEVEL,SWING_TRAIL,3,0.3,0.1,0.2041,Very fast clean downward momentum - breaking below the London 30-minute opening range
2026-10-07,EURJPY,SHORT,breakout,61.1,1791358501000,1791358501844,1791358541026,844,39.2,177.386,177.438,177.438,177.424,5.2,0.21,1.0046,-3.8,1.1129,-4.9304,-4.908,-0.731,0.0,3.7,,THESIS_DEAD,THESIS_DEAD,0,0.2,1.1,0.2141,Fast clean downward momentum - breaking below its 20-minute range
2026-10-07,EURJPY,SHORT,breakout,60.8,1791358741000,1791358741361,1791358760283,361,18.9,177.364,177.433,177.433,177.412,6.9,0.21,1.0046,-4.8,1.1129,-5.935,-5.908,-0.696,0.0,4.7,,THESIS_DEAD,THESIS_DEAD,0,0.4,0.8,0.187,Fast clean downward momentum - breaking below its 20-minute range
2026-10-07,EURJPY,SHORT,sweep,66.5,1791359461000,1791359461409,1791359530570,409,69.2,177.33,177.371,177.255,177.253,4.1,0.21,1.0046,7.7,1.1129,6.6227,6.592,1.878,10.0,1.5,0.77,PROTECT_LEVEL,SWING_TRAIL,3,0.6,0.9,0.2085,Fast downward momentum - swept the highs and snapped back below
2026-10-07,GBPJPY,SHORT,breakout,69.6,1791359521000,1791359521324,1791359547265,324,25.9,209.492,209.527,209.479,209.478,3.5,0.21,1.0046,1.4,1.1129,0.2936,0.292,0.4,3.0,2.9,0.467,PROTECT_LEVEL,COSTS_COVERED,2,0.4,0.8,0.1702,Very fast downward momentum - breaking below its 20-minute range
2026-10-07,USDJPY,SHORT,breakout,69.5,1791359521000,1791359521324,1791359534185,324,12.9,158.194,158.256,158.256,158.223,6.2,0.21,1.0046,-2.9,1.1129,-4.0263,-4.008,-0.468,0.0,2.7,,THESIS_DEAD,THESIS_DEAD,0,0.5,0.2,0.2495,Very fast clean downward momentum - breaking below its 20-minute range
2026-10-07,EURUSD,SHORT,session_breakout,76.7,1791359548000,1791359548321,1791359632563,321,84.2,1.11989,1.12055,1.11922,1.11924,6.6,0.13,0.9842,6.5,0.6889,5.7081,5.8,0.985,7.9,0.5,0.823,STOP,SWING_TRAIL,3,0.2,0.1,0.1866,Very fast clean downward momentum - breaking below yesterday's low
2026-10-07,EURJPY,SHORT,sweep,81.4,1791359551000,1791359551290,1791359617456,290,66.2,177.162,177.257,177.104,177.089,9.5,0.21,1.0046,7.3,1.1129,6.2209,6.192,0.768,9.4,1.7,0.777,PROTECT_LEVEL,EXHAUSTION,3,0.2,1.1,0.191,Very fast clean downward momentum - swept the highs and snapped back below
2026-10-07,USDJPY,SHORT,breakout,72.5,1791359556000,1791359556318,1791359576850,318,20.5,158.183,158.209,158.209,158.21,2.6,0.21,1.0046,-2.7,1.1129,-3.8253,-3.808,-1.038,0.0,2.5,,THESIS_DEAD,THESIS_DEAD,0,0.5,0.2,0.2495,Very fast clean downward momentum - breaking below its 20-minute range
2026-10-07,GBPUSD,SHORT,opening_range,63.1,1791359600000,1791359600368,1791359638813,368,38.4,1.32379,1.32406,1.32365,1.32355,2.7,0.13,0.9842,2.4,0.6889,1.6731,1.7,0.889,2.9,0.6,0.828,PROTECT_LEVEL,SWING_TRAIL,3,0.1,0.1,0.179,Fast clean downward momentum - breaking below the London 30-minute opening range
2026-10-07,GBPJPY,SHORT,velocity_burst,62.4,1791359600000,1791359600369,1791359691323,369,91.0,209.427,209.469,209.393,209.39,4.2,0.21,1.0046,3.7,1.1129,2.6042,2.592,0.881,6.9,1.5,0.536,PROTECT_LEVEL,PROFIT_RATCHET,2,-0.0,0.6,0.1586,Fast clean downward momentum - broad move: pound falling and yen rising across the board
2026-10-07,EURUSD,SHORT,breakout,62.4,1791359657000,1791359657325,1791359665173,325,7.8,1.11894,1.11922,1.11922,1.11915,2.8,0.13,0.9842,-2.1,0.6889,-2.7557,-2.8,-0.75,0.0,2.1,,THESIS_DEAD,THESIS_DEAD,0,0.6,0.1,0.1429,Fast clean downward momentum - breaking below its 20-minute range
2026-10-07,USDJPY,SHORT,breakout,76.5,1791359688000,1791359689508,1791359748861,1508,59.4,158.168,158.202,158.122,158.11,3.4,0.21,1.0046,5.8,1.1129,4.7139,4.692,1.706,6.5,2.8,0.892,PROTECT_LEVEL,SWING_TRAIL,3,0.2,0.2,0.2346,Very fast downward momentum - breaking below its 20-minute range
2026-10-07,EURJPY,SHORT,session_breakout,69.8,1791359713000,1791359713442,1791359762347,442,48.9,176.994,177.05,176.896,176.879,5.6,0.21,1.0046,11.5,1.1129,10.4403,10.392,2.054,13.0,3.8,0.885,PROTECT_LEVEL,SWING_TRAIL,4,-0.0,1.1,0.1565,Fast downward momentum - breaking below yesterday's low
2026-10-07,EURUSD,SHORT,breakout,65.0,1791359713000,1791359713448,1791359776627,448,63.2,1.11892,1.11932,1.11867,1.11865,4.0,0.13,0.9842,2.7,0.6889,1.9683,2.0,0.675,4.0,2.2,0.675,PROTECT_LEVEL,EXHAUSTION,4,-0.0,0.2,0.1495,Very fast downward momentum - breaking below its 20-minute range
2026-10-07,GBPJPY,SHORT,breakout,61.1,1791359713000,1791359714049,1791359756307,1049,42.3,209.335,209.385,209.24,209.237,5.0,0.21,1.0046,9.8,1.1129,8.7324,8.692,1.96,14.0,4.2,0.7,PROTECT_LEVEL,SWING_TRAIL,3,0.4,1.1,0.166,Fast clean downward momentum - breaking below its 20-minute range
2026-10-07,GBPUSD,SHORT,breakout,71.3,1791359749000,1791359749864,1791359757319,864,7.5,1.32309,1.32334,1.32334,1.32325,2.5,0.13,0.9842,-1.6,0.6889,-2.2636,-2.3,-0.64,0.0,2.4,,THESIS_DEAD,THESIS_DEAD,0,0.3,0.2,0.1751,Very fast downward momentum - breaking below its 20-minute range
2026-10-07,USDJPY,SHORT,breakout,68.7,1791359775000,1791359775618,1791359822514,618,46.9,158.102,158.125,158.063,158.071,2.3,0.21,1.0046,3.1,1.1129,2.0015,1.992,1.348,5.9,1.0,0.525,STOP,PROFIT_RATCHET,5,-0.4,0.2,0.1861,Very fast clean downward momentum - breaking below its 20-minute range
2026-10-07,GBPJPY,SHORT,velocity_burst,60.5,1791359789000,1791359789471,1791359811425,471,22.0,209.194,209.24,209.181,209.175,4.6,0.21,1.0046,1.9,1.1129,0.7959,0.792,0.413,4.5,1.2,0.422,PROTECT_LEVEL,COSTS_COVERED,2,0.3,0.8,0.1287,Fast clean downward momentum - broad move: pound falling and yen rising across the board
2026-10-07,EURJPY,SHORT,breakout,70.9,1791359792000,1791359792295,1791359835356,295,43.1,176.81,176.883,176.786,176.768,7.3,0.21,1.0046,4.2,1.1129,3.1065,3.092,0.575,8.3,1.5,0.506,PROTECT_LEVEL,EXHAUSTION,3,1.1,1.1,0.1352,Fast clean downward momentum - breaking below its 20-minute range
2026-10-07,EURUSD,SHORT,breakout,73.1,1791359797000,1791359797330,1791359851416,330,54.1,1.1183,1.11872,1.11872,1.11859,4.2,0.13,0.9842,-2.9,0.6889,-3.543,-3.6,-0.69,1.3,2.9,-2.231,THESIS_DEAD,THESIS_DEAD,0,0.3,0.1,0.1138,Fast clean downward momentum - breaking below its 20-minute range
2026-10-07,USDJPY,SHORT,first_retest,69.4,1791360216000,1791360217514,1791360274642,1514,57.1,157.995,158.076,158.076,158.032,8.1,0.21,1.0046,-3.7,1.1129,-4.83,-4.808,-0.457,0.0,3.8,,THESIS_DEAD,THESIS_DEAD,0,0.1,0.2,0.2135,Very fast downward momentum - first retest of the low held and price is moving on
2026-10-07,EURJPY,SHORT,breakout,61.4,1791360897000,1791360897411,1791361134013,411,236.6,176.67,176.834,176.769,176.772,16.4,0.21,1.0046,-10.2,1.1129,-11.36,-11.308,-0.622,12.0,10.0,-0.85,STOP,PROVING,1,-0.1,0.6,0.1225,Very fast downward momentum - breaking below its 20-minute range
2026-10-07,USDJPY,SHORT,breakout,74.3,1791360901000,1791360901434,1791361020100,434,118.7,157.884,158.032,158.032,157.97,14.8,0.21,1.0046,-8.6,1.1129,-9.7526,-9.708,-0.581,2.8,8.8,-3.071,THESIS_DEAD,THESIS_DEAD,0,1.1,0.1,0.1307,Very fast clean downward momentum - breaking below its 20-minute range
2026-10-07,GBPJPY,SHORT,breakout,72.4,1791360903000,1791360903250,1791361026264,250,123.0,209.009,209.232,209.232,209.095,22.3,0.21,1.0046,-8.6,1.1129,-9.7526,-9.708,-0.386,5.7,8.4,-1.509,THESIS_DEAD,THESIS_DEAD,0,-1.5,0.6,0.0971,Very fast clean downward momentum - breaking below its 20-minute range
2026-10-07,EURJPY,LONG,breakout,72.3,1791363745000,1791363745267,1791363971390,267,226.1,177.195,177.131,177.156,177.152,6.4,0.21,1.0046,-4.3,1.1129,-5.4327,-5.408,-0.672,3.8,4.1,-1.132,STOP,PROVING,1,0.4,0.5,0.1131,Very fast clean upward momentum - breaking above its 20-minute range
2026-10-07,EURUSD,LONG,breakout,69.8,1791363748000,1791363748304,1791363900061,304,151.8,1.12033,1.11994,1.11994,1.12019,3.9,0.13,0.9842,-1.4,0.6889,-2.0667,-2.1,-0.359,0.4,1.8,-3.5,THESIS_DEAD,THESIS_DEAD,0,0.3,0.1,0.1422,Very fast clean upward momentum - breaking above its 20-minute range
2026-10-07,USDCHF,LONG,session_breakout,62.1,1791364228000,1791364229069,1791364455455,1069,226.4,0.83371,0.83363,0.83366,0.83364,0.8,0.11,1.0012,-0.7,0.5829,-1.2838,-1.282,-0.875,1.4,0.5,-0.5,STOP,PROVING,1,0.1,0.0,0.2289,Fast clean upward momentum - breaking above the Asian session's high
2026-10-07,EURUSD,SHORT,breakout,65.9,1791365434000,1791365434322,1791365562534,322,128.2,1.11889,1.11911,1.11871,1.11867,2.2,0.13,0.9842,2.2,0.6889,1.4762,1.5,1.0,3.1,0.5,0.71,PROTECT_LEVEL,PROFIT_RATCHET,4,-0.1,0.0,0.1538,Fast clean downward momentum - breaking below its 20-minute range
2026-10-07,GBPUSD,SHORT,breakout,65.8,1791365524000,1791365524386,1791366027821,386,503.4,1.32281,1.32317,1.32303,1.32305,3.6,0.13,0.9842,-2.4,0.6889,-3.0509,-3.1,-0.667,1.8,2.2,-1.333,STOP,PROVING,1,0.4,0.2,0.1856,Very fast clean downward momentum - breaking below its 20-minute range
2026-10-07,GBPJPY,SHORT,breakout,68.8,1791365527000,1791365527401,1791365900401,401,373.0,209.316,209.387,209.359,209.365,7.1,0.21,1.0046,-4.9,1.1129,-6.0355,-6.008,-0.69,4.1,4.7,-1.195,STOP,PROVING,1,-0.1,1.0,0.1519,Very fast clean downward momentum - breaking below its 20-minute range
2026-10-07,GBPUSD,SHORT,breakout,67.6,1791367717000,1791367717499,1791367770339,499,52.8,1.32237,1.32275,1.32275,1.32267,3.8,0.13,0.9842,-3.0,0.6889,-3.6414,-3.7,-0.789,0.0,2.8,,THESIS_DEAD,THESIS_DEAD,0,0.4,0.4,0.1919,Very fast clean downward momentum - breaking below its 20-minute range
2026-10-07,GBPUSD,SHORT,squeeze_release,60.1,1791368681000,1791368681374,1791368780026,374,98.7,1.32224,1.3225,1.3225,1.32252,2.6,0.13,0.9842,-2.8,0.6889,-3.4446,-3.5,-1.077,0.0,2.6,,STOP,THESIS_DEAD,0,0.1,0.2,0.1967,Fast downward momentum - squeeze releasing downward
2026-10-07,GBPUSD,SHORT,sweep,68.0,1791369925000,1791369927874,1791369999442,2874,71.6,1.32201,1.32228,1.32184,1.32178,2.7,0.13,0.9842,2.3,0.6889,1.5747,1.6,0.852,2.8,1.4,0.821,PROTECT_LEVEL,SWING_TRAIL,3,0.2,0.4,0.1882,Fast downward momentum - swept the highs and snapped back below
2026-10-07,GBPJPY,SHORT,sweep,63.3,1791370009000,1791370009273,1791370046452,273,37.2,209.257,209.299,209.299,209.297,4.2,0.21,1.0046,-4.0,1.1129,-5.1313,-5.108,-0.952,0.0,3.8,,THESIS_DEAD,THESIS_DEAD,0,0.2,0.5,0.1558,Very fast clean downward momentum - swept the highs and snapped back below
2026-10-07,GBPUSD,SHORT,breakout,61.4,1791370815000,1791370815431,1791370827679,431,12.2,1.32155,1.32176,1.32176,1.32172,2.1,0.13,0.9842,-1.7,0.6889,-2.362,-2.4,-0.81,0.0,1.5,,THESIS_DEAD,THESIS_DEAD,0,0.1,0.1,0.1834,Fast clean downward momentum - breaking below its 20-minute range
2026-10-07,GBPJPY,SHORT,breakout,61.1,1791370815000,1791370815432,1791370821251,432,5.8,209.224,209.262,209.262,209.248,3.8,0.21,1.0046,-2.4,1.1129,-3.524,-3.508,-0.632,0.0,2.5,,THESIS_DEAD,THESIS_DEAD,0,0.1,0.4,0.1489,Fast clean downward momentum - breaking below its 20-minute range
2026-10-07,GBPUSD,SHORT,first_retest,61.1,1791370945000,1791370945363,1791371031553,363,86.2,1.32138,1.3216,1.32152,1.32162,2.2,0.13,0.9842,-2.4,0.6889,-3.0509,-3.1,-1.091,1.0,2.2,-2.4,STOP,PROVING,1,0.5,0.2,0.1692,Fast downward momentum - first retest of the low held and price is moving on
2026-10-07,GBPJPY,SHORT,first_retest,67.9,1791370949000,1791370949378,1791370975304,378,25.9,209.188,209.231,209.231,209.219,4.3,0.21,1.0046,-3.1,1.1129,-4.2272,-4.208,-0.721,0.4,3.0,-7.75,THESIS_DEAD,THESIS_DEAD,0,0.2,0.5,0.1563,Fast clean downward momentum - first retest of the low held and price is moving on
2026-10-07,USDCHF,SHORT,session_breakout,61.0,1791372018000,1791372018503,1791372099280,503,80.8,0.83208,0.83223,0.83223,0.83223,1.5,0.11,1.0012,-1.5,0.5829,-2.0848,-2.082,-1.0,0.3,1.3,-5.0,THESIS_DEAD,THESIS_DEAD,0,0.1,0.1,0.2288,Fast clean downward momentum - breaking below the Asian session's low
2026-10-07,GBPUSD,SHORT,breakout,71.9,1791372361000,1791372361641,1791372476991,641,115.3,1.32125,1.32149,1.32098,1.32092,2.4,0.13,0.9842,3.3,0.6889,2.5588,2.6,1.375,4.5,1.3,0.733,PROTECT_LEVEL,SWING_TRAIL,3,-0.1,0.3,0.2036,Very fast clean downward momentum - breaking below its 20-minute range
2026-10-07,GBPJPY,SHORT,sweep,62.8,1791372463000,1791372463513,1791372514353,513,50.8,209.175,209.199,209.162,209.124,2.4,0.21,1.0046,5.1,1.1129,4.0107,3.992,2.125,5.5,1.0,0.927,PROTECT_LEVEL,SWING_TRAIL,1,0.0,0.8,0.1969,Very fast clean downward momentum - swept the highs and snapped back below
2026-10-07,GBPUSD,SHORT,breakout,64.9,1791372968000,1791372968511,1791372987388,511,18.9,1.32064,1.32109,1.32109,1.32086,4.5,0.13,0.9842,-2.2,0.6889,-2.8541,-2.9,-0.489,0.0,2.0,,THESIS_DEAD,THESIS_DEAD,0,0.1,0.1,0.25,Very fast downward momentum - breaking below its 20-minute range
2026-10-07,EURUSD,SHORT,breakout,62.1,1791373210000,1791373210405,1791373214835,405,4.4,1.11795,1.11806,1.11806,1.11804,1.1,0.13,0.9842,-0.9,0.6889,-1.5747,-1.6,-0.818,0.0,0.8,,THESIS_DEAD,THESIS_DEAD,0,-0.2,0.1,0.1914,Fast clean downward momentum - breaking below its 20-minute range
2026-10-07,EURUSD,SHORT,first_retest,61.1,1791373366000,1791373366265,1791373470912,265,104.6,1.11781,1.118,1.11766,1.11768,1.9,0.13,0.9842,1.3,0.6889,0.5905,0.6,0.684,2.4,1.2,0.542,STOP,SWING_TRAIL,3,0.1,0.1,0.1704,Steady downward momentum - first retest of the low held and price is moving on
2026-10-07,EURJPY,SHORT,session_breakout,72.0,1791373431000,1791373431310,1791373565354,310,134.0,176.975,177.029,177.029,177.015,5.4,0.21,1.0046,-4.0,1.1129,-5.1313,-5.108,-0.741,1.8,3.8,-2.222,THESIS_DEAD,THESIS_DEAD,0,-0.4,0.8,0.2121,Fast clean downward momentum - breaking below yesterday's low
2026-10-07,GBPJPY,SHORT,breakout,60.4,1791373441000,1791373441362,1791373592262,362,150.9,209.089,209.17,209.17,209.1,8.1,0.21,1.0046,-1.1,1.1129,-2.2179,-2.208,-0.136,2.7,2.3,-0.407,THESIS_DEAD,THESIS_DEAD,0,0.2,0.5,0.2336,Steady clean downward momentum - breaking below its 20-minute range
2026-10-07,EURJPY,SHORT,session_breakout,73.7,1791373982000,1791373982439,1791374012019,439,29.6,176.944,176.994,176.931,176.935,5.0,0.21,1.0046,0.9,1.1129,-0.2087,-0.208,0.18,4.1,1.4,0.22,STOP,COSTS_COVERED,2,0.5,0.9,0.1966,Very fast clean downward momentum - breaking below yesterday's low
2026-10-07,EURJPY,SHORT,breakout,61.4,1791374037000,1791374037365,1791374090619,365,53.3,176.898,176.941,176.941,176.943,4.3,0.21,1.0046,-4.5,1.1129,-5.6337,-5.608,-1.047,1.4,4.3,-3.214,STOP,INITIAL,0,-0.2,0.9,0.2051,Fast downward momentum - breaking below its 20-minute range
2026-10-07,GBPJPY,SHORT,breakout,62.2,1791374059000,1791374059274,1791374070317,274,11.0,209.0,209.039,209.039,209.03,3.9,0.21,1.0046,-3.0,1.1129,-4.1267,-4.108,-0.769,0.0,2.8,,THESIS_DEAD,THESIS_DEAD,0,-0.7,0.6,0.176,Very fast downward momentum - breaking below its 20-minute range
2026-10-07,GBPJPY,SHORT,breakout,61.7,1791374106000,1791374106277,1791374237408,277,131.1,208.973,209.027,208.952,208.947,5.4,0.21,1.0046,2.6,1.1129,1.4992,1.492,0.481,5.3,2.0,0.491,PROTECT_LEVEL,SWING_TRAIL,2,0.2,1.1,0.1879,Fast ragged downward momentum - breaking below its 20-minute range
2026-10-07,EURJPY,SHORT,breakout,65.9,1791374116000,1791374116335,1791374228757,335,112.4,176.857,176.886,176.844,176.844,2.9,0.21,1.0046,1.3,1.1129,0.1931,0.192,0.448,3.2,2.0,0.406,PROTECT_LEVEL,COSTS_COVERED,1,-0.7,0.9,0.1869,Fast ragged downward momentum - breaking below its 20-minute range
2026-10-07,EURJPY,SHORT,breakout,64.5,1791374251000,1791374251289,1791374254309,289,3.0,176.803,176.859,176.859,176.853,5.6,0.21,1.0046,-5.0,1.1129,-6.136,-6.108,-0.893,0.0,4.8,,THESIS_DEAD,THESIS_DEAD,0,-0.9,0.9,0.1862,Fast ragged downward momentum - breaking below its 20-minute range
2026-10-07,GBPJPY,SHORT,opening_range,66.1,1791374707000,1791374707800,1791374745589,800,37.8,208.894,208.936,208.936,208.926,4.2,0.21,1.0046,-3.2,1.1129,-4.3276,-4.308,-0.762,0.0,3.0,,THESIS_DEAD,THESIS_DEAD,0,0.1,0.8,0.1571,Fast clean downward momentum - breaking below the New York 3-minute opening range
2026-10-07,EURUSD,SHORT,breakout,61.9,1791375039000,1791375040828,1791375114253,1828,73.4,1.11741,1.11781,1.11781,1.11764,4.0,0.13,0.9842,-2.3,0.6889,-2.9525,-3.0,-0.575,0.3,2.2,-7.667,THESIS_DEAD,THESIS_DEAD,0,0.5,0.1,0.1615,Steady clean downward momentum - breaking below its 20-minute range
2026-10-07,EURJPY,SHORT,opening_range,65.2,1791375635000,1791375635289,1791375691400,289,56.1,176.774,176.819,176.819,176.809,4.5,0.21,1.0046,-3.5,1.1129,-4.629,-4.608,-0.778,0.0,3.3,,THESIS_DEAD,THESIS_DEAD,0,0.3,0.2,0.1233,Fast downward momentum - breaking below the New York 15-minute opening range
2026-10-07,GBPUSD,SHORT,session_breakout,64.9,1791375788000,1791375788261,1791376106374,261,318.1,1.31969,1.32001,1.31955,1.31955,3.2,0.13,0.9842,1.4,0.6889,0.6889,0.7,0.438,2.9,1.3,0.483,PROTECT_LEVEL,MOMENTUM_DECAY,3,0.2,0.1,0.1819,Fast clean downward momentum - breaking below yesterday's low
2026-10-07,GBPJPY,SHORT,opening_range,63.8,1791375794000,1791375795292,1791375946425,1292,151.1,208.859,208.936,208.936,208.877,7.7,0.21,1.0046,-1.8,1.1129,-2.9212,-2.908,-0.234,1.5,3.1,-1.2,THESIS_DEAD,THESIS_DEAD,0,0.3,0.6,0.1439,Very fast clean downward momentum - breaking below the New York 15-minute opening range
2026-10-07,EURUSD,SHORT,first_retest,71.7,1791375797000,1791375797307,1791375904222,307,106.9,1.1168,1.11709,1.11671,1.11676,2.9,0.13,0.9842,0.4,0.6889,-0.2952,-0.3,0.138,2.8,0.7,0.143,STOP,COSTS_COVERED,2,0.2,0.1,0.1533,Very fast clean downward momentum - first retest of the low held and price is moving on
2026-10-07,EURJPY,SHORT,opening_range,69.3,1791375797000,1791375797310,1791375955670,310,158.4,176.755,176.82,176.794,176.799,6.5,0.21,1.0046,-4.4,1.1129,-5.5332,-5.508,-0.677,2.9,4.2,-1.517,STOP,PROVING,1,0.1,0.2,0.131,Very fast downward momentum - breaking below the New York 15-minute opening range
2026-10-07,USDCHF,LONG,first_retest,69.9,1791376783000,1791376783779,1791376796232,779,12.5,0.83392,0.83372,0.83372,0.83374,2.0,0.11,1.0012,-1.8,0.5829,-2.3852,-2.382,-0.9,0.0,1.7,,THESIS_DEAD,THESIS_DEAD,0,0.1,0.0,0.1928,Fast clean upward momentum - first retest of the high held and price is moving on
2026-10-07,GBPJPY,SHORT,opening_range,65.2,1791377243000,1791377243343,1791377548668,343,305.3,208.769,208.812,208.795,208.797,4.3,0.21,1.0046,-2.8,1.1129,-3.9258,-3.908,-0.651,3.3,2.6,-0.848,STOP,PROVING,1,-0.1,0.6,0.1626,Very fast downward momentum - breaking below the New York 30-minute opening range
2026-10-07,EURJPY,SHORT,opening_range,64.6,1791377243000,1791377244151,1791377364818,1151,120.7,176.703,176.738,176.69,176.692,3.5,0.21,1.0046,1.1,1.1129,-0.0078,-0.008,0.314,3.2,0.7,0.344,STOP,MOMENTUM_DECAY,3,0.2,0.3,0.1301,Fast clean downward momentum - breaking below the New York 15-minute opening range
2026-10-07,GBPUSD,LONG,first_retest,61.9,1791378032000,1791378032624,1791378123822,624,91.2,1.32051,1.32022,1.32075,1.3207,2.9,0.13,0.9842,1.9,0.6889,1.181,1.2,0.655,4.0,0.6,0.475,STOP,PROFIT_RATCHET,5,0.3,0.4,0.197,Fast upward momentum - first retest of the high held and price is moving on
2026-10-07,EURUSD,LONG,sweep,76.2,1791378036000,1791378036452,1791378265300,452,228.8,1.11777,1.11746,1.11758,1.11756,3.1,0.13,0.9842,-2.1,0.6889,-2.7557,-2.8,-0.677,2.1,1.9,-1.0,STOP,PROVING,1,0.5,0.1,0.1529,Very fast clean upward momentum - swept the lows and snapped back above
2026-10-07,GBPJPY,SHORT,first_retest,60.1,1791380958000,1791380958430,1791381032359,430,73.9,208.814,208.859,208.859,208.854,4.5,0.21,1.0046,-4.0,1.1129,-5.1313,-5.108,-0.889,0.6,3.8,-6.667,THESIS_DEAD,THESIS_DEAD,0,0.2,0.6,0.2437,Very fast clean downward momentum - first retest of the low held and price is moving on
2026-10-07,USDJPY,SHORT,opening_range,76.2,1791381613000,1791381613356,1791381628417,356,15.1,158.153,158.175,158.175,158.177,2.2,0.21,1.0046,-2.4,1.1129,-3.524,-3.508,-1.091,0.0,2.2,,STOP,INITIAL,0,0.3,0.2,0.2121,Very fast clean downward momentum - breaking below the New York 15-minute opening range
2026-10-07,USDJPY,SHORT,opening_range,69.9,1791381649000,1791381649311,1791381649916,311,0.6,158.111,158.119,158.119,158.125,0.8,0.21,1.0046,-1.4,1.1129,-2.5193,-2.508,-1.75,0.0,1.2,,STOP,INITIAL,0,-0.6,0.2,0.1963,Very fast downward momentum - breaking below the New York 15-minute opening range
2026-10-07,USDCAD,SHORT,first_retest,63.6,1791383097000,1791383098028,1791383232569,1028,134.5,1.42459,1.42484,1.42474,1.42474,2.5,0.19,1.0073,-1.5,1.0069,-2.5179,-2.5,-0.6,1.1,1.4,-1.364,THESIS_DEAD,THESIS_DEAD,1,0.3,0.2,0.2087,Steady clean downward momentum - first retest of the low held and price is moving on
2026-10-07,USDCAD,SHORT,opening_range,67.7,1791383992000,1791383994671,1791384720693,2671,726.0,1.42405,1.42436,1.42424,1.42427,3.1,0.19,1.0073,-2.2,1.0069,-3.223,-3.2,-0.71,1.7,2.0,-1.294,STOP,PROVING,1,0.3,0.2,0.218,Very fast clean downward momentum - breaking below the New York 15-minute opening range
2026-10-07,GBPUSD,LONG,sweep,66.1,1791384672000,1791384672898,1791384779601,898,106.7,1.32156,1.3212,1.3212,1.32133,3.6,0.13,0.9842,-2.3,0.6889,-2.9525,-3.0,-0.639,0.0,2.1,,THESIS_DEAD,THESIS_DEAD,0,0.4,0.1,0.1566,Fast clean upward momentum - swept the lows and snapped back above
2026-10-07,GBPUSD,LONG,opening_range,65.9,1791384931000,1791384932591,1791385349537,1591,416.9,1.32161,1.32118,1.32192,1.32186,4.3,0.13,0.9842,2.5,0.6889,1.7715,1.8,0.581,4.5,0.7,0.556,STOP,MOMENTUM_DECAY,5,0.3,0.4,0.1768,Fast clean upward momentum - breaking above the New York 15-minute opening range
2026-10-07,GBPUSD,LONG,breakout,67.6,1791385998000,1791385998317,1791386033056,317,34.7,1.32216,1.32186,1.32225,1.3222,3.0,0.13,0.9842,0.4,0.6889,-0.2952,-0.3,0.133,2.4,1.9,0.167,STOP,COSTS_COVERED,2,0.4,0.4,0.1705,Very fast upward momentum - breaking above its 20-minute range
2026-10-07,EURUSD,LONG,velocity_burst,67.5,1791386029000,1791386029441,1791386032861,441,3.4,1.12039,1.12017,1.12017,1.12014,2.2,0.13,0.9842,-2.5,0.6889,-3.1493,-3.2,-1.136,0.0,2.3,,STOP,INITIAL,0,0.2,0.1,0.0809,Very fast clean upward momentum - broad move: euro rising and US dollar falling across the board
2026-10-07,EURUSD,LONG,sweep,60.0,1791389234000,1791389235015,1791389608028,1015,373.0,1.11926,1.11898,1.1194,1.11936,2.8,0.13,0.9842,1.0,0.6889,0.2952,0.3,0.357,2.5,0.9,0.4,STOP,MOMENTUM_DECAY,2,0.3,0.0,0.1452,Fast clean upward momentum - swept the lows and snapped back above
2026-10-07,USDJPY,SHORT,breakout,63.7,1791389870000,1791389870273,1791390023364,273,153.1,157.999,158.036,158.036,158.009,3.7,0.21,1.0046,-1.0,1.1129,-2.1175,-2.108,-0.27,1.1,1.5,-0.909,THESIS_DEAD,THESIS_DEAD,0,-0.0,0.2,0.2242,Fast clean downward momentum - breaking below its 20-minute range
2026-10-07,USDJPY,SHORT,breakout,67.9,1791392972000,1791392972425,1791393109350,425,136.9,157.95,157.986,157.986,157.976,3.6,0.21,1.0046,-2.6,1.1129,-3.7249,-3.708,-0.722,0.2,2.6,-13.0,THESIS_DEAD,THESIS_DEAD,0,0.3,0.1,0.2471,Very fast downward momentum - breaking below its 20-minute range
2026-10-08,GBPJPY,SHORT,sweep,71.6,1791417772000,1791417772369,1791417786257,369,13.9,208.674,208.755,208.755,208.732,8.1,0.21,1.0046,-5.8,1.1129,-6.9397,-6.908,-0.716,0.0,5.6,,THESIS_DEAD,THESIS_DEAD,0,0.1,0.9,0.2448,Very fast downward momentum - swept the highs and snapped back below
2026-10-08,GBPJPY,SHORT,first_retest,67.8,1791417927000,1791417928812,1791418565991,1812,637.2,208.671,208.755,208.579,208.514,8.4,0.21,1.0046,15.7,1.1129,14.6597,14.592,1.869,20.0,2.2,0.785,PROTECT_LEVEL,SWING_TRAIL,5,0.1,0.7,0.2129,Very fast ragged downward momentum - first retest of the low held and price is moving on
2026-10-08,EURJPY,SHORT,breakout,69.9,1791418510000,1791418510443,1791418568624,443,58.2,176.799,176.867,176.739,176.728,6.8,0.21,1.0046,7.1,1.1129,6.02,5.992,1.044,10.7,2.3,0.664,PROTECT_LEVEL,PROFIT_RATCHET,3,0.1,0.8,0.2348,Very fast downward momentum - breaking below its 20-minute range
2026-10-08,USDJPY,SHORT,session_breakout,78.6,1791418555000,1791418555525,1791418595388,525,39.9,157.812,157.894,157.894,157.872,8.2,0.21,1.0046,-6.0,1.1129,-7.1406,-7.108,-0.732,0.0,5.9,,THESIS_DEAD,THESIS_DEAD,0,1.2,0.1,0.1663,Very fast clean downward momentum - breaking below yesterday's low
2026-10-08,USDJPY,SHORT,session_breakout,61.4,1791419436000,1791419436652,1791419458757,652,22.1,157.804,157.863,157.863,157.827,5.9,0.21,1.0046,-2.3,1.1129,-3.4235,-3.408,-0.39,1.8,2.2,-1.278,THESIS_DEAD,THESIS_DEAD,0,0.1,0.1,0.1461,Steady downward momentum - breaking below yesterday's low
2026-10-08,GBPJPY,SHORT,breakout,71.8,1791419993000,1791419993445,1791420088969,445,95.5,208.426,208.489,208.363,208.351,6.3,0.21,1.0046,7.5,1.1129,6.4218,6.392,1.19,9.0,1.4,0.833,PROTECT_LEVEL,SWING_TRAIL,4,-0.0,0.5,0.1709,Very fast clean downward momentum - breaking below its 20-minute range
2026-10-08,USDJPY,SHORT,session_breakout,62.5,1791419993000,1791419993460,1791420122711,460,129.3,157.781,157.819,157.733,157.735,3.8,0.21,1.0046,4.6,1.1129,3.5084,3.492,1.211,7.2,0.8,0.639,STOP,PROFIT_RATCHET,5,0.1,0.1,0.1643,Very fast clean downward momentum - breaking below yesterday's low
2026-10-08,EURJPY,SHORT,breakout,69.8,1791420017000,1791420017358,1791420080304,358,62.9,176.656,176.682,176.643,176.632,2.6,0.21,1.0046,2.4,1.1129,1.2982,1.292,0.923,3.5,1.0,0.686,PROTECT_LEVEL,PROFIT_RATCHET,2,0.1,0.6,0.1997,Very fast clean downward momentum - breaking below its 20-minute range
2026-10-08,GBPJPY,SHORT,breakout,60.9,1791420311000,1791420312414,1791420391414,1414,79.0,208.291,208.365,208.265,208.259,7.4,0.21,1.0046,3.2,1.1129,2.1019,2.092,0.432,8.8,2.0,0.364,PROTECT_LEVEL,SWING_TRAIL,3,0.2,0.8,0.1674,Fast downward momentum - breaking below its 20-minute range
2026-10-08,USDJPY,SHORT,breakout,69.9,1791420311000,1791420312414,1791420381163,1414,68.7,157.686,157.748,157.632,157.635,6.2,0.21,1.0046,5.1,1.1129,4.0107,3.992,0.823,9.9,0.7,0.515,STOP,PROFIT_RATCHET,3,0.1,0.1,0.1618,Very fast clean downward momentum - breaking below its 20-minute range
2026-10-08,GBPJPY,LONG,squeeze_release,61.5,1791423662000,1791423662723,1791423843362,723,180.6,208.588,208.552,208.566,208.563,3.6,0.21,1.0046,-2.5,1.1129,-3.6244,-3.608,-0.694,2.4,2.3,-1.042,STOP,PROVING,1,0.3,0.7,0.2253,Steady clean upward momentum - squeeze releasing upward
2026-10-08,EURJPY,LONG,squeeze_release,65.4,1791423662000,1791423662924,1791423723593,924,60.7,176.841,176.812,176.865,176.86,2.9,0.21,1.0046,1.9,1.1129,0.7959,0.792,0.655,4.2,0.4,0.452,STOP,PROFIT_RATCHET,4,0.3,0.2,0.1606,Fast clean upward momentum - squeeze releasing upward
2026-10-08,EURJPY,LONG,breakout,61.1,1791426769000,1791426769317,1791426920727,317,151.4,177.117,177.06,177.06,177.097,5.7,0.21,1.0046,-2.0,1.1129,-3.1221,-3.108,-0.351,0.6,2.5,-3.333,THESIS_DEAD,THESIS_DEAD,0,0.5,1.0,0.2487,Fast clean upward momentum - breaking above its 20-minute range
2026-10-08,USDJPY,LONG,velocity_burst,67.2,1791426780000,1791426780780,1791426788206,780,7.4,158.027,157.964,157.964,158.003,6.3,0.21,1.0046,-2.4,1.1129,-3.524,-3.508,-0.381,0.0,2.2,,THESIS_DEAD,THESIS_DEAD,0,0.2,0.2,0.2033,Very fast clean upward momentum - broad move: US dollar rising and yen falling across the board
2026-10-08,USDJPY,LONG,breakout,60.7,1791426819000,1791426820393,1791426998250,1393,177.9,158.02,157.998,158.034,158.043,2.2,0.21,1.0046,2.3,1.1129,1.1978,1.192,1.045,3.9,1.0,0.59,PROTECT_LEVEL,PROFIT_RATCHET,2,-0.9,0.2,0.2135,Very fast clean upward momentum - breaking above its 20-minute range
2026-10-08,EURJPY,LONG,breakout,61.3,1791427574000,1791427574613,1791427858752,613,284.1,177.153,177.108,177.174,177.194,4.5,0.21,1.0046,4.1,1.1129,3.0061,2.992,0.911,4.5,0.5,0.911,PROTECT_LEVEL,SWING_TRAIL,2,0.1,0.2,0.1727,Very fast upward momentum - breaking above its 20-minute range
2026-10-08,USDJPY,LONG,first_retest,65.6,1791427776000,1791427777193,1791427866409,1193,89.2,158.115,158.082,158.143,158.141,3.3,0.21,1.0046,2.6,1.1129,1.4992,1.492,0.788,4.2,1.8,0.619,STOP,SWING_TRAIL,4,0.7,0.1,0.1626,Fast upward momentum - first retest of the high held and price is moving on
2026-10-08,USDJPY,LONG,breakout,60.6,1791428035000,1791428036378,1791428087632,1378,51.3,158.176,158.144,158.191,158.186,3.2,0.21,1.0046,1.0,1.1129,-0.1082,-0.108,0.312,2.8,0.2,0.357,STOP,SWING_TRAIL,2,0.3,0.0,0.1703,Steady upward momentum - breaking above its 20-minute range
2026-10-08,EURJPY,SHORT,first_retest,65.7,1791439627000,1791439627253,1791439661236,253,34.0,176.998,177.037,177.037,177.027,3.9,0.21,1.0046,-2.9,1.1129,-4.0263,-4.008,-0.744,0.1,2.9,-29.0,THESIS_DEAD,THESIS_DEAD,0,0.1,0.5,0.2334,Fast clean downward momentum - first retest of the low held and price is moving on
2026-10-08,EURUSD,SHORT,session_breakout,69.1,1791442817000,1791442818367,1791442858174,1367,39.8,1.11897,1.11909,1.11884,1.11886,1.2,0.13,0.9842,1.1,0.6889,0.3937,0.4,0.917,2.2,0.3,0.5,STOP,SWING_TRAIL,3,0.1,0.1,0.2398,Very fast clean downward momentum - breaking below the Asian session's low
2026-10-08,EURUSD,SHORT,breakout,66.8,1791442880000,1791442881693,1791442887323,1693,5.6,1.11861,1.11877,1.11877,1.11877,1.6,0.13,0.9842,-1.6,0.6889,-2.2636,-2.3,-1.0,0.0,1.4,,THESIS_DEAD,THESIS_DEAD,0,0.3,0.2,0.2313,Fast clean downward momentum - breaking below its 20-minute range
2026-10-08,GBPUSD,SHORT,first_retest,67.6,1791442909000,1791442909461,1791442980547,461,71.1,1.31925,1.31947,1.31939,1.31941,2.2,0.13,0.9842,-1.6,0.6889,-2.2636,-2.3,-0.727,1.7,1.4,-0.941,STOP,PROVING,1,0.4,0.2,0.2439,Very fast downward momentum - first retest of the low held and price is moving on
2026-10-08,EURUSD,SHORT,breakout,67.3,1791442918000,1791442918280,1791442950231,280,32.0,1.11852,1.11867,1.11862,1.11864,1.5,0.13,0.9842,-1.2,0.6889,-1.8699,-1.9,-0.8,0.9,1.0,-1.333,STOP,PROVING,1,0.1,0.1,0.2121,Very fast clean downward momentum - breaking below its 20-minute range
2026-10-08,GBPJPY,SHORT,first_retest,67.9,1791443000000,1791443001043,1791443231645,1043,230.6,208.664,208.739,208.601,208.596,7.5,0.21,1.0046,6.8,1.1129,5.7186,5.692,0.907,8.9,3.4,0.764,PROTECT_LEVEL,SWING_TRAIL,3,-0.0,1.1,0.2141,Very fast ragged downward momentum - first retest of the low held and price is moving on
2026-10-08,GBPUSD,SHORT,session_breakout,61.8,1791443001000,1791443001449,1791443152347,449,150.9,1.31902,1.31943,1.31943,1.3192,4.1,0.13,0.9842,-1.8,0.6889,-2.4604,-2.5,-0.439,0.4,2.8,-4.5,THESIS_DEAD,THESIS_DEAD,0,0.3,0.4,0.2373,Fast ragged downward momentum - breaking below yesterday's low
2026-10-08,EURJPY,SHORT,first_retest,64.1,1791443005000,1791443005868,1791443050852,868,45.0,176.922,177.01,177.01,176.962,8.8,0.21,1.0046,-4.0,1.1129,-5.1313,-5.108,-0.455,0.6,3.9,-6.667,THESIS_DEAD,THESIS_DEAD,0,0.7,1.1,0.2331,Fast ragged downward momentum - first retest of the low held and price is moving on
2026-10-08,EURJPY,SHORT,first_retest,67.2,1791443174000,1791443174830,1791443389323,830,214.5,176.901,176.971,176.943,176.945,7.0,0.21,1.0046,-4.4,1.1129,-5.5332,-5.508,-0.629,4.5,4.2,-0.978,STOP,PROVING,1,0.3,0.9,0.1975,Fast downward momentum - first retest of the low held and price is moving on
2026-10-08,EURUSD,SHORT,first_retest,62.2,1791443178000,1791443178431,1791443354558,431,176.1,1.11837,1.11868,1.11856,1.11859,3.1,0.13,0.9842,-2.2,0.6889,-2.8541,-2.9,-0.71,1.6,2.0,-1.375,STOP,PROVING,1,0.6,0.1,0.1961,Steady downward momentum - first retest of the low held and price is moving on
2026-10-08,GBPUSD,SHORT,session_breakout,65.2,1791443179000,1791443179629,1791443245285,629,65.7,1.31892,1.3191,1.31904,1.31909,1.8,0.13,0.9842,-1.7,0.6889,-2.362,-2.4,-0.944,1.5,1.5,-1.133,STOP,PROVING,1,0.2,0.1,0.2123,Steady downward momentum - breaking below yesterday's low
2026-10-08,EURUSD,SHORT,session_breakout,60.7,1791448464000,1791448464601,1791448573011,601,108.4,1.11887,1.11907,1.11899,1.11907,2.0,0.13,0.9842,-2.0,0.6889,-2.6572,-2.7,-1.0,1.6,1.8,-1.25,STOP,PROVING,2,0.4,0.1,0.1645,Fast clean downward momentum - breaking below the Asian session's low
2026-10-08,EURJPY,SHORT,first_retest,62.2,1791448638000,1791448638528,1791448758364,528,119.8,176.973,177.046,177.046,177.007,7.3,0.21,1.0046,-3.4,1.1129,-4.5286,-4.508,-0.466,1.2,3.3,-2.833,THESIS_DEAD,THESIS_DEAD,0,-0.2,1.1,0.2098,Fast clean downward momentum - first retest of the low held and price is moving on
2026-10-08,EURUSD,SHORT,first_retest,64.1,1791448638000,1791448638528,1791448823625,528,185.1,1.11872,1.11895,1.11886,1.11888,2.3,0.13,0.9842,-1.6,0.6889,-2.2636,-2.3,-0.696,1.1,1.4,-1.455,STOP,PROVING,1,-0.0,0.1,0.2136,Fast downward momentum - first retest of the low held and price is moving on
2026-10-08,GBPJPY,SHORT,sweep,61.5,1791450444000,1791450444318,1791450459785,318,15.5,208.673,208.704,208.704,208.696,3.1,0.21,1.0046,-2.3,1.1129,-3.4235,-3.408,-0.742,0.0,2.3,,THESIS_DEAD,THESIS_DEAD,0,0.2,0.5,0.2054,Fast clean downward momentum - swept the highs and snapped back below
2026-10-08,GBPUSD,SHORT,opening_range,60.0,1791450756000,1791450756252,1791450843840,252,87.6,1.31871,1.31893,1.31885,1.31887,2.2,0.13,0.9842,-1.6,0.6889,-2.2636,-2.3,-0.727,1.7,1.4,-0.941,STOP,PROVING,1,0.3,0.2,0.1661,Steady clean downward momentum - breaking below the London 5-minute opening range
2026-10-08,GBPJPY,SHORT,session_breakout,62.4,1791450761000,1791450761286,1791450870348,286,109.1,208.647,208.692,208.692,208.674,4.5,0.21,1.0046,-2.7,1.1129,-3.8253,-3.808,-0.6,1.4,2.6,-1.929,THESIS_DEAD,THESIS_DEAD,0,0.2,0.6,0.2494,Fast clean downward momentum - breaking below yesterday's low
2026-10-08,EURUSD,SHORT,first_retest,60.4,1791453451000,1791453451429,1791453744100,429,292.7,1.11808,1.11825,1.11825,1.11827,1.7,0.13,0.9842,-1.9,0.6889,-2.5588,-2.6,-1.118,0.7,1.7,-2.714,STOP,INITIAL,0,0.2,0.0,0.1816,Fast downward momentum - first retest of the low held and price is moving on
2026-10-08,GBPUSD,SHORT,breakout,60.6,1791454766000,1791454766254,1791454804664,254,38.4,1.31851,1.31862,1.31862,1.31866,1.1,0.13,0.9842,-1.5,0.6889,-2.1652,-2.2,-1.364,0.4,1.3,-3.75,STOP,INITIAL,0,0.2,0.1,0.1888,Steady clean downward momentum - breaking below its 20-minute range
2026-10-08,EURUSD,SHORT,sweep,62.3,1791454781000,1791454785752,1791454805267,4752,19.5,1.11792,1.11809,1.11809,1.11806,1.7,0.13,0.9842,-1.4,0.6889,-2.0667,-2.1,-0.824,0.3,1.2,-4.667,THESIS_DEAD,THESIS_DEAD,0,0.3,0.1,0.2038,Fast clean downward momentum - swept the highs and snapped back below
2026-10-08,EURUSD,SHORT,sweep,63.6,1791455616000,1791455617105,1791455684410,1105,67.3,1.11782,1.11808,1.11773,1.11777,2.6,0.13,0.9842,0.5,0.6889,-0.1968,-0.2,0.192,2.3,0.6,0.217,STOP,COSTS_COVERED,2,0.3,0.1,0.1936,Very fast downward momentum - swept the highs and snapped back below
2026-10-08,GBPJPY,LONG,breakout,62.7,1791455896000,1791455896407,1791455924597,407,28.2,208.844,208.813,208.857,208.863,3.1,0.21,1.0046,1.9,1.1129,0.7959,0.792,0.613,2.7,0.9,0.704,PROTECT_LEVEL,COSTS_COVERED,2,-0.1,0.7,0.2349,Fast clean upward momentum - breaking above its 20-minute range
2026-10-08,EURUSD,SHORT,breakout,65.9,1791457624000,1791457625691,1791457688381,1691,62.7,1.11742,1.11779,1.11779,1.11759,3.7,0.13,0.9842,-1.7,0.6889,-2.362,-2.4,-0.459,0.0,1.5,,THESIS_DEAD,THESIS_DEAD,0,0.2,0.1,0.1931,Fast clean downward momentum - breaking below its 20-minute range
2026-10-08,EURUSD,SHORT,sweep,74.4,1791459215000,1791459215844,1791459260431,844,44.6,1.11731,1.11762,1.11762,1.11752,3.1,0.13,0.9842,-2.1,0.6889,-2.7557,-2.8,-0.677,0.0,2.1,,THESIS_DEAD,THESIS_DEAD,0,0.4,0.1,0.2128,Very fast clean downward momentum - swept the highs and snapped back below
2026-10-08,EURUSD,SHORT,first_retest,60.3,1791459330000,1791459330519,1791459431263,519,100.7,1.11737,1.11751,1.11748,1.11751,1.4,0.13,0.9842,-1.4,0.6889,-2.0667,-2.1,-1.0,1.6,1.2,-0.875,STOP,THESIS_DEAD,1,-0.0,0.1,0.2063,Steady ragged downward momentum - first retest of the low held and price is moving on
2026-10-08,EURJPY,SHORT,sweep,63.2,1791459361000,1791459364069,1791459515820,3069,151.8,176.83,176.868,176.868,176.832,3.8,0.21,1.0046,-0.2,1.1129,-1.3138,-1.308,-0.053,1.0,1.8,-0.2,THESIS_DEAD,THESIS_DEAD,0,0.6,0.6,0.2399,Fast downward momentum - swept the highs and snapped back below
2026-10-08,GBPUSD,LONG,sweep,71.1,1791461190000,1791461190273,1791461341707,273,151.4,1.32059,1.32022,1.32074,1.32071,3.7,0.13,0.9842,1.2,0.6889,0.4921,0.5,0.324,3.5,0.7,0.343,STOP,SWING_TRAIL,2,0.4,0.4,0.1599,Very fast clean upward momentum - swept the lows and snapped back above
2026-10-08,GBPJPY,LONG,breakout,75.0,1791461200000,1791461200319,1791461351342,319,151.0,209.056,208.974,208.974,209.038,8.2,0.21,1.0046,-1.8,1.1129,-2.9212,-2.908,-0.22,0.3,3.6,-6.0,THESIS_DEAD,THESIS_DEAD,0,0.9,1.1,0.2072,Very fast clean upward momentum - breaking above its 20-minute range
2026-10-08,EURUSD,LONG,opening_range,73.3,1791461202000,1791461202318,1791461621125,318,418.8,1.11866,1.11833,1.11846,1.11843,3.3,0.13,0.9842,-2.3,0.6889,-2.9525,-3.0,-0.697,1.7,2.1,-1.353,STOP,PROVING,1,0.2,0.2,0.1982,Very fast clean upward momentum - breaking above the New York 5-minute opening range
2026-10-08,EURUSD,LONG,breakout,61.9,1791462306000,1791462306380,1791462385207,380,78.8,1.11939,1.11919,1.11948,1.11946,2.0,0.13,0.9842,0.7,0.6889,0.0,0.0,0.35,2.0,0.7,0.35,STOP,SWING_TRAIL,2,0.3,0.1,0.186,Fast clean upward momentum - breaking above its 20-minute range
2026-10-08,EURJPY,LONG,opening_range,61.2,1791462547000,1791462548629,1791462596431,1629,47.8,177.141,177.12,177.12,177.126,2.1,0.21,1.0046,-1.5,1.1129,-2.6198,-2.608,-0.714,0.7,1.6,-2.143,THESIS_DEAD,THESIS_DEAD,0,0.3,0.1,0.1651,Fast upward momentum - breaking above the New York 15-minute opening range
2026-10-08,EURUSD,LONG,sweep,67.7,1791464887000,1791464887253,1791464977288,253,90.0,1.1193,1.11893,1.11893,1.11912,3.7,0.13,0.9842,-1.8,0.6889,-2.4604,-2.5,-0.486,1.2,1.6,-1.5,THESIS_DEAD,THESIS_DEAD,0,0.2,0.1,0.192,Fast clean upward momentum - swept the lows and snapped back above
2026-10-08,GBPUSD,LONG,first_retest,60.7,1791465093000,1791465093272,1791465116380,272,23.1,1.32138,1.32121,1.32121,1.32124,1.7,0.13,0.9842,-1.4,0.6889,-2.0667,-2.1,-0.824,0.6,1.4,-2.333,THESIS_DEAD,THESIS_DEAD,0,0.2,0.2,0.1399,Steady upward momentum - first retest of the high held and price is moving on
2026-10-08,USDCAD,SHORT,opening_range,64.9,1791467163000,1791467163381,1791467258379,381,95.0,1.42493,1.42513,1.42456,1.42456,2.0,0.19,1.0073,3.7,1.0069,2.7203,2.7,1.85,4.7,0.6,0.787,PROTECT_LEVEL,SWING_TRAIL,7,0.6,0.3,0.2258,Fast clean downward momentum - breaking below the New York 30-minute opening range
2026-10-08,AUDUSD,LONG,sweep,67.4,1791467204000,1791467204354,1791467351151,354,146.8,0.6952,0.69508,0.6953,0.69529,1.2,0.13,0.9842,0.9,0.6889,0.1968,0.2,0.75,2.0,0.4,0.45,PROTECT_LEVEL,PROFIT_RATCHET,2,0.0,0.1,0.2382,Fast upward momentum - swept the lows and snapped back above
2026-10-08,EURUSD,LONG,opening_range,60.0,1791467461000,1791467461622,1791467612931,622,151.3,1.12002,1.11973,1.11973,1.11993,2.9,0.13,0.9842,-0.9,0.6889,-1.5747,-1.6,-0.31,0.0,1.6,,THESIS_DEAD,THESIS_DEAD,0,0.1,0.0,0.1652,Fast upward momentum - breaking above the New York 30-minute opening range
2026-10-08,USDCAD,SHORT,first_retest,70.0,1791467518000,1791467518283,1791468027658,283,509.4,1.42421,1.42458,1.42444,1.42446,3.7,0.19,1.0073,-2.5,1.0069,-3.5252,-3.5,-0.676,1.5,2.3,-1.667,STOP,PROVING,1,0.2,0.2,0.1959,Very fast clean downward momentum - first retest of the low held and price is moving on
2026-10-08,EURJPY,LONG,breakout,65.8,1791467601000,1791467601280,1791467651339,280,50.1,177.154,177.13,177.13,177.133,2.4,0.21,1.0046,-2.1,1.1129,-3.2226,-3.208,-0.875,0.5,1.9,-4.2,THESIS_DEAD,THESIS_DEAD,0,0.3,0.7,0.2314,Fast upward momentum - breaking above its 20-minute range
2026-10-08,EURUSD,LONG,opening_range,64.1,1791468475000,1791468475314,1791468499471,314,24.2,1.12008,1.11964,1.11964,1.11989,4.4,0.13,0.9842,-1.9,0.6889,-2.5588,-2.6,-0.432,0.0,1.9,,THESIS_DEAD,THESIS_DEAD,0,0.2,0.1,0.1701,Very fast clean upward momentum - breaking above the New York 30-minute opening range
2026-10-08,GBPJPY,LONG,session_breakout,61.2,1791468611000,1791468611580,1791468682700,580,71.1,209.078,209.033,209.033,209.047,4.5,0.21,1.0046,-3.1,1.1129,-4.2272,-4.208,-0.689,2.0,2.9,-1.55,THESIS_DEAD,THESIS_DEAD,0,0.2,0.5,0.1509,Fast clean upward momentum - breaking above the Asian session's high
2026-10-08,GBPUSD,LONG,breakout,63.8,1791468671000,1791468672234,1791468676257,1234,4.0,1.32229,1.32198,1.32198,1.32207,3.1,0.13,0.9842,-2.2,0.6889,-2.8541,-2.9,-0.71,0.0,2.2,,THESIS_DEAD,THESIS_DEAD,0,0.2,0.1,0.1508,Fast upward momentum - breaking above its 20-minute range
2026-10-08,USDCAD,SHORT,breakout,61.0,1791468786000,1791468788587,1791468946295,2587,157.7,1.42385,1.42424,1.42424,1.42403,3.9,0.19,1.0073,-1.8,1.0069,-2.8201,-2.8,-0.462,0.0,2.1,,THESIS_DEAD,THESIS_DEAD,0,0.3,0.3,0.2286,Fast downward momentum - breaking below its 20-minute range
2026-10-08,USDCAD,SHORT,first_retest,69.2,1791469071000,1791469071895,1791469208487,895,136.6,1.42368,1.42388,1.42351,1.42353,2.0,0.19,1.0073,1.5,1.0069,0.5041,0.5,0.75,3.2,0.4,0.469,STOP,PROFIT_RATCHET,2,-0.0,0.2,0.2064,Fast clean downward momentum - first retest of the low held and price is moving on
2026-10-08,AUDUSD,LONG,breakout,60.2,1791469085000,1791469089974,1791469292038,4974,202.1,0.69605,0.69587,0.69629,0.69625,1.8,0.13,0.9842,2.0,0.6889,1.2794,1.3,1.111,3.2,0.2,0.625,STOP,EXHAUSTION,6,0.3,0.0,0.2311,Fast clean upward momentum - breaking above its 20-minute range
2026-10-08,USDCAD,SHORT,breakout,63.6,1791469269000,1791469270329,1791469431317,1329,161.0,1.42319,1.42355,1.42341,1.42338,3.6,0.19,1.0073,-1.9,1.0069,-2.9208,-2.9,-0.528,2.4,1.8,-0.792,THESIS_DEAD,THESIS_DEAD,1,0.1,0.1,0.2134,Fast clean downward momentum - breaking below its 20-minute range
2026-10-08,EURJPY,LONG,opening_range,60.1,1791469363000,1791469366598,1791469580894,3598,214.3,177.186,177.154,177.276,177.282,3.2,0.21,1.0046,9.6,1.1129,8.5315,8.492,3.0,11.1,1.2,0.865,PROTECT_LEVEL,SWING_TRAIL,6,0.1,0.1,0.1581,Fast clean upward momentum - breaking above the New York 30-minute opening range
2026-10-08,GBPUSD,LONG,session_breakout,61.6,1791469460000,1791469460274,1791469611406,274,151.1,1.32244,1.32216,1.32296,1.32293,2.8,0.13,0.9842,4.9,0.6889,4.1335,4.2,1.75,7.1,0.7,0.69,STOP,PROFIT_RATCHET,9,0.2,0.1,0.1521,Steady upward momentum - breaking above the Asian session's high
2026-10-08,EURUSD,LONG,breakout,60.7,1791469466000,1791469466922,1791469569045,922,102.1,1.12073,1.12036,1.12124,1.12121,3.7,0.13,0.9842,4.8,0.6889,4.0351,4.1,1.297,6.1,0.3,0.787,STOP,SWING_TRAIL,3,0.2,0.0,0.2034,Very fast clean upward momentum - breaking above its 20-minute range
2026-10-08,GBPJPY,LONG,opening_range,65.7,1791469468000,1791469468726,1791469611406,726,142.7,209.139,209.098,209.186,209.181,4.1,0.21,1.0046,4.2,1.1129,3.1065,3.092,1.024,6.2,1.7,0.677,STOP,SWING_TRAIL,6,-0.2,0.5,0.1827,Very fast upward momentum - breaking above the New York 15-minute opening range
2026-10-08,EURUSD,LONG,session_breakout,62.7,1791469719000,1791469719502,1791469986407,502,266.9,1.12156,1.12124,1.12204,1.122,3.2,0.13,0.9842,4.4,0.6889,3.6414,3.7,1.375,6.2,0.5,0.71,STOP,EXHAUSTION,5,0.3,0.1,0.165,Steady clean upward momentum - breaking above the Asian session's high
2026-10-08,GBPUSD,LONG,breakout,60.3,1791469720000,1791469720306,1791469814311,306,94.0,1.32337,1.32314,1.32354,1.32351,2.3,0.13,0.9842,1.4,0.6889,0.6889,0.7,0.609,3.1,1.2,0.452,STOP,PROFIT_RATCHET,4,0.5,0.2,0.1618,Steady clean upward momentum - breaking above its 20-minute range
2026-10-08,AUDUSD,LONG,breakout,60.5,1791469726000,1791469726331,1791469818725,331,92.4,0.69691,0.69672,0.69679,0.69677,1.9,0.13,0.9842,-1.4,0.6889,-2.0667,-2.1,-0.737,1.1,1.2,-1.273,STOP,PROVING,1,0.3,0.1,0.2417,Fast clean upward momentum - breaking above its 20-minute range
2026-10-08,USDCHF,SHORT,opening_range,60.1,1791469740000,1791469740389,1791470112048,389,371.7,0.83265,0.83291,0.8323,0.83232,2.6,0.11,1.0012,3.3,0.5829,2.7212,2.718,1.269,5.4,0.6,0.611,STOP,PROFIT_RATCHET,6,0.3,0.1,0.2238,Steady clean downward momentum - breaking below the New York 30-minute opening range
2026-10-08,GBPJPY,LONG,first_retest,65.6,1791469839000,1791469839426,1791470040270,426,200.8,209.267,209.21,209.305,209.318,5.7,0.21,1.0046,5.1,1.1129,4.0107,3.992,0.895,7.0,3.5,0.729,PROTECT_LEVEL,SWING_TRAIL,3,0.4,0.8,0.1828,Fast upward momentum - first retest of the high held and price is moving on
2026-10-08,EURJPY,LONG,first_retest,63.4,1791469839000,1791469839428,1791470064411,428,225.0,177.336,177.273,177.399,177.408,6.3,0.21,1.0046,7.2,1.1129,6.1204,6.092,1.143,8.0,3.0,0.9,PROTECT_LEVEL,SWING_TRAIL,4,0.5,0.9,0.2217,Fast ragged upward momentum - first retest of the high held and price is moving on
2026-10-08,GBPUSD,LONG,breakout,63.7,1791470031000,1791470032038,1791470109030,1038,77.0,1.32429,1.32383,1.32458,1.32463,4.6,0.13,0.9842,3.4,0.6889,2.6572,2.7,0.739,5.7,1.8,0.596,PROTECT_LEVEL,PROFIT_RATCHET,3,0.1,0.4,0.2027,Very fast upward momentum - breaking above its 20-minute range
2026-10-08,EURUSD,LONG,first_retest,64.7,1791470054000,1791470054951,1791470107827,951,52.9,1.12236,1.12213,1.12252,1.12245,2.3,0.13,0.9842,0.9,0.6889,0.1968,0.2,0.391,3.2,1.1,0.281,STOP,PROFIT_RATCHET,4,0.3,0.1,0.156,Fast clean upward momentum - first retest of the high held and price is moving on
2026-10-08,GBPJPY,LONG,breakout,63.0,1791470067000,1791470067419,1791470116880,419,49.5,209.365,209.319,209.337,209.335,4.6,0.21,1.0046,-3.0,1.1129,-4.1267,-4.108,-0.652,3.3,2.8,-0.909,STOP,PROVING,1,0.4,1.1,0.1987,Fast clean upward momentum - breaking above its 20-minute range
2026-10-08,EURJPY,SHORT,breakout,64.7,1791472751000,1791472751509,1791472789665,509,38.2,177.252,177.272,177.264,177.266,2.0,0.21,1.0046,-1.4,1.1129,-2.5193,-2.508,-0.7,2.1,1.2,-0.667,STOP,PROVING,1,0.1,0.3,0.1856,Very fast downward momentum - breaking below its 20-minute range
2026-10-08,USDCAD,LONG,first_retest,60.0,1791473032000,1791473032726,1791473133306,726,100.6,1.42416,1.42392,1.42392,1.42397,2.4,0.19,1.0073,-1.9,1.0069,-2.9208,-2.9,-0.792,0.1,1.7,-19.0,THESIS_DEAD,THESIS_DEAD,0,0.4,0.3,0.2255,Fast clean upward momentum - first retest of the high held and price is moving on
2026-10-08,EURUSD,SHORT,breakout,66.6,1791474529000,1791474529646,1791474680298,646,150.7,1.11907,1.11952,1.11952,1.11928,4.5,0.13,0.9842,-2.1,0.6889,-2.7557,-2.8,-0.467,0.7,1.9,-3.0,THESIS_DEAD,THESIS_DEAD,0,-0.7,0.1,0.1517,Very fast downward momentum - breaking below its 20-minute range
2026-10-08,USDJPY,LONG,sweep,67.4,1791474748000,1791474748366,1791474758025,366,9.7,158.37,158.353,158.353,158.352,1.7,0.21,1.0046,-1.8,1.1129,-2.9212,-2.908,-1.059,0.0,1.6,,THESIS_DEAD,THESIS_DEAD,0,0.1,0.2,0.2339,Very fast clean upward momentum - swept the lows and snapped back above
2026-10-08,USDCHF,SHORT,breakout,64.9,1791476238000,1791476238371,1791476238371,371,0.0,0.83298,0.83301,0.83301,0.83303,0.3,0.11,1.0012,-0.5,0.5829,-1.0836,-1.082,-1.667,0.0,0.3,,STOP,INITIAL,0,-0.4,0.1,0.2325,Very fast downward momentum - breaking below its 20-minute range
2026-10-08,AUDUSD,LONG,sweep,66.0,1791476249000,1791476249643,1791476289555,643,39.9,0.69563,0.69529,0.69542,0.6954,3.4,0.13,0.9842,-2.3,0.6889,-2.9525,-3.0,-0.676,2.2,2.1,-1.045,STOP,PROVING,1,-0.1,0.1,0.1224,Very fast clean upward momentum - swept the lows and snapped back above
2026-10-08,EURUSD,LONG,sweep,67.2,1791476252000,1791476252250,1791476269900,250,17.6,1.12006,1.11981,1.12015,1.12013,2.5,0.13,0.9842,0.7,0.6889,0.0,0.0,0.28,3.0,1.0,0.233,STOP,SWING_TRAIL,2,-0.3,0.1,0.0992,Very fast clean upward momentum - swept the lows and snapped back above
2026-10-08,GBPJPY,SHORT,sweep,69.0,1791478241000,1791478241367,1791478309438,367,68.1,208.825,208.849,208.84,208.843,2.4,0.21,1.0046,-1.8,1.1129,-2.9212,-2.908,-0.75,1.6,1.6,-1.125,STOP,PROVING,1,-0.0,0.8,0.1978,Very fast clean downward momentum - swept the highs and snapped back below
2026-10-08,EURJPY,SHORT,sweep,60.0,1791478273000,1791478273896,1791478308031,896,34.1,176.93,176.956,176.956,176.952,2.6,0.21,1.0046,-2.2,1.1129,-3.323,-3.308,-0.846,0.0,2.0,,THESIS_DEAD,THESIS_DEAD,0,0.5,0.3,0.1831,Fast clean downward momentum - swept the highs and snapped back below
2026-10-08,USDJPY,SHORT,first_retest,62.6,1791478655000,1791478655369,1791478665810,369,10.4,157.989,158.03,158.03,158.031,4.1,0.21,1.0046,-4.2,1.1129,-5.3323,-5.308,-1.024,0.0,4.0,,THESIS_DEAD,THESIS_DEAD,0,1.1,0.2,0.1885,Fast downward momentum - first retest of the low held and price is moving on
2026-10-08,USDJPY,SHORT,first_retest,67.7,1791478805000,1791478805587,1791478897541,587,92.0,157.984,158.018,157.935,157.931,3.4,0.21,1.0046,5.3,1.1129,4.2116,4.192,1.559,7.4,0.8,0.716,PROTECT_LEVEL,EXHAUSTION,6,0.2,0.1,0.2013,Fast clean downward momentum - first retest of the low held and price is moving on
2026-10-08,GBPJPY,SHORT,first_retest,65.3,1791479077000,1791479077346,1791479676810,346,599.5,208.656,208.729,208.7,208.702,7.3,0.21,1.0046,-4.6,1.1129,-5.7341,-5.708,-0.63,4.9,4.4,-0.939,STOP,PROVING,1,0.7,0.7,0.2312,Fast clean downward momentum - first retest of the low held and price is moving on
2026-10-08,EURJPY,SHORT,session_breakout,64.0,1791479104000,1791479104874,1791479130405,874,25.5,176.782,176.816,176.816,176.809,3.4,0.21,1.0046,-2.7,1.1129,-3.8253,-3.808,-0.794,0.0,2.7,,THESIS_DEAD,THESIS_DEAD,0,0.1,1.1,0.2459,Fast clean downward momentum - breaking below the London session's low
2026-10-08,USDJPY,SHORT,breakout,69.6,1791479110000,1791479110308,1791479236003,308,125.7,157.84,157.874,157.827,157.829,3.4,0.21,1.0046,1.1,1.1129,-0.0078,-0.008,0.324,2.8,2.2,0.393,STOP,COSTS_COVERED,2,1.0,0.2,0.1773,Fast clean downward momentum - breaking below its 20-minute range
2026-10-08,EURUSD,LONG,breakout,61.4,1791479616000,1791479616505,1791479792546,505,176.0,1.12077,1.12047,1.121,1.121,3.0,0.13,0.9842,2.3,0.6889,1.5747,1.6,0.767,4.0,1.5,0.575,PROTECT_LEVEL,SWING_TRAIL,4,0.1,0.1,0.2385,Very fast upward momentum - breaking above its 20-minute range
2026-10-08,USDCAD,SHORT,breakout,60.4,1791479620000,1791479620312,1791479642442,312,22.1,1.42334,1.42357,1.42357,1.42347,2.3,0.19,1.0073,-1.3,1.0069,-2.3164,-2.3,-0.565,0.0,1.4,,THESIS_DEAD,THESIS_DEAD,0,0.2,0.2,0.2369,Fast downward momentum - breaking below its 20-minute range
2026-10-08,GBPUSD,LONG,breakout,72.3,1791479763000,1791479763622,1791479936001,622,172.4,1.32275,1.32241,1.32318,1.32316,3.4,0.13,0.9842,4.1,0.6889,3.3462,3.4,1.206,5.4,2.2,0.759,STOP,EXHAUSTION,5,-0.1,0.2,0.1419,Very fast clean upward momentum - breaking above its 20-minute range
2026-10-08,AUDUSD,LONG,first_retest,71.2,1791479767000,1791479767650,1791479940004,650,172.4,0.69585,0.69558,0.69601,0.69601,2.7,0.13,0.9842,1.6,0.6889,0.8857,0.9,0.593,2.6,1.3,0.615,PROTECT_LEVEL,SWING_TRAIL,2,-0.1,0.1,0.2355,Very fast clean upward momentum - first retest of the high held and price is moving on
2026-10-08,USDCHF,SHORT,session_breakout,67.6,1791479854000,1791479854653,1791479907862,653,53.2,0.83129,0.83155,0.83117,0.83116,2.6,0.11,1.0012,1.3,0.5829,0.7187,0.718,0.5,2.2,0.5,0.591,PROTECT_LEVEL,EXHAUSTION,3,-0.1,0.1,0.2163,Very fast clean downward momentum - breaking below yesterday's low
2026-10-08,USDJPY,SHORT,breakout,67.8,1791479867000,1791479867307,1791479965920,307,98.6,157.749,157.787,157.716,157.722,3.8,0.21,1.0046,2.7,1.1129,1.5996,1.592,0.711,4.5,1.2,0.6,STOP,EXHAUSTION,3,-0.0,0.2,0.184,Very fast clean downward momentum - breaking below its 20-minute range
2026-10-08,USDCHF,SHORT,session_breakout,69.4,1791480412000,1791480412277,1791480638111,277,225.8,0.83091,0.8312,0.83109,0.83115,2.9,0.11,1.0012,-2.4,0.5829,-2.9859,-2.982,-0.828,2.3,2.2,-1.043,STOP,PROVING,1,0.5,0.0,0.1725,Very fast downward momentum - breaking below yesterday's low
2026-10-08,USDJPY,SHORT,breakout,69.3,1791480412000,1791480412282,1791480499262,282,87.0,157.652,157.711,157.566,157.563,5.9,0.21,1.0046,8.9,1.1129,7.8283,7.792,1.508,12.6,1.0,0.706,PROTECT_LEVEL,EXHAUSTION,4,0.7,0.2,0.2308,Very fast clean downward momentum - breaking below its 20-minute range
2026-10-08,USDCAD,SHORT,session_breakout,60.8,1791480474000,1791480474324,1791480589494,324,115.2,1.42205,1.42244,1.42244,1.42216,3.9,0.19,1.0073,-1.1,1.0069,-2.1149,-2.1,-0.282,0.5,1.7,-2.2,THESIS_DEAD,THESIS_DEAD,0,0.1,0.2,0.2273,Fast clean downward momentum - breaking below the London session's low
2026-10-08,EURUSD,LONG,breakout,66.5,1791480474000,1791480474325,1791480541469,325,67.1,1.12196,1.12155,1.12155,1.12162,4.1,0.13,0.9842,-3.4,0.6889,-4.0351,-4.1,-0.829,0.1,3.2,-34.0,THESIS_DEAD,THESIS_DEAD,0,-0.2,0.1,0.1702,Very fast clean upward momentum - breaking above its 20-minute range
2026-10-08,EURJPY,SHORT,sweep,61.6,1791480529000,1791480529613,1791480615806,613,86.2,176.73,176.768,176.753,176.756,3.8,0.21,1.0046,-2.6,1.1129,-3.7249,-3.708,-0.684,1.6,2.4,-1.625,STOP,PROVING,1,-0.3,1.1,0.2293,Fast clean downward momentum - swept the highs and snapped back below
2026-10-08,USDJPY,LONG,breakout,63.6,1791483106000,1791483106512,1791483260041,512,153.5,157.884,157.856,157.897,157.895,2.8,0.21,1.0046,1.1,1.1129,-0.0078,-0.008,0.393,2.7,0.3,0.407,STOP,SWING_TRAIL,2,0.3,0.1,0.1475,Fast clean upward momentum - breaking above its 20-minute range
2026-10-08,USDJPY,SHORT,session_breakout,60.4,1791485308000,1791485309288,1791485356334,1288,47.0,157.841,157.87,157.87,157.872,2.9,0.21,1.0046,-3.1,1.1129,-4.2272,-4.208,-1.069,0.0,2.9,,STOP,INITIAL,0,0.2,0.2,0.1891,Fast clean downward momentum - breaking below yesterday's low
2026-10-08,USDJPY,LONG,breakout,68.8,1791487818000,1791487818479,1791488562046,479,743.6,157.886,157.852,157.865,157.863,3.4,0.21,1.0046,-2.3,1.1129,-3.4235,-3.408,-0.676,1.6,2.1,-1.438,STOP,PROVING,1,0.3,0.2,0.2189,Very fast clean upward momentum - breaking above its 20-minute range
